confirmation_id;deal_ref;trade_dt;product;buy_sell;del_from;del_to;quantity;unit;unit_price;ccy;cpty_code;state
BO905466;D2605829;23/10/2025;PWR_FR;B;01/12/2027;30/11/2028;255,500;MWH;91,9950;EUR;TOTALE;MATCHED
BO904587;D2604880;19/02/2026;PWR_FR;B;01/07/2026;31/07/2026;65,500;MWH;58,3570;EUR;EEX_CL;MATCHED
BO907311;D2607778;10/02/2026;NG_PEG;B;01/12/2027;29/02/2028;463,900;MWH;34,7250;EUR;VITOL;MATCHED
BO906063;D2606459;10/03/2026;NG_PEG;S;01/05/2026;31/05/2026;179,400;MWH;25,9420;EUR;STATKR;MATCHED
BO904238;D2604505;30/12/2025;PWR_FR;B;01/08/2027;31/08/2027;153,700;MWH;72,3580;EUR;TOTALE;MATCHED
BO900709;D2600751;12/08/2025;NG_PEG;S;01/05/2026;31/05/2026;65,500;MWH;25,7570;EUR;EDF_TR;MATCHED
BO907134;D2607591;16/02/2026;NG_PEG;B;01/10/2027;31/10/2027;56,400;MWH;21,4330;EUR;ICE_EN;MATCHED
BO903345;D2603563;16/01/2026;NG_PEG;S;01/10/2027;31/10/2027;379,000;MWH;29,9560;EUR;MERCUR;MATCHED
BO908622;D2601054;29/10/2025;NG_PEG;B;01/01/2026;31/01/2026;149,200;MWH;43,6890;EUR;MERCUR;MATCHED
BO901844; D2601961;26/01/2026;NG_PEG;S;01/07/2026;31/07/2026;172,500;MWH;21,8150;EUR;AXPO;MATCHED
BO907217;D2607677;26/02/2026;PWR_FR;S;01/08/2026;31/10/2026;89,300;MWH;58,8400;EUR;UNIPER;MATCHED
BO903592;D2603818;02/06/2026;PWR_FR;B;01/10/2026;31/10/2026;786,900;MWH;83,3930;EUR;STATKR;MATCHED
BO906530;D2606951;15/08/2025;PWR_FR;B;01/08/2026;31/08/2026;2455,200;MWH;60,0850;EUR;TOTALE;MATCHED
BO908168;D2608695;02/07/2025;PWR_FR;B;01/11/2027;30/11/2027;328,700;MWH;77,3600;EUR;EDF_TR;MATCHED
BO906317;D2606730;03/04/2026;PWR_FR;B;01/11/2026;30/11/2026;99,600;MWH;78,8490;EUR;UNIPER;MATCHED
BO905063;D2605392;05/03/2026;NG_PEG;B;01/12/2026;31/12/2026;173,900;MWH;36,0280;EUR;GUNVOR;MATCHED
BO902917;D2603111;29/01/2026;NG_PEG;S;01/01/2027;31/12/2027;571,700;MWH;44,9560;EUR;ICE_EN;MATCHED
BO907167;D2607625;09/10/2025;PWR_FR;B;01/02/2027;28/02/2027;54,000;MWH;103,6790;EUR;AXPO;MATCHED
BO908795;D2605144;21/05/2026;NG_PEG;S;01/04/2027;30/04/2027;315,800;MWH;37,3080;EUR;TOTALE;MATCHED
BO902935;D2603130;23/07/2025;PWR_FR;S;01/09/2026;30/09/2026;169,000;MWH;69,3710;EUR;TOTALE;MATCHED
BO905869;D2606257;28/10/2025;NG_PEG;B;01/03/2026;28/02/2027;123,700;MWH;29,3190;EUR;STATKR;MATCHED
BO900050;D2600053;25/08/2025;NG_PEG;S;01/08/2026;31/08/2026;374,500;MWH;21,8340;EUR;ICE_EN;MATCHED
BO901329;D2601412;28/11/2025;NG_PEG;S;01/05/2026;30/04/2027;354,300;MWH;25,6200;EUR;MERCUR;MATCHED
BO906295;D2606708;26/06/2026;NG_PEG;B;01/12/2026;31/12/2026;774,900;MWH;40,6320;EUR;STATKR;MATCHED
BO904503;D2604789;12/01/2026;PWR_FR;B;01/07/2027;31/07/2027;734,300;MWH;65,5900;EUR;SHELL_;MATCHED
BO905324;D2605677;13/05/2026;PWR_FR;B;01/11/2026;30/11/2026;22,700;MWH;93,2620;EUR;AXPO;MATCHED
BO901618;D2601723;14/07/2025;PWR_FR;B;01/10/2027;31/12/2027;276,100;MWH;89,4170;EUR;SHELL_;MATCHED
BO905933;D2606322;30/10/2025;NG_PEG;S;01/09/2026;31/08/2027;329,500;MWH;27,8680;EUR;AXPO;MATCHED
BO906621;D2607046;10/09/2025;PWR_FR;S;01/08/2026;31/10/2026;183,200;MWH;51,4860;EUR;TOTALE;MATCHED
BO900934;D2600987;24/06/2026;NG_PEG;S;01/11/2026;31/01/2027;313,900;MWH;30,2780;EUR;UNIPER;MATCHED
BO908745;D2605625;04/08/2025;PWR_FR;S;01/03/2027;29/02/2028;100,600;MWH;86,4590;EUR;RWE;MATCHED
BO905483;D2605848;30/06/2026;PWR_FR;S;01/06/2026;31/08/2026;139,600;MWH;62,3430;EUR;RWE;MATCHED
BO904094;D2604352;09/03/2026;PWR_FR;B;01/03/2027;31/03/2027;380,400;MWH;95,8110;EUR;AXPO;MATCHED
BO906022;D2606416;28/05/2026;NG_PEG;B;01/06/2026;30/06/2026;19,600;MWH;24,4060;EUR;UNIPER;MATCHED
BO906675;D2607106;06/11/2025;NG_PEG;B;01/07/2027;30/09/2027;177,600;MWH;24,3350;EUR;AXPO;MATCHED
BO904316;D2604587;05/02/2026;PWR_FR;B;01/04/2027;30/06/2027;319,700;MWH;71,4590;EUR;TOTALE;MATCHED
BO904409;D2604689;20/05/2026;PWR_FR;S;01/11/2027;30/11/2027;485,500;MWH;83,4330;EUR;VITOL;MATCHED
BO902080;D2602214;11/06/2025;PWR_FR;B;01/02/2026;28/02/2026;319,900;MWH;93,4280;EUR;GUNVOR;MATCHED
BO906126;D2606526;07/07/2025;PWR_FR;B;01/06/2026;30/06/2026;73,500;MWH;66,5940;EUR;STATKR;MATCHED
BO907354;D2607823;06/04/2026;NG_PEG;S;01/03/2027;31/03/2027;25,600;MWH;34,0700;EUR;TOTALE;MATCHED
BO902718;D2602890;01/06/2026;PWR_FR;B;01/06/2027;31/05/2028;105,300;MWH;67,2460;EUR;UNIPER;MATCHED
BO906670;D2607101;20/02/2026;NG_PEG;B;01/10/2026;31/10/2026;325,200;MWH;33,4790;EUR;RWE;MATCHED
BO990051;D9500051;17/11/2025;PWR_FR;B;01/04/2027;30/04/2027;98,100;MWH;74,8160;EUR;UNIPER;MATCHED
BO902763;D2602942;10/11/2025;NG_PEG;S;01/10/2026;31/10/2026;134,700;MWH;31,9800;EUR;RWE;MATCHED
BO908814;D2606952;13/07/2026;PWR_FR;S;01/04/2026;30/04/2026;274,000;MWH;77,5420;EUR;EEX_CL;MATCHED
BO905916;D2606304;02/02/2026;PWR_FR;B;01/12/2026;28/02/2027;652,000;MWH;83,7780;EUR;ICE_EN;MATCHED
BO902290;D2602434;17/10/2025;NG_PEG;S;01/03/2027;31/03/2027;124,900;MWH;40,2860;EUR;SHELL_;MATCHED
BO907755;D2608247;14/04/2026;PWR_FR;B;01/09/2027;30/11/2027;271,600;MWH;68,2680;EUR;SHELL_;MATCHED
BO908355;D2608892;17/11/2025;PWR_FR;B;01/07/2026;31/07/2026;304,900;MWH;55,2730;EUR;SHELL_;MATCHED
BO904356;D2604631;09/09/2025;PWR_FR;S;01/08/2026;31/08/2026;506,100;MWH;59,1510;EUR;EDF_TR;MATCHED
BO905360;D2605715;04/09/2025;NG_PEG;S;01/08/2027;31/07/2028;119,200;MWH;28,0230;EUR;MERCUR;MATCHED
BO903267;D2603484;15/05/2026;PWR_FR;B;01/04/2027;30/04/2027;264,100;MWH;83,9640;EUR;EEX_CL;MATCHED
BO907661;D2608148;18/12/2025;PWR_FR;B;01/12/2027;29/02/2028;361,500;MWH;96,4580;EUR;STATKR;MATCHED
BO907811;D2608307;16/07/2025;NG_PEG;B;01/06/2026;30/06/2026;712,100;MWH;27,1370;EUR;STATKR;MATCHED
BO907164;D2607622;12/09/2025;PWR_FR;S;01/05/2026;31/05/2026;422,400;MWH;70,8770;EUR;ICE_EN;MATCHED
BO907848;D2608349;18/06/2026;PWR_FR;B;01/04/2026;30/04/2026;453,200;MWH;75,7490;EUR;MERCUR;MATCHED
BO901040;D2601105;23/06/2026;PWR_FR;B;01/09/2027;30/09/2027;168,200;MWH;63,7270;EUR;EDF_TR;MATCHED
BO902992;D2603190;19/03/2026;PWR_FR;B;01/06/2026;30/06/2026;351,700;MWH;66,2030;EUR;GUNVOR;MATCHED
BO908506;D2607507;21/05/2026;PWR_FR;S;01/01/2026;31/03/2026;125,300;MWH;100,8300;EUR;EEX_CL;CXL
BO900034;D2600037;07/07/2026;PWR_FR;S;01/02/2027;28/02/2027;61,800;MWH;68,9390;EUR;EDF_TR;MATCHED
BO908405;D2608944;01/04/2026;NG_PEG;S;01/07/2026;31/07/2026;259,100;MWH;28,9080;EUR;RWE;MATCHED
BO902323;D2602468;27/06/2025;PWR_FR;B;01/07/2027;30/09/2027;750,500;MWH;74,5450;EUR;STATKR;MATCHED
BO901823;D2601939;23/02/2026;PWR_FR;B;01/02/2027;28/02/2027;575,300;MWH;80,4370;EUR;UNIPER;MATCHED
BO908922;D2602083;09/04/2026;PWR_FR;S;01/09/2026;30/11/2026;297,600;MWH;73,1570;EUR;EDF_TR;MATCHED
BO904051;D2604308;20/03/2026;PWR_FR;B;01/04/2026;30/04/2026;137,200;MWH;76,7190;EUR;MERCUR;MATCHED
BO990091;D9500091;18/05/2026;PWR_FR;S;01/09/2026;30/09/2026;164,400;MWH;73,9450;EUR;EDF_TR;MATCHED
BO907562;D2608041;21/05/2026;NG_PEG;S;01/12/2026;31/12/2026;68,600;MWH;37,5590;EUR;ICE_EN;MATCHED
BO906122;D2606522;28/04/2026;NG_PEG;S;01/07/2027;30/09/2027;135,500;MWH;21,5400;EUR;GUNVOR;MATCHED
BO906472;D2606892;21/10/2025;PWR_FR;B;01/05/2027;31/05/2027;71,300;MWH;76,5860;EUR;ICE_EN;MATCHED
BO905454;D2605817;02/04/2026;PWR_FR;B;01/01/2026;31/01/2026;124,000;MWH;89,4610;EUR;ICE_EN;MATCHED
BO900000;D2600000;18/07/2025;PWR_FR;B;01/03/2026;31/03/2026;605,200;MWH;92,4590;EUR;STATKR;MATCHED
BO900529;D2600564;27/10/2025;PWR_FR;S;01/06/2027;30/06/2027;30,100;MWH;64,6890;EUR;EDF_TR;MATCHED
BO906449;D2606868;22/08/2025;PWR_FR;S;01/02/2027;30/04/2027;281,000;MWH;85,2300;EUR;GUNVOR;MATCHED
BO901331;D2601414;23/02/2026;NG_PEG;S;01/02/2026;28/02/2026;189,600;MWH;35,8490;EUR;MERCUR;MATCHED
BO902590;D2602756;29/09/2025;PWR_FR;S;01/01/2026;31/01/2026;223,600;MWH;82,7190;EUR;UNIPER;MATCHED
BO905969;D2606363;18/02/2026;NG_PEG;B;01/11/2026;30/11/2026;42,400;MWH;31,9530;EUR;VITOL;MATCHED
BO904106;D2604364;25/06/2026;PWR_FR;B;01/12/2026;31/12/2026;376,600;MWH;101,3810;EUR;VITOL;MATCHED
BO906726;D2607158;24/07/2025;NG_PEG;S;01/12/2026;31/12/2026;550,400;MWH;34,1900;EUR;VITOL;CXL
BO900187;D2600199;10/09/2025;PWR_FR;S;01/07/2026;31/07/2026;1139,000;MWH;60,0720;EUR;SHELL_;MATCHED
BO905857;D2606245;23/12/2025;NG_PEG;B;01/09/2027;30/09/2027;139,000;MWH;32,4390;EUR;MERCUR;MATCHED
BO902857;D2603045;03/03/2026;PWR_FR;S;01/08/2027;31/08/2027;63,400;MWH;60,1220;EUR;STATKR;MATCHED
BO901522;D2601620;13/10/2025;NG_PEG;B;01/06/2027;30/06/2027;211,800;MWH;25,8410;EUR;VITOL;MATCHED
BO908731;D2608170;05/12/2025;NG_PEG;B;01/12/2027;31/12/2027;166,800;MWH;31,1650;EUR;TOTALE;MATCHED
BO907705;D2608194;25/09/2025;PWR_FR;S;01/04/2027;30/04/2027;343,500;MWH;75,4190;EUR;TOTALE;MATCHED
BO907499;D2607972;25/07/2025;NG_PEG;B;01/12/2027;29/02/2028;29,100;MWH;29,2680;EUR;ICE_EN;MATCHED
BO906868;D2607308;22/07/2026;PWR_FR;S;01/08/2026;31/10/2026;319,000;MWH;56,7440;EUR;TOTALE;MATCHED
BO903500;D2603720;13/10/2025;PWR_FR;B;01/12/2027;31/12/2027;167,900;MWH;94,6390;EUR;UNIPER;MATCHED
BO902341;D2602487;21/10/2025;PWR_FR;S;01/03/2026;31/03/2026;648,500;MWH;85,2230;EUR;TOTALE;MATCHED
BO904475;D2604760;17/07/2026;NG_PEG;B;01/08/2026;31/08/2026;611,700;MWH;27,5010;EUR;STATKR;MATCHED
BO900402;D2600425;11/06/2025;NG_PEG;S;01/09/2027;30/09/2027;97,300;MWH;28,9620;EUR;STATKR;MATCHED
BO905843;D2606231;24/04/2026;PWR_FR;B;01/08/2026;31/07/2027;269,900;MWH;58,9740;EUR;STATKR;MATCHED
BO901319;D2601400;20/02/2026;PWR_FR;S;01/06/2027;30/06/2027;159,500;MWH;63,1440;EUR;VITOL;MATCHED
BO905019;D2605347;20/01/2026;PWR_FR;B;01/08/2026;31/10/2026;604,300;MWH;67,1380;EUR;UNIPER;MATCHED
BO900651;D2600692;28/11/2025;PWR_FR;B;01/01/2027;31/12/2027;166,600;MWH;105,2440;EUR;EDF_TR;MATCHED
BO908150;D2608677;21/05/2026;PWR_FR;B;01/09/2027;30/11/2027;627,700;MWH;67,2540;EUR;GUNVOR;MATCHED
BO904671;D2604972;22/06/2026;NG_PEG;B;01/04/2026;30/04/2026;490,500;MWH;27,3250;EUR;GUNVOR;MATCHED
BO900277;D2600293;01/07/2025;NG_PEG;B;01/04/2027;30/04/2027;642,200;MWH;28,9550;EUR;UNIPER;MATCHED
BO908165;D2608692;25/07/2025;PWR_FR;S;01/10/2027;31/12/2027;222,100;MWH;83,1860;EUR;SHELL_;MATCHED
BO907484;D2607957;27/11/2025;NG_PEG;B;01/10/2026;31/10/2026;630,200;MWH;24,2620;EUR;VITOL;MATCHED
BO900799;D2600843;12/08/2025;PWR_FR;S;01/09/2026;30/09/2026;70,600;MWH;84,8930;EUR;EEX_CL;MATCHED
BO906578;D2607002;23/06/2025;NG_PEG;B;01/06/2027;30/06/2027;658,200;MWH;25,6460;EUR;STATKR;MATCHED
BO905074;D2605404;24/07/2025;PWR_FR;B;01/08/2027;31/08/2027;228,000;MWH;64,9710;EUR;UNIPER;MATCHED
BO904641;D2604937;23/07/2026;PWR_FR;B;01/11/2027;31/01/2028;480,400;MWH;69,4840;EUR;STATKR;MATCHED
BO900751;D2600793;17/03/2026;PWR_FR;B;01/03/2027;31/03/2027;393,200;MWH;82,2720;EUR;UNIPER;MATCHED
BO904902;D2605224;03/04/2026;PWR_FR;S;01/06/2027;31/05/2028;128,100;MWH;55,9160;EUR;EEX_CL;MATCHED
BO901338;D2601421;15/10/2025;PWR_FR;S;01/01/2026;31/12/2026;346,600;MWH;80,8660;EUR;VITOL;MATCHED
BO901112;D2601183;21/04/2026;NG_PEG;B;01/03/2026;31/03/2026;189,800;MWH;30,2590;EUR;MERCUR;MATCHED
BO904646;D2604943;25/07/2025;PWR_FR;B;01/05/2026;31/05/2026;166,500;MWH;72,3310;EUR;UNIPER;MATCHED
BO900841;D2600889;16/06/2026;PWR_FR;B;01/01/2026;31/01/2026;974,200;MWH;82,4330;EUR;TOTALE;MATCHED
BO908669;D2607223;01/09/2025;PWR_FR;S;01/05/2027;31/05/2027;156,100;MWH;70,9850;EUR;AXPO;MATCHED
BO907423;D2607896;16/06/2026;PWR_FR;B;01/03/2027;31/03/2027;670,000;MWH;80,4590;EUR;EDF_TR;MATCHED
BO903693;D2603925;29/05/2026;NG_PEG;B;01/03/2027;31/03/2027;66,900;MWH;34,8340;EUR;AXPO;MATCHED
BO903697;D2603929;25/08/2025;PWR_FR;B;01/09/2026;30/09/2026;285,100;MWH;68,9050;EUR;AXPO;MATCHED
BO906917;D2607358;21/11/2025;NG_PEG;B;01/05/2027;31/05/2027;137,300;MWH;29,4790;EUR;EEX_CL;MATCHED
BO902340;D2602486;24/03/2026;NG_PEG;S;01/10/2026;31/10/2026;599,900;MWH;34,0110;EUR;EEX_CL;MATCHED
BO904679;D2604982;19/05/2026;PWR_FR;B;01/06/2027;31/08/2027;1280,100;MWH;51,7810;EUR;EEX_CL;MATCHED
BO902309;D2602453;12/06/2026;PWR_FR;B;01/01/2027;31/01/2027;87,300;MWH;106,9370;EUR;TOTALE;MATCHED
BO907158;D2607616;27/04/2026;NG_PEG;S;01/10/2027;31/12/2027;244,100;MWH;36,6010;EUR;SHELL_;MATCHED
BO904528;D2604817;14/04/2026;PWR_FR;S;01/10/2027;31/10/2027;1605,400;MWH;83,8080;EUR;RWE;MATCHED
BO904088;D2604346;24/03/2026;NG_PEG;S;01/11/2026;30/11/2026;175,900;MWH;31,3990;EUR;UNIPER;MATCHED
BO900991;D2601049;17/04/2026;PWR_FR;S;01/03/2027;31/03/2027;205,200;MWH;85,5150;EUR;ICE_EN;CXL
BO900162;D2600172;28/08/2025;PWR_FR;S;01/05/2026;31/07/2026;76,800;MWH;63,0090;EUR;UNIPER;MATCHED
BO902732;D2602905;14/08/2025;NG_PEG;B;01/07/2027;31/07/2027;560,000;MWH;21,8850;EUR;VITOL;MATCHED
BO901545;D2601644;22/07/2025;NG_PEG;B;01/07/2027;31/07/2027;237,400;MWH;21,9500;EUR;EDF_TR;MATCHED
BO905963;D2606357;26/06/2026;NG_PEG;S;01/08/2027;31/10/2027;231,500;MWH;25,7160;EUR;VITOL;MATCHED
BO903438;D2603656;26/05/2026;PWR_FR;B;01/12/2027;31/12/2027;66,500;MWH;98,9460;EUR;AXPO;MATCHED
BO907584;D2608067;27/03/2026;NG_PEG;B;01/05/2027;31/05/2027;246,000;MWH;29,8280;EUR;ICE_EN;MATCHED
BO907559;D2608037;30/09/2025;PWR_FR;S;01/05/2027;31/05/2027;219,000;MWH;85,5500;EUR;GUNVOR;MATCHED
BO901927;D2602054;20/10/2025;NG_PEG;B;01/02/2026;28/02/2026;83,000;MWH;42,9690;EUR;TOTALE;CXL
BO906420;D2606839;26/09/2025;PWR_FR;B;01/12/2027;31/12/2027;218,400;MWH;98,2350;EUR;UNIPER;MATCHED
BO905206;D2605546;17/12/2025;NG_PEG;S;01/09/2026;30/11/2026;214,900;MWH;27,3360;EUR;GUNVOR;MATCHED
BO907084;D2607537;09/01/2026;PWR_FR;S;01/01/2027;31/03/2027;30,600;MWH;65,2640;EUR;STATKR;MATCHED
BO903251;D2603467;16/06/2026;NG_PEG;S;01/07/2026;31/07/2026;241,400;MWH;27,0510;EUR;VITOL;MATCHED
BO905730;D2606111;03/12/2025;NG_PEG;B;01/08/2027;31/08/2027;94,400;MWH;25,8090;EUR;STATKR;MATCHED
BO901723;D2601831;18/06/2025;PWR_FR;S;01/02/2027;30/04/2027;93,400;MWH;97,7680;EUR;VITOL;MATCHED
BO902388;D2602541;04/09/2025;PWR_FR;S;01/04/2026;30/04/2026;128,300;MWH;77,4570;EUR;GUNVOR;MATCHED
BO900587;D2600626;16/07/2025;NG_PEG;B;01/05/2026;31/05/2026;467,500;MWH;26,0910;EUR;AXPO;MATCHED
BO902491;D2602646;25/05/2026;PWR_FR;B;01/06/2026;30/06/2026;141,800;MWH;63,5920;EUR;GUNVOR;MATCHED
BO903737;D2603971;18/12/2025;PWR_FR;S;01/06/2027;31/08/2027;202,000;MWH;72,1350;EUR;AXPO;MATCHED
BO904291;D2604562;10/12/2025;PWR_FR;B;01/04/2026;30/04/2026;92,600;MWH;84,4220;EUR;SHELL_;MATCHED
BO905816;D2606202;10/06/2025;NG_PEG;S;01/10/2027;31/10/2027;88,300;MWH;29,6950;EUR;EDF_TR;MATCHED
BO901366;D2601450;15/04/2026;PWR_FR;B;01/10/2027;31/10/2027;181,200;MWH;71,1900;EUR;GUNVOR;MATCHED
BO906401;D2606819;02/03/2026;NG_PEG;S;01/07/2027;31/07/2027;100,400;MWH;22,4410;EUR;EDF_TR;MATCHED
BO908495;D2605706;04/02/2026;PWR_FR;B;01/09/2026;30/09/2026;124,600;MWH;63,8550;EUR;AXPO;CXL
BO905230;D2605572;11/08/2025;PWR_FR;S;01/11/2026;30/11/2026;339,800;MWH;87,2130;EUR;UNIPER;MATCHED
BO900520;D2600554;09/09/2025;NG_PEG;S;01/07/2027;30/09/2027;438,900;MWH;20,0350;EUR;EEX_CL;MATCHED
BO904805;D2605121;13/03/2026;PWR_FR;B;01/03/2026;31/03/2026;263,100;MWH;80,9690;EUR;STATKR;MATCHED
BO906793;D2607227;26/02/2026;NG_PEG;B;01/09/2026;30/09/2026;589,800;MWH;27,5020;EUR;UNIPER;MATCHED
BO905154;D2605489;05/09/2025;PWR_FR;S;01/06/2027;30/06/2027;63,800;MWH;58,2740;EUR;VITOL;MATCHED
BO904619;D2604914;24/12/2025;NG_PEG;B;01/11/2026;31/10/2027;144,100;MWH;34,9210;EUR;MERCUR;MATCHED
BO906355;D2606770;16/10/2025;PWR_FR;B;01/10/2027;31/12/2027;406,900;MWH;88,8820;EUR;UNIPER;MATCHED
BO900649;D2600690;22/10/2025;NG_PEG;B;01/04/2027;30/04/2027;241,800;MWH;31,0210;EUR;AXPO;MATCHED
BO905125;D2605458;13/07/2026;PWR_FR;S;01/08/2026;31/10/2026;481,300;MWH;67,6590;EUR;UNIPER;MATCHED
BO905464;D2605827;22/12/2025;NG_PEG;B;01/01/2027;31/01/2027;165,300;MWH;38,2990;EUR;MERCUR;MATCHED
BO908994;D2605997;19/03/2026;PWR_FR;B;01/09/2027;30/11/2027;69,700;MWH;84,1670;EUR;RWE;MATCHED
BO902468; D2602622;13/01/2026;PWR_FR;B;01/12/2026;31/12/2026;584,600;MWH;104,6850;EUR;VITOL;MATCHED
BO908734;D2607413;14/01/2026;NG_PEG;B;01/08/2027;31/08/2027;538,100;MWH;24,5970;EUR;STATKR;MATCHED
BO902136;D2602270;13/10/2025;PWR_FR;B;01/11/2027;30/11/2027;1081,000;MWH;100,1620;EUR;RWE;MATCHED
BO908965;D2603828;27/10/2025;PWR_FR;S;01/06/2027;30/06/2027;710,800;MWH;71,0740;EUR;SHELL_;CXL
BO901696;D2601804;19/09/2025;PWR_FR;S;01/06/2027;30/06/2027;169,800;MWH;59,4420;EUR;STATKR;MATCHED
BO904400;D2604680;20/08/2025;NG_PEG;S;01/08/2027;31/10/2027;937,200;MWH;25,3270;EUR;TOTALE;MATCHED
BO908452;D2608992;16/12/2025;NG_PEG;B;01/01/2027;31/01/2027;90,100;MWH;38,5430;EUR;MERCUR;MATCHED
BO900861;D2600911;08/08/2025;PWR_FR;B;01/12/2026;28/02/2027;396,900;MWH;89,7030;EUR;EDF_TR;MATCHED
BO902858;D2603046;03/06/2026;PWR_FR;B;01/08/2026;31/08/2026;150,100;MWH;63,8350;EUR;ICE_EN;MATCHED
BO908954;D2602040;15/12/2025;NG_PEG;B;01/04/2027;30/04/2027;53,900;MWH;34,2730;EUR;ICE_EN;MATCHED
BO903681;D2603912;19/12/2025;NG_PEG;B;01/05/2026;31/07/2026;34,700;MWH;27,4860;EUR;ICE_EN;MATCHED
BO906656;D2607085;12/03/2026;PWR_FR;B;01/06/2027;30/06/2027;1101,500;MWH;55,6420;EUR;AXPO;MATCHED
BO901011;D2601071;22/04/2026;PWR_FR;B;01/11/2026;30/11/2026;145,800;MWH;68,5980;EUR;RWE;MATCHED
BO903513;D2603733;24/07/2025;NG_PEG;S;01/05/2026;31/05/2026;275,700;MWH;28,6650;EUR;EEX_CL;CXL
BO906715;D2607147;23/06/2025;PWR_FR;B;01/04/2027;30/06/2027;652,400;MWH;75,2190;EUR;GUNVOR;MATCHED
BO902245;D2602384;07/07/2025;PWR_FR;S;01/03/2026;31/03/2026;301,200;MWH;82,4470;EUR;SHELL_;MATCHED
BO904361;D2604636;16/07/2025;PWR_FR;S;01/01/2027;31/01/2027;228,700;MWH;90,9840;EUR;EEX_CL;MATCHED
BO905471;D2605834;08/07/2025;PWR_FR;B;01/03/2027;31/05/2027;1704,500;MWH;83,0730;EUR;VITOL;MATCHED
BO901022;D2601085;03/12/2025;NG_PEG;S;01/11/2026;30/11/2026;800,300;MWH;31,2900;EUR;UNIPER;MATCHED
BO906836;D2607275;17/11/2025;PWR_FR;B;01/12/2027;31/12/2027;818,500;MWH;81,4820;EUR;EDF_TR;MATCHED
BO904690;D2604997;24/07/2025;NG_PEG;B;01/02/2026;28/02/2026;147,400;MWH;37,1930;EUR;SHELL_;MATCHED
BO908604;D2600246;17/04/2026;NG_PEG;S;01/11/2026;30/11/2026;616,000;MWH;32,9960;EUR;EDF_TR;MATCHED
BO905389;D2605747;27/03/2026;PWR_FR;S;01/08/2026;31/10/2026;613,400;MWH;68,0460;EUR;STATKR;MATCHED
BO902524;D2602685;20/07/2026;NG_PEG;B;01/07/2027;31/07/2027;215,300;MWH;21,6000;EUR;MERCUR;MATCHED
BO900636;D2600676;18/06/2025;PWR_FR;B;01/09/2027;30/09/2027;505,400;MWH;76,5120;EUR;EEX_CL;MATCHED
BO902305;D2602449;15/07/2026;NG_PEG;S;01/08/2026;31/08/2026;117,700;MWH;22,2240;EUR;STATKR;MATCHED
BO904353;D2604628;04/07/2025;PWR_FR;S;01/10/2026;31/10/2026;574,900;MWH;71,8370;EUR;SHELL_;CXL
BO906907;D2607348;21/05/2026;PWR_FR;B;01/12/2027;31/12/2027;307,000;MWH;94,2020;EUR;MERCUR;MATCHED
BO902087;D2602221;25/12/2025;PWR_FR;B;01/09/2027;30/09/2027;312,300;MWH;75,1140;EUR;STATKR;MATCHED
BO907589;D2608072;02/06/2026;NG_PEG;B;01/08/2026;31/08/2026;567,000;MWH;26,6860;EUR;MERCUR;MATCHED
BO907321;D2607789;07/04/2026;PWR_FR;B;01/09/2027;30/09/2027;316,900;MWH;73,8130;EUR;VITOL;MATCHED
BO902281;D2602423;11/12/2025;NG_PEG;B;01/01/2027;31/01/2027;105,900;MWH;36,8050;EUR;RWE;MATCHED
BO908751;D2604976;02/07/2025;PWR_FR;B;01/03/2027;31/03/2027;231,800;MWH;78,0170;EUR;UNIPER;MATCHED
BO907970;D2608483;11/09/2025;NG_PEG;S;01/01/2026;31/01/2026;299,200;MWH;37,0320;EUR;AXPO;CXL
BO907297;D2607764;30/04/2026;PWR_FR;B;01/08/2027;31/08/2027;232,800;MWH;62,3130;EUR;STATKR;MATCHED
BO907348;D2607817;20/05/2026;NG_PEG;S;01/07/2026;31/07/2026;430,200;MWH;22,4670;EUR;UNIPER;MATCHED
BO901442;D2601534;09/06/2025;PWR_FR;B;01/08/2027;31/07/2028;174,500;MWH;63,7550;EUR;MERCUR;MATCHED
BO906599;D2607024;28/08/2025;NG_PEG;B;01/01/2027;31/01/2027;172,600;MWH;33,9700;EUR;SHELL_;MATCHED
BO904334;D2604607;24/06/2025;PWR_FR;B;01/03/2027;31/03/2027;134,600;MWH;98,7790;EUR;UNIPER;MATCHED
BO902561;D2602723;02/10/2025;NG_PEG;S;01/01/2026;31/03/2026;122,500;MWH;36,3090;EUR;SHELL_;MATCHED
BO900562;D2600599;20/06/2025;PWR_FR;S;01/08/2026;31/08/2026;228,000;MWH;73,3400;EUR;SHELL_;MATCHED
BO902733;D2602906;25/07/2025;NG_PEG;S;01/11/2027;30/11/2027;361,700;MWH;37,4730;EUR;UNIPER;MATCHED
BO904452;D2604736;03/12/2025;PWR_FR;B;01/09/2026;30/09/2026;440,400;MWH;57,1560;EUR;SHELL_;MATCHED
BO907825;D2608323;11/08/2025;PWR_FR;B;01/01/2027;31/01/2027;98,400;MWH;95,5770;EUR;STATKR;MATCHED
BO903850;D2604093;25/06/2025;NG_PEG;B;01/11/2026;30/11/2026;31,100;MWH;37,2590;EUR;GUNVOR;MATCHED
BO901359;D2601443;01/04/2026;PWR_FR;B;01/12/2026;30/11/2027;1680,500;MWH;86,3250;EUR;EEX_CL;MATCHED
BO908556;D2603177;04/08/2025;PWR_FR;S;01/02/2027;30/04/2027;208,700;MWH;111,0920;EUR;GUNVOR;MATCHED
BO905070;D2605400;25/03/2026;NG_PEG;B;01/05/2026;31/07/2026;380,300;MWH;33,0620;EUR;EEX_CL;MATCHED
BO904852;D2605172;03/02/2026;NG_PEG;B;01/10/2026;31/10/2026;419,800;MWH;28,9030;EUR;SHELL_;MATCHED
BO907434;D2607907;08/01/2026;PWR_FR;B;01/01/2026;31/01/2026;240,300;MWH;83,2670;EUR;TOTALE;CXL
BO902419;D2602573;02/01/2026;PWR_FR;B;01/03/2027;31/03/2027;150,900;MWH;95,3600;EUR;STATKR;MATCHED
BO905989;D2606383;12/03/2026;PWR_FR;S;01/06/2027;31/08/2027;620,700;MWH;72,7010;EUR;EDF_TR;MATCHED
BO902626;D2602792;26/06/2026;NG_PEG;B;01/01/2026;31/01/2026;198,300;MWH;29,6300;EUR;RWE;MATCHED
BO907174;D2607632;16/01/2026;PWR_FR;B;01/12/2027;29/02/2028;136,800;MWH;61,9780;EUR;VITOL;MATCHED
BO908016;D2608535;14/07/2026;PWR_FR;S;01/07/2027;31/07/2027;1118,900;MWH;71,1900;EUR;SHELL_;MATCHED
BO903459;D2603677;17/06/2026;PWR_FR;B;01/12/2027;31/12/2027;202,700;MWH;100,6880;EUR;VITOL;MATCHED
BO907094;D2607548;24/02/2026;NG_PEG;B;01/09/2026;30/09/2026;200,500;MWH;25,2370;EUR;AXPO;MATCHED
BO905750;D2606131;17/12/2025;NG_PEG;S;01/02/2027;28/02/2027;309,200;MWH;37,6300;EUR;RWE;MATCHED
BO906434;D2606853;11/02/2026;PWR_FR;B;01/05/2027;31/05/2027;234,700;MWH;71,9990;EUR;AXPO;MATCHED
BO908000;D2608517;27/05/2026;PWR_FR;S;01/03/2027;31/03/2027;159,000;MWH;81,3260;EUR;STATKR;MATCHED
BO900820;D2600867;15/12/2025;PWR_FR;B;01/07/2027;30/09/2027;65,300;MWH;50,8610;EUR;UNIPER;MATCHED
BO900720;D2600762;22/10/2025;NG_PEG;S;01/08/2026;31/08/2026;412,500;MWH;22,5190;EUR;MERCUR;MATCHED
BO904365;D2604640;09/12/2025;PWR_FR;S;01/10/2027;31/12/2027;78,200;MWH;75,0350;EUR;GUNVOR;MATCHED
BO903101;D2603307;30/10/2025;PWR_FR;S;01/12/2026;31/12/2026;348,200;MWH;85,9620;EUR;RWE;MATCHED
BO901405;D2601494;16/03/2026;PWR_FR;S;01/08/2026;31/07/2027;364,600;MWH;64,1610;EUR;RWE;MATCHED
BO907864;D2608369;23/03/2026;NG_PEG;S;01/09/2027;30/11/2027;78,700;MWH;29,8420;EUR;RWE;MATCHED
BO905128;D2605462;23/07/2025;PWR_FR;B;01/05/2027;30/04/2028;138,800;MWH;59,6460;EUR;GUNVOR;MATCHED
BO903921;D2604166;14/10/2025;NG_PEG;B;01/05/2027;31/07/2027;81,400;MWH;28,7630;EUR;VITOL;MATCHED
BO906681;D2607113;17/06/2026;PWR_FR;B;01/03/2027;29/02/2028;136,200;MWH;96,5580;EUR;EDF_TR;MATCHED
BO907235;D2607697;04/06/2025;NG_PEG;B;01/12/2026;31/12/2026;365,100;MWH;37,1410;EUR;AXPO;MATCHED
BO900214;D2600227;12/06/2026;PWR_FR;S;01/12/2026;31/12/2026;166,100;MWH;87,0510;EUR;TOTALE;MATCHED
BO907448;D2607921;22/05/2026;NG_PEG;S;01/06/2027;30/06/2027;395,600;MWH;26,8250;EUR;MERCUR;MATCHED
BO906537;D2606959;26/06/2025;NG_PEG;B;01/10/2026;31/10/2026;357,700;MWH;27,8300;EUR;AXPO;MATCHED
BO902420;D2602574;02/07/2025;NG_PEG;B;01/01/2026;31/01/2026;589,100;MWH;34,6640;EUR;VITOL;MATCHED
BO905108;D2605440;23/02/2026;PWR_FR;B;01/02/2026;28/02/2026;90,100;MWH;97,1280;EUR;UNIPER;MATCHED
BO905378;D2605735;10/02/2026;PWR_FR;B;01/04/2026;30/04/2026;379,100;MWH;61,4860;EUR;UNIPER;MATCHED
BO908066;D2608586;04/02/2026;PWR_FR;S;01/01/2026;31/12/2026;262,300;MWH;104,9650;EUR;STATKR;MATCHED
BO906038;D2606433;20/05/2026;PWR_FR;S;01/10/2026;31/12/2026;224,400;MWH;79,7410;EUR;MERCUR;MATCHED
BO906482;D2606902;18/06/2025;PWR_FR;B;01/07/2027;31/07/2027;381,300;MWH;65,8820;EUR;TOTALE;MATCHED
BO901819; D2601935;19/09/2025;PWR_FR;B;01/04/2026;30/04/2026;343,500;MWH;62,6570;EUR;MERCUR;MATCHED
BO903856;D2604099;13/08/2025;NG_PEG;S;01/12/2027;31/12/2027;169,100;MWH;43,8800;EUR;MERCUR;MATCHED
BO900734;D2600776;20/08/2025;PWR_FR;B;01/08/2027;31/08/2027;90,700;MWH;53,1120;EUR;RWE;MATCHED
BO904484;D2604770;19/11/2025;PWR_FR;B;01/10/2027;31/10/2027;67,800;MWH;74,5220;EUR;TOTALE;MATCHED
BO908184;D2608711;08/07/2026;PWR_FR;S;01/12/2026;31/12/2026;34,000;MWH;86,0420;EUR;MERCUR;MATCHED
BO904283;D2604553;25/08/2025;PWR_FR;B;01/05/2026;31/05/2026;220,700;MWH;64,7450;EUR;VITOL;MATCHED
BO902803;D2602988;21/01/2026;NG_PEG;B;01/06/2027;30/06/2027;343,100;MWH;25,2480;EUR;SHELL_;MATCHED
BO905738;D2606119;16/12/2025;NG_PEG;B;01/08/2026;31/08/2026;259,300;MWH;23,3780;EUR;RWE;MATCHED
BO902421;D2602575;03/06/2026;PWR_FR;B;01/10/2027;31/10/2027;127,700;MWH;80,0960;EUR;STATKR;MATCHED
BO905545;D2605913;20/04/2026;PWR_FR;S;01/05/2027;31/05/2027;228,900;MWH;66,0440;EUR;UNIPER;MATCHED
BO902919;D2603113;20/01/2026;PWR_FR;B;01/06/2027;30/06/2027;1116,400;MWH;58,8520;EUR;ICE_EN;MATCHED
BO900290;D2600307;23/06/2025;NG_PEG;S;01/11/2026;31/01/2027;126,100;MWH;36,4370;EUR;AXPO;MATCHED
BO904581;D2604874;25/06/2026;NG_PEG;B;01/04/2026;30/04/2026;329,300;MWH;29,3230;EUR;AXPO;MATCHED
BO902107;D2602241;09/04/2026;PWR_FR;S;01/08/2027;31/08/2027;588,400;MWH;78,2260;EUR;ICE_EN;MATCHED
BO903088;D2603294;13/10/2025;NG_PEG;B;01/12/2027;30/11/2028;39,500;MWH;37,0830;EUR;GUNVOR;MATCHED
BO904650;D2604947;27/10/2025;PWR_FR;B;01/07/2026;31/07/2026;82,300;MWH;60,8410;EUR;AXPO;MATCHED
BO902937;D2603132;05/01/2026;PWR_FR;B;01/07/2026;31/07/2026;108,800;MWH;57,4990;EUR;GUNVOR;MATCHED
BO900506;D2600540;24/07/2025;PWR_FR;S;01/12/2026;31/12/2026;297,800;MWH;89,8730;EUR;EDF_TR;MATCHED
BO900638;D2600678;11/07/2025;NG_PEG;B;01/12/2027;31/12/2027;426,300;MWH;36,8940;EUR;STATKR;MATCHED
BO907739;D2608229;27/03/2026;NG_PEG;B;01/09/2027;30/09/2027;157,700;MWH;28,4140;EUR;EEX_CL;MATCHED
BO908278;D2608812;05/02/2026;NG_PEG;S;01/11/2027;30/11/2027;306,800;MWH;32,1420;EUR;AXPO;MATCHED
BO901945;D2602072;10/04/2026;NG_PEG;S;01/07/2026;30/09/2026;496,200;MWH;21,3620;EUR;EDF_TR;MATCHED
BO905304;D2605657;07/04/2026;PWR_FR;S;01/02/2026;28/02/2026;211,200;MWH;104,0790;EUR;MERCUR;MATCHED
BO900409;D2600432;05/06/2026;PWR_FR;B;01/10/2026;31/10/2026;59,100;MWH;76,6600;EUR;GUNVOR;MATCHED
BO901985;D2602113;01/04/2026;PWR_FR;B;01/04/2027;30/04/2027;43,300;MWH;66,9260;EUR;MERCUR;MATCHED
BO908282;D2608816;17/02/2026;NG_PEG;B;01/12/2027;31/12/2027;1599,100;MWH;38,4460;EUR;MERCUR;MATCHED
BO902433;D2602587;11/06/2025;PWR_FR;B;01/02/2027;28/02/2027;372,300;MWH;69,0790;EUR;MERCUR;MATCHED
BO907184;D2607642;22/08/2025;PWR_FR;B;01/06/2026;30/06/2026;304,800;MWH;66,7713;EUR;MERCUR;MATCHED
BO905396;D2605755;24/07/2026;PWR_FR;B;01/10/2027;31/10/2027;131,900;MWH;86,0170;EUR;STATKR;MATCHED
BO903414;D2603632;09/01/2026;PWR_FR;B;01/02/2026;28/02/2026;251,200;MWH;82,5500;EUR;EEX_CL;MATCHED
BO907942;D2608455;02/04/2026;NG_PEG;S;01/11/2026;30/11/2026;293,400;MWH;27,8500;EUR;RWE;MATCHED
BO901458;D2601550;17/07/2026;PWR_FR;S;01/08/2026;31/10/2026;221,700;MWH;56,0980;EUR;GUNVOR;MATCHED
BO908239;D2608770;23/01/2026;PWR_FR;B;01/03/2026;28/02/2027;226,200;MWH;70,3390;EUR;UNIPER;MATCHED
BO908723;D2608326;29/06/2026;PWR_FR;B;01/08/2027;31/10/2027;266,800;MWH;62,5120;EUR;EDF_TR;MATCHED
BO905422;D2605781;07/10/2025;NG_PEG;B;01/08/2026;31/10/2026;564,600;MWH;30,5120;EUR;UNIPER;MATCHED
BO907397;D2607869;04/09/2025;NG_PEG;B;01/02/2026;28/02/2026;177,900;MWH;41,3530;EUR;ICE_EN;MATCHED
BO903635;D2603864;26/09/2025;NG_PEG;B;01/09/2026;30/09/2026;416,600;MWH;36,1220;EUR;EDF_TR;MATCHED
BO905232;D2605575;12/12/2025;NG_PEG;B;01/10/2027;31/10/2027;502,200;MWH;28,5240;EUR;EEX_CL;MATCHED
BO903568;D2603792;20/10/2025;PWR_FR;B;01/11/2027;31/10/2028;85,900;MWH;90,6130;EUR;EEX_CL;MATCHED
BO904155;D2604417;31/07/2025;PWR_FR;S;01/09/2027;30/11/2027;108,900;MWH;73,6300;EUR;STATKR;MATCHED
BO907406;D2607879;12/11/2025;PWR_FR;S;01/01/2027;31/03/2027;992,200;MWH;96,4400;EUR;EDF_TR;MATCHED
BO902940;D2603135;21/08/2025;PWR_FR;B;01/07/2026;31/07/2026;270,900;MWH;63,9120;EUR;UNIPER;MATCHED
BO903795;D2604035;26/08/2025;PWR_FR;B;01/01/2026;31/01/2026;119,700;MWH;95,0030;EUR;VITOL;MATCHED
BO908518;D2601407;09/01/2026;NG_PEG;S;01/07/2026;30/09/2026;639,300;MWH;25,0300;EUR;UNIPER;MATCHED
BO904341;D2604615;07/07/2026;NG_PEG;B;01/03/2026;31/03/2026;457,600;MWH;36,5960;EUR;UNIPER;MATCHED
BO902257;D2602396;16/03/2026;PWR_FR;S;01/11/2026;30/11/2026;738,600;MWH;84,0920;EUR;EEX_CL;MATCHED
BO900296;D2600315;04/09/2025;PWR_FR;S;01/06/2027;31/08/2027;696,900;MWH;53,3310;EUR;ICE_EN;MATCHED
BO907753;D2608245;09/07/2025;PWR_FR;B;01/09/2027;30/09/2027;166,700;MWH;67,3330;EUR;UNIPER;MATCHED
BO906924;D2607367;11/03/2026;PWR_FR;B;01/03/2027;31/05/2027;267,100;MWH;90,8210;EUR;TOTALE;MATCHED
BO902448;D2602602;17/02/2026;PWR_FR;S;01/01/2026;31/01/2026;148,000;MWH;102,8290;EUR;RWE;MATCHED
BO900586;D2600625;22/07/2026;PWR_FR;S;01/08/2027;31/08/2027;438,400;MWH;60,2310;EUR;EEX_CL;MATCHED
BO907253;D2607716;29/07/2025;PWR_FR;S;01/01/2026;31/01/2026;219,700;MWH;95,5880;EUR;GUNVOR;MATCHED
BO902842;D2603030;22/05/2026;PWR_FR;S;01/06/2027;30/06/2027;166,900;MWH;56,8510;EUR;UNIPER;MATCHED
BO907130;D2607587;28/07/2025;NG_PEG;B;01/12/2026;31/12/2026;399,800;MWH;36,1660;EUR;GUNVOR;MATCHED
BO905192;D02605532;28/10/2025;NG_PEG;B;01/01/2027;31/01/2027;124,600;MWH;31,6330;EUR;GUNVOR;MATCHED
BO908895;D2601316;26/06/2026;NG_PEG;S;01/04/2026;30/04/2026;1148,400;MWH;28,5020;EUR;RWE;MATCHED
BO900053;D2600056;15/05/2026;PWR_FR;S;01/08/2026;31/08/2026;1100,400;MWH;59,1820;EUR;SHELL_;MATCHED
BO903563;D2603785;28/04/2026;NG_PEG;B;01/10/2026;31/10/2026;244,300;MWH;35,7590;EUR;EDF_TR;MATCHED
BO904687;D2604993;13/11/2025;NG_PEG;B;01/12/2027;31/12/2027;207,000;MWH;36,1900;EUR;RWE;MATCHED
BO903663;D2603893;11/09/2025;PWR_FR;S;01/10/2026;31/10/2026;337,300;MWH;77,4970;EUR;SHELL_;MATCHED
BO905763;D2606145;11/02/2026;NG_PEG;B;01/10/2026;31/10/2026;32,700;MWH;26,1680;EUR;RWE;MATCHED
BO903882;D2604126;29/05/2026;PWR_FR;B;01/07/2026;31/07/2026;161,100;MWH;62,8820;EUR;EDF_TR;MATCHED
BO907802;D2608298;01/05/2026;NG_PEG;B;01/12/2026;31/12/2026;897,900;MWH;40,1870;EUR;TOTALE;MATCHED
BO903327;D2603545;27/10/2025;PWR_FR;B;01/11/2026;30/11/2026;147,600;MWH;71,9930;EUR;AXPO;MATCHED
BO900005;D2600005;24/04/2026;PWR_FR;B;01/02/2027;28/02/2027;106,500;MWH;78,5490;EUR;MERCUR;MATCHED
BO903495;D2603715;26/08/2025;PWR_FR;S;01/08/2026;31/08/2026;207,600;MWH;70,0470;EUR;GUNVOR;MATCHED
BO907056;D2607505;14/10/2025;PWR_FR;B;01/02/2026;28/02/2026;715,900;MWH;97,0260;EUR;TOTALE;MATCHED
BO903235;D2603450;16/06/2026;PWR_FR;S;01/09/2027;30/09/2027;341,700;MWH;72,3490;EUR;SHELL_;MATCHED
BO901995;D2602124;25/06/2026;NG_PEG;S;01/02/2027;28/02/2027;155,000;MWH;41,0370;EUR;GUNVOR;MATCHED
BO905762;D2606143;07/01/2026;PWR_FR;B;01/11/2027;30/11/2027;581,800;MWH;94,0190;EUR;TOTALE;MATCHED
BO907157;D2607614;25/08/2025;NG_PEG;B;01/04/2027;30/04/2027;119,400;MWH;28,7300;EUR;VITOL;MATCHED
BO907062;D2607513;11/05/2026;NG_PEG;B;01/06/2026;30/06/2026;294,600;MWH;23,8570;EUR;MERCUR;MATCHED
BO905667;D2606045;04/05/2026;PWR_FR;B;01/03/2026;31/05/2026;63,700;MWH;91,2320;EUR;EDF_TR;MATCHED
BO903610;D2603837;17/02/2026;PWR_FR;S;01/06/2026;30/06/2026;254,600;MWH;59,6290;EUR;MERCUR;MATCHED
BO900899;D2600950;10/11/2025;NG_PEG;B;01/06/2027;30/06/2027;92,200;MWH;23,9630;EUR;UNIPER;MATCHED
BO907059;D2607510;21/08/2025;NG_PEG;S;01/03/2027;31/03/2027;768,100;MWH;34,9670;EUR;UNIPER;MATCHED
BO900862;D2600912;03/10/2025;PWR_FR;B;01/12/2027;29/02/2028;928,900;MWH;86,2080;EUR;TOTALE;MATCHED
BO905078;D2605408;08/06/2026;PWR_FR;B;01/07/2027;31/07/2027;494,200;MWH;43,2290;EUR;RWE;MATCHED
BO902195;D2602333;24/03/2026;NG_PEG;B;01/04/2027;30/04/2027;724,100;MWH;28,4980;EUR;SHELL_;MATCHED
BO905152;D2605487;07/10/2025;NG_PEG;S;01/01/2027;31/01/2027;56,800;MWH;39,8490;EUR;VITOL;MATCHED
BO908372;D2608910;01/01/2026;PWR_FR;B;01/01/2027;31/01/2027;200,500;MWH;100,3360;EUR;MERCUR;MATCHED
BO908732;D2608886;19/08/2025;NG_PEG;B;01/08/2026;31/08/2026;242,700;MWH;30,1730;EUR;UNIPER;MATCHED
BO908237;D2608768;11/03/2026;NG_PEG;B;01/05/2027;31/07/2027;868,400;MWH;30,7700;EUR;RWE;MATCHED
BO905456;D2605819;25/09/2025;PWR_FR;B;01/11/2026;30/11/2026;278,700;MWH;91,0030;EUR;AXPO;MATCHED
BO904849;D2605169;08/01/2026;NG_PEG;B;01/07/2027;30/09/2027;384,800;MWH;24,5230;EUR;STATKR;MATCHED
BO908323;D2608859;08/12/2025;PWR_FR;B;01/08/2027;31/08/2027;314,000;MWH;56,0010;EUR;UNIPER;MATCHED
BO900907;D2600958;17/12/2025;PWR_FR;B;01/07/2026;31/07/2026;102,500;MWH;44,5670;EUR;EEX_CL;MATCHED
BO905315;D2605668;17/04/2026;PWR_FR;B;01/02/2027;30/04/2027;262,800;MWH;113,8840;EUR;TOTALE;MATCHED
BO905158;D2605493;29/01/2026;PWR_FR;S;01/07/2027;31/07/2027;601,100;MWH;55,1250;EUR;TOTALE;MATCHED
BO901581;D2601684;02/10/2025;NG_PEG;S;01/11/2027;30/11/2027;202,100;MWH;35,7250;EUR;SHELL_;MATCHED
BO907895;D2608404;23/02/2026;NG_PEG;B;01/04/2027;30/04/2027;341,500;MWH;33,2500;EUR;VITOL;MATCHED
BO906199;D2606604;10/10/2025;NG_PEG;B;01/02/2026;28/02/2026;700,300;MWH;37,7970;EUR;SHELL_;MATCHED
BO906079;D2606476;09/12/2025;PWR_FR;S;01/11/2026;30/11/2026;77,800;MWH;94,5040;EUR;RWE;MATCHED
BO906112;D2606512;25/02/2026;PWR_FR;B;01/06/2026;30/06/2026;135,900;MWH;72,3430;EUR;SHELL_;MATCHED
BO901044;D2601109;15/01/2026;NG_PEG;B;01/08/2026;31/08/2026;47,300;MWH;22,9500;EUR;MERCUR;MATCHED
BO906331;D2606746;19/09/2025;NG_PEG;B;01/08/2026;31/10/2026;151,900;MWH;27,1490;EUR;MERCUR;MATCHED
BO900662;D2600703;18/08/2025;PWR_FR;B;01/02/2026;30/04/2026;466,800;MWH;71,5800;EUR;UNIPER;MATCHED
BO906025;D2606419;03/11/2025;PWR_FR;B;01/02/2027;28/02/2027;385,200;MWH;85,6740;EUR;EEX_CL;MATCHED
BO904580;D2604873;10/07/2025;PWR_FR;S;01/04/2026;30/04/2026;401,900;MWH;78,8800;EUR;TOTALE;MATCHED
BO908246;D2608777;04/06/2025;NG_PEG;S;01/01/2027;31/01/2027;831,700;MWH;32,8490;EUR;SHELL_;MATCHED
BO907265;D2607729;28/05/2026;NG_PEG;B;01/10/2026;31/10/2026;291,000;MWH;30,5320;EUR;MERCUR;MATCHED
BO904884;D2605206;10/04/2026;PWR_FR;B;01/01/2027;31/12/2027;418,100;MWH;120,0220;EUR;GUNVOR;MATCHED
BO904755;D2605067;27/02/2026;PWR_FR;S;01/01/2026;31/01/2026;101,900;MWH;113,9050;EUR;AXPO;MATCHED
BO907416;D2607889;18/12/2025;PWR_FR;S;01/01/2026;31/01/2026;243,500;MWH;107,8910;EUR;RWE;MATCHED
BO904651;D2604948;06/02/2026;NG_PEG;S;01/06/2026;31/08/2026;266,700;MWH;24,0670;EUR;TOTALE;MATCHED
BO903321;D2603539;15/01/2026;PWR_FR;B;01/01/2027;31/12/2027;727,600;MWH;103,3690;EUR;SHELL_;MATCHED
BO908471;D2607442;23/07/2026;PWR_FR;S;01/07/2027;31/07/2027;174,100;MWH;55,7750;EUR;SHELL_;MATCHED
BO905912;D2606300;11/03/2026;PWR_FR;S;01/05/2027;31/07/2027;485,900;MWH;65,0320;EUR;VITOL;MATCHED
BO906409;D2606827;02/04/2026;PWR_FR;B;01/07/2026;31/07/2026;257,900;MWH;64,6400;EUR;MERCUR;MATCHED
BO900421;D2600445;07/04/2026;PWR_FR;B;01/09/2026;30/09/2026;157,700;MWH;63,6190;EUR;ICE_EN;MATCHED
BO900999;D2601058;26/02/2026;PWR_FR;S;01/12/2026;31/12/2026;280,300;MWH;118,7370;EUR;GUNVOR;MATCHED
BO903153;D2603362;31/07/2025;NG_PEG;B;01/08/2027;31/08/2027;67,700;MWH;23,7830;EUR;RWE;MATCHED
BO907704;D2608193;01/01/2026;PWR_FR;B;01/05/2027;31/05/2027;525,200;MWH;66,1990;EUR;GUNVOR;MATCHED
BO903525;D2603746;04/06/2025;PWR_FR;B;01/02/2027;28/02/2027;374,300;MWH;90,2460;EUR;STATKR;MATCHED
BO903498;D2603718;20/06/2025;PWR_FR;B;01/02/2027;30/04/2027;171,300;MWH;85,4810;EUR;RWE;MATCHED
BO908380;D2608918;11/05/2026;PWR_FR;B;01/09/2027;30/11/2027;55,100;MWH;79,4870;EUR;VITOL;MATCHED
BO900877;D2600928;25/06/2025;NG_PEG;S;01/07/2027;31/07/2027;387,300;MWH;20,3740;EUR;EDF_TR;MATCHED
BO908864;D2602947;09/07/2025;PWR_FR;S;01/03/2026;31/03/2026;207,700;MWH;71,6320;EUR;EDF_TR;MATCHED
BO908074;D2608594;28/11/2025;PWR_FR;S;01/12/2027;29/02/2028;110,100;MWH;94,9710;EUR;MERCUR;MATCHED
BO908900;D2608038;11/02/2026;PWR_FR;B;01/12/2027;30/11/2028;157,100;MWH;87,8110;EUR;VITOL;MATCHED
BO904113;D2604373;26/03/2026;PWR_FR;B;01/10/2026;31/10/2026;86,500;MWH;84,8400;EUR;VITOL;MATCHED
BO902566;D2602729;07/04/2026;NG_PEG;B;01/11/2027;30/11/2027;132,400;MWH;36,7190;EUR;RWE;MATCHED
BO907974;D2608488;07/07/2025;NG_PEG;B;01/02/2027;30/04/2027;317,900;MWH;37,5630;EUR;STATKR;MATCHED
BO901988;D2602116;06/06/2025;PWR_FR;B;01/07/2027;31/07/2027;106,500;MWH;48,0470;EUR;ICE_EN;MATCHED
BO905657;D2606034;29/04/2026;NG_PEG;B;01/03/2027;31/03/2027;322,100;MWH;34,1120;EUR;MERCUR;MATCHED
BO900299;D2600318;26/06/2025;PWR_FR;B;01/05/2026;31/05/2026;92,300;MWH;64,7420;EUR;TOTALE;CXL
BO901785;D2601895;19/08/2025;PWR_FR;B;01/02/2027;28/02/2027;341,200;MWH;100,5580;EUR;AXPO;MATCHED
BO904107;D2604366;21/04/2026;PWR_FR;S;01/12/2026;28/02/2027;61,300;MWH;92,2110;EUR;SHELL_;MATCHED
BO908720;D2604472;08/07/2026;PWR_FR;B;01/03/2026;31/05/2026;173,800;MWH;78,5480;EUR;EDF_TR;MATCHED
BO901714;D2601822;10/02/2026;PWR_FR;B;01/04/2027;30/06/2027;545,300;MWH;67,5690;EUR;AXPO;MATCHED
BO906485;D2606905;08/08/2025;NG_PEG;S;01/06/2027;31/08/2027;1117,800;MWH;27,8040;EUR;TOTALE;MATCHED
BO905938;D2606328;08/05/2026;NG_PEG;S;01/10/2026;30/09/2027;64,500;MWH;24,3310;EUR;SHELL_;MATCHED
BO902833;D2603020;30/04/2026;NG_PEG;S;01/01/2026;31/01/2026;133,800;MWH;46,3310;EUR;GUNVOR;MATCHED
BO905497;D2605862;20/05/2026;PWR_FR;B;01/02/2026;28/02/2026;290,200;MWH;99,2160;EUR;MERCUR;CXL
BO902210;D2602348;01/07/2026;NG_PEG;S;01/09/2027;30/09/2027;445,700;MWH;25,6150;EUR;VITOL;MATCHED
BO901492;D2601587;02/07/2025;PWR_FR;B;01/12/2026;31/12/2026;391,000;MWH;86,8590;EUR;TOTALE;MATCHED
BO906224;D2606632;01/07/2025;PWR_FR;B;01/09/2027;30/11/2027;89,600;MWH;71,3330;EUR;GUNVOR;MATCHED
BO902638;D2602804;19/11/2025;NG_PEG;B;01/07/2026;31/07/2026;274,400;MWH;21,4110;EUR;EEX_CL;MATCHED
BO906807;D2607245;03/07/2026;NG_PEG;S;01/12/2027;31/12/2027;132,500;MWH;38,5220;EUR;MERCUR;MATCHED
BO908136;D2608662;16/12/2025;NG_PEG;S;01/10/2027;30/09/2028;229,400;MWH;28,2580;EUR;ICE_EN;MATCHED
BO908084;D2608606;18/09/2025;PWR_FR;S;01/09/2027;30/09/2027;41,500;MWH;76,2720;EUR;VITOL;MATCHED
BO900816;D2600862;07/04/2026;PWR_FR;B;01/05/2027;31/05/2027;103,500;MWH;69,6190;EUR;ICE_EN;MATCHED
BO906545;D2606967;18/09/2025;PWR_FR;B;01/09/2026;30/11/2026;453,500;MWH;72,3930;EUR;AXPO;MATCHED
BO900326;D2600346;14/07/2025;PWR_FR;B;01/08/2026;31/08/2026;243,500;MWH;61,2300;EUR;VITOL;MATCHED
BO900470;D2600499;17/11/2025;PWR_FR;S;01/11/2027;30/11/2027;86,400;MWH;88,6320;EUR;STATKR;MATCHED
BO904253;D2604521;05/11/2025;NG_PEG;B;01/03/2026;31/03/2026;134,500;MWH;34,2280;EUR;GUNVOR;MATCHED
BO902089;D2602223;30/07/2025;PWR_FR;B;01/07/2026;31/07/2026;90,100;MWH;51,9900;EUR;EDF_TR;MATCHED
BO906751;D2607184;04/12/2025;PWR_FR;S;01/07/2027;31/07/2027;400,600;MWH;57,8160;EUR;EDF_TR;CXL
BO908464;D2602053;25/09/2025;PWR_FR;S;01/05/2026;31/05/2026;557,000;MWH;73,4510;EUR;ICE_EN;MATCHED
BO905697;D2606078;09/07/2025;NG_PEG;S;01/06/2026;31/05/2027;426,200;MWH;21,9710;EUR;MERCUR;MATCHED
BO907509;D2607983;19/12/2025;PWR_FR;B;01/12/2027;31/12/2027;135,400;MWH;87,4720;EUR;VITOL;MATCHED
BO907932;D2608445;18/08/2025;NG_PEG;B;01/12/2027;31/12/2027;182,500;MWH;40,5570;EUR;UNIPER;MATCHED
BO903039;D2603242;03/10/2025;NG_PEG;S;01/10/2026;30/09/2027;1418,000;MWH;33,7660;EUR;AXPO;MATCHED
BO901811;D2601927;28/10/2025;NG_PEG;B;01/06/2027;30/06/2027;364,700;MWH;25,3100;EUR;UNIPER;MATCHED
BO908699;D2604796;29/12/2025;NG_PEG;S;01/05/2026;31/05/2026;240,400;MWH;23,8350;EUR;ICE_EN;MATCHED
BO901092;D2601162;23/06/2025;PWR_FR;B;01/06/2026;31/08/2026;429,000;MWH;64,9080;EUR;EEX_CL;MATCHED
BO905992;D2606386;14/05/2026;NG_PEG;B;01/06/2027;31/08/2027;325,800;MWH;27,1180;EUR;GUNVOR;MATCHED
BO904908;D2605230;12/11/2025;PWR_FR;B;01/07/2027;31/07/2027;233,700;MWH;51,9030;EUR;UNIPER;MATCHED
BO902113;D2602247;09/09/2025;PWR_FR;S;01/08/2027;31/07/2028;268,000;MWH;58,8880;EUR;AXPO;MATCHED
BO904151;D2604413;12/09/2025;PWR_FR;S;01/11/2026;30/11/2026;189,600;MWH;90,2330;EUR;RWE;MATCHED
BO908701;D2604220;11/05/2026;PWR_FR;B;01/06/2027;30/06/2027;622,600;MWH;61,8990;EUR;SHELL_;MATCHED
BO905734;D2606115;12/11/2025;PWR_FR;S;01/06/2027;30/06/2027;58,200;MWH;61,7100;EUR;TOTALE;MATCHED
BO990054;D9500054;02/03/2026;NG_PEG;S;01/03/2027;31/03/2027;118,800;MWH;36,6090;EUR;UNIPER;MATCHED
BO902083;D2602217;23/03/2026;PWR_FR;B;01/04/2027;30/04/2027;314,600;MWH;73,3750;EUR;UNIPER;MATCHED
BO906211;D2606617;17/06/2026;NG_PEG;S;01/02/2026;31/01/2027;538,800;MWH;39,5550;EUR;STATKR;MATCHED
BO900041;D2600044;12/06/2026;PWR_FR;S;01/11/2026;30/11/2026;624,400;MWH;97,5400;EUR;GUNVOR;MATCHED
BO906778;D2607211;09/06/2026;PWR_FR;B;01/10/2026;31/10/2026;335,200;MWH;86,0050;EUR;EEX_CL;MATCHED
BO900760;D2600802;23/06/2026;PWR_FR;B;01/10/2026;31/10/2026;159,100;MWH;82,4760;EUR;MERCUR;MATCHED
BO904191;D2604455;14/04/2026;NG_PEG;B;01/08/2027;31/10/2027;380,000;MWH;24,4260;EUR;GUNVOR;MATCHED
BO907984;D2608501;24/02/2026;PWR_FR;S;01/08/2027;31/08/2027;224,700;MWH;58,9540;EUR;TOTALE;MATCHED
BO900579;D2600617;06/05/2026;PWR_FR;B;01/08/2027;31/10/2027;373,100;MWH;62,5750;EUR;AXPO;MATCHED
BO990068;D9500068;17/04/2026;NG_PEG;S;01/02/2027;28/02/2027;122,600;MWH;37,8840;EUR;EDF_TR;MATCHED
BO900438;D2600464;22/01/2026;NG_PEG;B;01/02/2027;28/02/2027;109,100;MWH;38,8372;EUR;ICE_EN;MATCHED
BO907307;D2607774;23/12/2025;PWR_FR;S;01/01/2027;31/01/2027;233,000;MWH;83,4400;EUR;SHELL_;MATCHED
BO905122;D2605454;29/10/2025;PWR_FR;B;01/05/2027;30/04/2028;514,300;MWH;70,8140;EUR;ICE_EN;MATCHED
BO902359;D2602507;19/02/2026;NG_PEG;B;01/12/2026;31/12/2026;265,300;MWH;34,7760;EUR;EDF_TR;MATCHED
BO900537;D2600572;02/07/2025;PWR_FR;B;01/08/2026;31/10/2026;311,700;MWH;73,0140;EUR;TOTALE;MATCHED
BO907268;D2607732;18/06/2026;PWR_FR;B;01/07/2026;31/07/2026;47,600;MWH;66,2850;EUR;RWE;MATCHED
BO900018;D2600018;08/06/2026;PWR_FR;B;01/03/2027;31/03/2027;200,700;MWH;99,6740;EUR;GUNVOR;MATCHED
BO905895;D2606283;06/04/2026;PWR_FR;S;01/09/2026;30/09/2026;58,900;MWH;66,2540;EUR;TOTALE;MATCHED
BO906334;D2606749;12/05/2026;PWR_FR;S;01/04/2026;30/04/2026;1072,700;MWH;73,9060;EUR;VITOL;MATCHED
BO900574;D2600612;15/04/2026;NG_PEG;B;01/03/2027;31/05/2027;78,800;MWH;36,7420;EUR;TOTALE;MATCHED
BO905116;D2605448;25/07/2025;PWR_FR;S;01/12/2026;28/02/2027;289,000;MWH;89,6760;EUR;SHELL_;MATCHED
BO905032;D2605361;11/06/2025;PWR_FR;S;01/03/2026;31/03/2026;97,900;MWH;89,8270;EUR;AXPO;MATCHED
BO907079;D2607530;29/09/2025;PWR_FR;S;01/06/2026;30/06/2026;111,700;MWH;52,6180;EUR;RWE;CXL
BO906247;D2606656;11/03/2026;PWR_FR;S;01/06/2027;31/08/2027;341,300;MWH;70,3350;EUR;EEX_CL;MATCHED
BO908684;D2602409;15/04/2026;PWR_FR;S;01/01/2027;31/01/2027;250,000;MWH;80,8020;EUR;SHELL_;MATCHED
BO902656;D2602822;20/07/2026;PWR_FR;S;01/12/2027;31/12/2027;64,500;MWH;72,3350;EUR;EDF_TR;MATCHED
BO903800;D2604040;17/04/2026;NG_PEG;S;01/03/2027;31/03/2027;170,700;MWH;31,4390;EUR;SHELL_;MATCHED
BO906441;D2606860;03/06/2025;NG_PEG;B;01/01/2026;31/01/2026;315,400;MWH;35,0170;EUR;GUNVOR;MATCHED
BO908989;D2600531;15/01/2026;PWR_FR;S;01/08/2027;31/10/2027;199,300;MWH;66,0240;EUR;GUNVOR;MATCHED
BO908738;D2602922;21/08/2025;NG_PEG;B;01/08/2027;31/10/2027;507,800;MWH;28,0190;EUR;ICE_EN;MATCHED
BO904185;D2604448;26/03/2026;PWR_FR;B;01/03/2027;31/03/2027;1591,000;MWH;87,4950;EUR;TOTALE;MATCHED
BO901050;D2601116;01/04/2026;PWR_FR;B;01/07/2027;31/07/2027;176,100;MWH;63,7820;EUR;MERCUR;MATCHED
BO904252;D2604520;17/04/2026;NG_PEG;B;01/09/2027;30/09/2027;302,600;MWH;26,5980;EUR;MERCUR;MATCHED
BO907123;D2607579;17/11/2025;NG_PEG;B;01/01/2026;31/03/2026;633,300;MWH;42,0260;EUR;VITOL;MATCHED
BO901685;D2601792;11/05/2026;PWR_FR;S;01/08/2027;31/08/2027;249,700;MWH;65,3630;EUR;ICE_EN;MATCHED
BO907749;D2608239;06/10/2025;PWR_FR;S;01/02/2026;28/02/2026;248,800;MWH;84,1160;EUR;STATKR;MATCHED
BO903864;D2604107;21/04/2026;PWR_FR;S;01/03/2027;31/03/2027;94,000;MWH;98,2200;EUR;AXPO;MATCHED
BO901898;D2602022;02/02/2026;PWR_FR;B;01/07/2026;30/09/2026;80,500;MWH;61,8210;EUR;UNIPER;MATCHED
BO901351;D2601434;05/02/2026;PWR_FR;S;01/10/2027;31/10/2027;136,500;MWH;70,2090;EUR;SHELL_;MATCHED
BO906069;D2606465;20/04/2026;NG_PEG;S;01/12/2027;31/12/2027;246,700;MWH;32,1210;EUR;MERCUR;MATCHED
BO905366;D2605723;14/05/2026;NG_PEG;S;01/09/2027;30/09/2027;60,000;MWH;33,4160;EUR;AXPO;MATCHED
BO906210;D2606616;06/11/2025;PWR_FR;S;01/05/2026;31/05/2026;421,400;MWH;76,8870;EUR;EDF_TR;MATCHED
BO905095;D2605427;18/08/2025;PWR_FR;B;01/09/2027;30/09/2027;200,600;MWH;69,4320;EUR;STATKR;CXL
BO904712;D2605021;16/07/2026;NG_PEG;B;01/05/2027;31/05/2027;134,000;MWH;24,1130;EUR;MERCUR;MATCHED
BO901569;D2601671;29/10/2025;NG_PEG;B;01/02/2027;28/02/2027;269,200;MWH;31,7540;EUR;STATKR;MATCHED
BO902932;D2603127;26/05/2026;PWR_FR;B;01/01/2026;31/03/2026;256,800;MWH;86,4960;EUR;UNIPER;MATCHED
BO902710;D2602882;24/03/2026;PWR_FR;B;01/06/2026;31/08/2026;178,200;MWH;54,2180;EUR;AXPO;MATCHED
BO907816;D2608312;22/07/2026;NG_PEG;B;01/03/2027;29/02/2028;343,200;MWH;38,8750;EUR;MERCUR;MATCHED
BO906813;D2607251;25/02/2026;NG_PEG;B;01/06/2027;30/06/2027;263,600;MWH;27,5470;EUR;TOTALE;MATCHED
BO907671;D2608158;23/06/2026;PWR_FR;B;01/11/2027;31/01/2028;52,000;MWH;89,1900;EUR;EEX_CL;MATCHED
BO901595;D2601699;11/02/2026;PWR_FR;S;01/06/2026;30/06/2026;968,800;MWH;64,2490;EUR;RWE;MATCHED
BO901900;D2602024;11/03/2026;PWR_FR;B;01/01/2027;31/01/2027;1455,200;MWH;82,4350;EUR;UNIPER;MATCHED
BO907169;D2607627;14/07/2025;PWR_FR;B;01/04/2027;31/03/2028;1367,400;MWH;74,2360;EUR;AXPO;MATCHED
BO905815; D2606201;28/01/2026;NG_PEG;S;01/05/2027;31/05/2027;664,900;MWH;29,5860;EUR;GUNVOR;MATCHED
BO901721;D2601829;09/07/2026;NG_PEG;S;01/03/2026;31/03/2026;137,800;MWH;29,9400;EUR;TOTALE;MATCHED
BO907368;D2607838;31/07/2025;PWR_FR;B;01/09/2026;30/11/2026;53,500;MWH;56,9990;EUR;AXPO;MATCHED
BO905944;d2606335;27/03/2026;PWR_FR;B;01/04/2026;30/04/2026;147,400;MWH;84,4180;EUR;ICE_EN;MATCHED
BO906826;D2607265;27/02/2026;PWR_FR;S;01/11/2027;30/11/2027;73,200;MWH;96,0700;EUR;EEX_CL;MATCHED
BO907522;D2607997;12/02/2026;PWR_FR;S;01/10/2027;31/10/2027;1071,800;MWH;76,2620;EUR;GUNVOR;CXL
BO904881;D2605203;11/07/2025;PWR_FR;S;01/11/2027;30/11/2027;408,900;MWH;84,3460;EUR;EDF_TR;MATCHED
BO907424;D2607897;24/07/2026;PWR_FR;B;01/09/2027;30/11/2027;256,500;MWH;62,9950;EUR;GUNVOR;MATCHED
BO907438;D2607911;28/01/2026;PWR_FR;B;01/08/2027;31/10/2027;116,100;MWH;73,9590;EUR;AXPO;MATCHED
BO905379;D2605736;05/02/2026;PWR_FR;B;01/08/2026;31/08/2026;458,200;MWH;55,5610;EUR;GUNVOR;MATCHED
BO907017;D2607465;09/09/2025;PWR_FR;B;01/02/2026;28/02/2026;265,400;MWH;84,7150;EUR;MERCUR;MATCHED
BO902918;D2603112;23/02/2026;NG_PEG;B;01/08/2027;31/08/2027;556,600;MWH;27,4710;EUR;UNIPER;MATCHED
BO903140;D2603348;26/05/2026;PWR_FR;B;01/10/2026;30/09/2027;127,900;MWH;94,6080;EUR;TOTALE;MATCHED
BO907578;D2608060;10/06/2025;PWR_FR;S;01/03/2026;31/03/2026;297,300;MWH;96,6020;EUR;VITOL;MATCHED
BO908134;D2608660;25/06/2025;NG_PEG;S;01/01/2027;31/01/2027;566,600;MWH;39,2060;EUR;ICE_EN;CXL
BO900256;D2600271;25/07/2025;PWR_FR;B;01/10/2027;31/10/2027;124,000;MWH;73,0940;EUR;RWE;MATCHED
BO907884;D2608392;25/06/2025;PWR_FR;S;01/09/2026;30/09/2026;24,000;MWH;71,7700;EUR;EEX_CL;MATCHED
BO901636;D2601742;22/07/2026;PWR_FR;B;01/04/2026;30/04/2026;98,100;MWH;78,2060;EUR;TOTALE;MATCHED
BO900963;D2601017;28/11/2025;PWR_FR;B;01/05/2027;31/05/2027;136,600;MWH;86,7920;EUR;UNIPER;MATCHED
BO905197;D2605537;18/05/2026;PWR_FR;B;01/10/2026;30/09/2027;72,000;MWH;77,1630;EUR;RWE;MATCHED
BO905221;D2605563;17/06/2025;PWR_FR;B;01/03/2027;31/03/2027;158,000;MWH;79,4840;EUR;AXPO;MATCHED
BO906486;D2606906;25/09/2025;NG_PEG;B;01/03/2027;31/03/2027;494,400;MWH;33,9300;EUR;GUNVOR;MATCHED
BO908570;D2600524;25/06/2026;PWR_FR;S;01/02/2027;28/02/2027;614,800;MWH;108,8010;EUR;GUNVOR;MATCHED
BO905216;D2605557;16/09/2025;PWR_FR;S;01/06/2027;31/08/2027;530,700;MWH;61,1580;EUR;EEX_CL;MATCHED
BO900509;D2600543;12/06/2025;PWR_FR;S;01/05/2026;31/05/2026;981,800;MWH;76,4553;EUR;AXPO;MATCHED
BO904123;D2604383;16/12/2025;NG_PEG;B;01/08/2027;31/08/2027;228,300;MWH;24,4590;EUR;MERCUR;MATCHED
BO904816;D2605133;20/06/2025;PWR_FR;B;01/11/2026;30/11/2026;355,200;MWH;89,0950;EUR;TOTALE;MATCHED
BO907883; D2608391;04/02/2026;NG_PEG;B;01/02/2026;28/02/2026;1830,600;MWH;32,7050;EUR;UNIPER;MATCHED
BO903571;D2603795;19/03/2026;NG_PEG;B;01/01/2026;31/03/2026;342,300;MWH;40,6800;EUR;MERCUR;MATCHED
BO905824;D2606211;26/11/2025;PWR_FR;B;01/08/2026;31/08/2026;110,200;MWH;55,6520;EUR;SHELL_;MATCHED
BO900124;D2600132;16/06/2025;NG_PEG;B;01/05/2027;31/07/2027;82,100;MWH;27,4030;EUR;EDF_TR;MATCHED
BO904042;D2604299;21/01/2026;PWR_FR;S;01/03/2026;31/03/2026;270,100;MWH;70,4270;EUR;STATKR;MATCHED
BO907143;D2607600;23/10/2025;NG_PEG;S;01/03/2026;31/03/2026;220,700;MWH;38,2620;EUR;SHELL_;MATCHED
BO906013;D2606407;25/11/2025;PWR_FR;S;01/07/2026;31/07/2026;213,300;MWH;53,9820;EUR;SHELL_;MATCHED
BO906497;D2606917;25/02/2026;PWR_FR;B;01/06/2026;31/08/2026;97,900;MWH;69,6730;EUR;ICE_EN;CXL
BO907511;D2607985;17/03/2026;NG_PEG;S;01/11/2027;30/11/2027;824,100;MWH;31,9700;EUR;VITOL;MATCHED
BO901854;D2601972;24/04/2026;PWR_FR;B;01/05/2027;31/05/2027;154,200;MWH;75,0980;EUR;ICE_EN;MATCHED
BO905695;D2606076;03/09/2025;PWR_FR;S;01/12/2026;30/11/2027;1113,400;MWH;109,0030;EUR;AXPO;MATCHED
BO908707;D2600834;30/01/2026;PWR_FR;B;01/09/2026;30/09/2026;48,900;MWH;66,9200;EUR;AXPO;MATCHED
BO902613;D2602779;31/03/2026;NG_PEG;B;01/04/2026;30/06/2026;133,500;MWH;33,7560;EUR;UNIPER;MATCHED
BO901556;D2601658;09/03/2026;NG_PEG;B;01/01/2026;31/03/2026;164,900;MWH;29,4320;EUR;RWE;MATCHED
BO903023;D2603225;24/03/2026;PWR_FR;B;01/06/2026;31/05/2027;450,700;MWH;68,0460;EUR;TOTALE;MATCHED
BO903361;D2603579;03/03/2026;PWR_FR;S;01/11/2026;30/11/2026;174,700;MWH;96,8330;EUR;UNIPER;MATCHED
BO901173;D2601249;04/08/2025;PWR_FR;B;01/04/2026;31/03/2027;96,900;MWH;80,6310;EUR;TOTALE;MATCHED
BO903823;D2604064;16/06/2025;PWR_FR;S;01/09/2027;30/09/2027;152,900;MWH;75,2740;EUR;SHELL_;MATCHED
BO907086;D2607539;08/09/2025;NG_PEG;B;01/01/2027;31/01/2027;141,500;MWH;38,0750;EUR;ICE_EN;MATCHED
BO905784;D2606169;20/03/2026;PWR_FR;S;01/01/2027;31/01/2027;178,700;MWH;100,7730;EUR;MERCUR;MATCHED
BO905932;D2606320;15/10/2025;NG_PEG;S;01/02/2027;28/02/2027;59,400;MWH;33,0420;EUR;AXPO;MATCHED
BO900922;D2600974;25/02/2026;NG_PEG;S;01/09/2027;30/11/2027;143,700;MWH;25,4740;EUR;SHELL_;MATCHED
BO904135;D2604397;07/07/2025;NG_PEG;B;01/07/2026;31/07/2026;48,200;MWH;24,0670;EUR;EEX_CL;MATCHED
BO903237;D2603452;09/01/2026;NG_PEG;S;01/05/2026;31/05/2026;557,100;MWH;27,2960;EUR;VITOL;MATCHED
BO908071;D2608591;14/01/2026;PWR_FR;S;01/07/2026;31/07/2026;722,200;MWH;58,5030;EUR;MERCUR;MATCHED
BO900493;D2600526;12/02/2026;PWR_FR;B;01/03/2026;31/03/2026;109,800;MWH;83,9450;EUR;SHELL_;MATCHED
BO903773;D2604011;21/11/2025;NG_PEG;S;01/08/2027;31/08/2027;92,100;MWH;23,7480;EUR;EEX_CL;MATCHED
BO904783;D2605097;05/05/2026;PWR_FR;B;01/09/2026;30/09/2026;134,900;MWH;50,2660;EUR;RWE;MATCHED
BO901493;D2601588;04/02/2026;PWR_FR;B;01/01/2026;31/01/2026;168,800;MWH;99,2030;EUR;SHELL_;MATCHED
BO905844;D2606232;16/07/2026;PWR_FR;S;01/07/2027;31/07/2027;102200,000;KWH;69,0550;EUR;MERCUR;MATCHED
BO904672;D2604973;10/02/2026;PWR_FR;S;01/11/2026;30/11/2026;491,800;MWH;90,6130;EUR;TOTALE;MATCHED
BO908332;D2608868;01/10/2025;PWR_FR;B;01/10/2026;31/10/2026;676,200;MWH;81,9840;EUR;GUNVOR;MATCHED
BO904321;D2604592;27/04/2026;PWR_FR;B;01/06/2026;31/08/2026;259,300;MWH;73,4910;EUR;MERCUR;MATCHED
BO905599;D2605970;17/04/2026;PWR_FR;B;01/08/2026;31/07/2027;554,200;MWH;64,7170;EUR;STATKR;MATCHED
BO906207;D2606613;05/06/2025;NG_PEG;B;01/03/2026;31/05/2026;226,800;MWH;27,6650;EUR;STATKR;CXL
BO900315;D2600335;12/02/2026;NG_PEG;S;01/01/2026;31/01/2026;369,700;MWH;35,6830;EUR;EDF_TR;MATCHED
BO902958;D2603154;19/09/2025;NG_PEG;B;01/01/2027;31/01/2027;232,900;MWH;36,7330;EUR;EDF_TR;CXL
BO904974;d2605300;21/04/2026;PWR_FR;B;01/09/2026;30/09/2026;791,000;MWH;77,5280;EUR;UNIPER;CXL
BO907069;D2607520;09/03/2026;PWR_FR;B;01/09/2026;31/08/2027;96,700;MWH;66,7580;EUR;UNIPER;MATCHED
BO900099;D2600104;23/12/2025;PWR_FR;S;01/02/2027;28/02/2027;109,000;MWH;86,4560;EUR;RWE;MATCHED
BO904117;D2604377;12/05/2026;NG_PEG;B;01/11/2026;30/11/2026;121,400;MWH;35,2450;EUR;UNIPER;MATCHED
BO903796;D2604036;01/04/2026;NG_PEG;B;01/06/2027;30/06/2027;1023,200;MWH;25,2850;EUR;RWE;MATCHED
BO906220;D2606627;07/01/2026;NG_PEG;S;01/03/2027;31/05/2027;78,100;MWH;34,3790;EUR;ICE_EN;MATCHED
BO901678;D2601785;23/07/2025;PWR_FR;B;01/12/2026;31/12/2026;174,000;MWH;96,8020;EUR;AXPO;MATCHED
BO905875;D2606263;09/01/2026;NG_PEG;B;01/06/2026;30/06/2026;218,000;MWH;23,6820;EUR;UNIPER;MATCHED
BO906181;D02606584;12/06/2025;PWR_FR;B;01/02/2027;30/04/2027;178,600;MWH;81,3600;EUR;RWE;MATCHED
BO900434;D2600460;08/12/2025;PWR_FR;B;01/11/2027;31/01/2028;117,400;MWH;81,9010;EUR;MERCUR;MATCHED
BO908897;D2604502;10/06/2025;PWR_FR;S;01/05/2026;31/05/2026;317,200;MWH;76,5370;EUR;SHELL_;MATCHED
BO903092;D2603298;01/05/2026;PWR_FR;S;01/05/2026;31/05/2026;359,700;MWH;63,1050;EUR;AXPO;MATCHED
BO902152;D2602288;08/10/2025;NG_PEG;B;01/04/2027;30/04/2027;102,500;MWH;31,1160;EUR;UNIPER;MATCHED
BO908767;D2604438;02/07/2025;PWR_FR;B;01/10/2026;31/10/2026;92,100;MWH;81,0110;EUR;RWE;MATCHED
BO906512;D2606933;24/02/2026;PWR_FR;S;01/09/2026;30/09/2026;225,000;MWH;68,5250;EUR;EDF_TR;MATCHED
BO904523;D2604812;27/04/2026;NG_PEG;S;01/12/2027;31/12/2027;185,800;MWH;38,4520;EUR;AXPO;MATCHED
BO904793;D2605108;30/01/2026;NG_PEG;B;01/08/2027;31/08/2027;146,500;MWH;25,4830;EUR;STATKR;MATCHED
BO903558;D2603780;10/07/2025;NG_PEG;S;01/04/2027;30/04/2027;201,100;MWH;29,9970;EUR;TOTALE;MATCHED
BO903975;D2604225;12/11/2025;PWR_FR;S;01/04/2026;30/04/2026;243,200;MWH;92,9390;EUR;SHELL_;MATCHED
BO903664;D2603894;02/04/2026;NG_PEG;S;01/01/2027;31/01/2027;149,100;MWH;34,9540;EUR;RWE;MATCHED
BO906299;D2606712;14/11/2025;PWR_FR;S;01/04/2027;30/06/2027;331,000;MWH;68,5140;EUR;MERCUR;MATCHED
BO905802;D2606188;11/08/2025;NG_PEG;B;01/03/2027;31/03/2027;441,600;MWH;34,9320;EUR;VITOL;MATCHED
BO900073;D02600078;19/06/2025;PWR_FR;B;01/05/2026;31/07/2026;452,200;MWH;66,5100;EUR;SHELL_;MATCHED
BO908651;D2606585;24/12/2025;NG_PEG;S;01/03/2027;31/05/2027;173,300;MWH;38,9560;EUR;MERCUR;MATCHED
BO901205;D2601281;25/09/2025;NG_PEG;B;01/09/2027;30/09/2027;78,300;MWH;26,1560;EUR;ICE_EN;MATCHED
BO908608;D2607078;24/06/2026;NG_PEG;B;01/02/2026;28/02/2026;255,200;MWH;37,3620;EUR;UNIPER;MATCHED
BO903276;D2603493;18/06/2025;PWR_FR;S;01/06/2027;30/06/2027;100,800;MWH;64,6860;EUR;AXPO;MATCHED
BO906666;D2607096;15/01/2026;PWR_FR;B;01/11/2026;30/11/2026;199,900;MWH;84,3400;EUR;EEX_CL;MATCHED
BO903118;D2603325;15/10/2025;NG_PEG;S;01/08/2026;31/08/2026;546,200;MWH;26,6360;EUR;UNIPER;MATCHED
BO907342;D2607811;09/09/2025;PWR_FR;B;01/12/2027;30/11/2028;128,500;MWH;91,4050;EUR;EEX_CL;MATCHED
BO908756;D2603740;09/12/2025;PWR_FR;S;01/10/2026;31/10/2026;236,500;MWH;66,6670;EUR;GUNVOR;MATCHED
BO901798;D2601910;19/02/2026;PWR_FR;S;01/05/2027;31/05/2027;105,600;MWH;63,4960;EUR;AXPO;MATCHED
BO901689;D2601796;21/07/2026;NG_PEG;B;01/12/2027;31/12/2027;418,000;MWH;27,6330;EUR;SHELL_;MATCHED
BO906008;D2606402;04/02/2026;PWR_FR;B;01/05/2027;31/05/2027;191,100;MWH;72,8720;EUR;AXPO;MATCHED
BO907121;D2607577;24/06/2025;NG_PEG;S;01/02/2027;28/02/2027;1066,200;MWH;40,9720;EUR;GUNVOR;MATCHED
BO901051;D2601117;18/11/2025;NG_PEG;B;01/08/2026;31/08/2026;421,400;MWH;25,0550;EUR;SHELL_;MATCHED
BO905974;D2606368;22/07/2025;PWR_FR;B;01/02/2027;28/02/2027;532,400;MWH;100,2350;EUR;STATKR;MATCHED
BO904674;D2604977;13/03/2026;PWR_FR;B;01/09/2026;31/08/2027;59,800;MWH;59,3260;EUR;RWE;MATCHED
BO908295;D2608829;25/06/2026;PWR_FR;S;01/04/2026;30/04/2026;465,100;MWH;78,4540;EUR;RWE;MATCHED
BO903193;D2603404;16/04/2026;PWR_FR;B;01/02/2026;30/04/2026;361,900;MWH;86,2120;EUR;GUNVOR;MATCHED
BO906613;D2607038;23/09/2025;PWR_FR;S;01/07/2027;31/07/2027;181,700;MWH;56,7810;EUR;STATKR;MATCHED
BO901639;D2601745;08/05/2026;PWR_FR;S;01/11/2027;30/11/2027;249,200;MWH;86,6660;EUR;SHELL_;MATCHED
BO902681;D2602851;05/05/2026;NG_PEG;B;01/12/2027;31/12/2027;237,800;MWH;33,3740;EUR;STATKR;MATCHED
BO902298;D2602442;10/09/2025;NG_PEG;B;01/09/2027;30/09/2027;223,100;MWH;27,0950;EUR;EDF_TR;MATCHED
BO901360;D2601444;18/11/2025;PWR_FR;B;01/04/2026;30/04/2026;411,900;MWH;102,8440;EUR;ICE_EN;MATCHED
BO908148;D2608675;31/10/2025;NG_PEG;B;01/09/2026;30/09/2026;199,700;MWH;28,3060;EUR;EEX_CL;MATCHED
BO905694;D2606075;13/08/2025;PWR_FR;B;01/06/2027;31/08/2027;190,400;MWH;62,7670;EUR;MERCUR;MATCHED
BO907968;D2608481;06/02/2026;NG_PEG;B;01/02/2026;28/02/2026;92,200;MWH;36,4490;EUR;RWE;MATCHED
BO908085;D2608607;14/07/2026;PWR_FR;B;01/03/2026;31/03/2026;365,700;MWH;81,9860;EUR;EEX_CL;MATCHED
BO900251;D2600266;15/05/2026;NG_PEG;S;01/03/2026;31/03/2026;89,700;MWH;31,2510;EUR;SHELL_;MATCHED
BO902145;D2602281;10/07/2026;PWR_FR;B;01/09/2027;30/09/2027;381,700;MWH;76,7090;EUR;STATKR;MATCHED
BO901631;D2601737;22/04/2026;PWR_FR;B;01/02/2026;31/01/2027;87,100;MWH;83,4580;EUR;UNIPER;MATCHED
BO907291;d2607757;18/09/2025;PWR_FR;B;01/04/2027;30/04/2027;103,900;MWH;85,2780;EUR;MERCUR;MATCHED
BO902142;D2602277;08/01/2026;PWR_FR;S;01/01/2026;31/01/2026;106,600;MWH;97,1740;EUR;VITOL;MATCHED
BO908515;D2605626;11/06/2026;PWR_FR;B;01/03/2026;31/03/2026;401,800;MWH;74,2420;EUR;ICE_EN;MATCHED
BO907092;D2607546;08/09/2025;PWR_FR;B;01/10/2026;31/10/2026;256,200;MWH;77,2230;EUR;VITOL;MATCHED
BO905773;D2606157;08/05/2026;PWR_FR;B;01/04/2027;30/04/2027;530,000;MWH;92,3800;EUR;RWE;MATCHED
BO903192;D2603403;29/10/2025;NG_PEG;B;01/03/2026;31/03/2026;190,100;MWH;38,6100;EUR;MERCUR;MATCHED
BO908508;D2607746;04/06/2025;PWR_FR;B;01/01/2026;31/01/2026;329,300;MWH;90,9050;EUR;EEX_CL;MATCHED
BO908249;D2608780;29/08/2025;PWR_FR;B;01/03/2026;28/02/2027;963,500;MWH;106,7670;EUR;STATKR;MATCHED
BO990026;D9500026;22/10/2025;PWR_FR;B;01/08/2027;31/10/2027;272,000;MWH;59,0250;EUR;SHELL_;MATCHED
BO902692;D2602864;21/01/2026;NG_PEG;B;01/11/2026;30/11/2026;71,000;MWH;31,2910;EUR;MERCUR;MATCHED
BO904807;D2605123;27/01/2026;NG_PEG;S;01/10/2027;31/10/2027;76,600;MWH;38,6390;EUR;VITOL;MATCHED
BO904773;D2605086;12/11/2025;PWR_FR;B;01/04/2027;30/04/2027;479,000;MWH;65,5770;EUR;SHELL_;MATCHED
BO903757;D2603992;10/11/2025;PWR_FR;B;01/06/2027;30/06/2027;195,500;MWH;73,0700;EUR;VITOL;MATCHED
BO902065;D2602198;11/08/2025;PWR_FR;B;01/07/2027;31/07/2027;275,300;MWH;68,6630;EUR;ICE_EN;MATCHED
BO907015;D2607463;04/11/2025;PWR_FR;B;01/03/2027;31/03/2027;65,800;MWH;85,0000;EUR;SHELL_;MATCHED
BO902741;D2602916;20/08/2025;NG_PEG;S;01/12/2026;31/12/2026;353,800;MWH;42,1710;EUR;RWE;MATCHED
BO901760;D2601869;16/12/2025;NG_PEG;S;01/03/2026;31/03/2026;242,200;MWH;32,2610;EUR;AXPO;MATCHED
BO903067;D2603271;24/06/2026;PWR_FR;S;01/04/2026;30/06/2026;71,000;MWH;75,0780;EUR;ICE_EN;CXL
BO906863;D2607303;22/10/2025;PWR_FR;B;01/05/2026;31/05/2026;230,900;MWH;67,9240;EUR;STATKR;MATCHED
BO906668;D2607099;08/12/2025;PWR_FR;S;01/09/2026;30/09/2026;56,800;MWH;71,8080;EUR;MERCUR;MATCHED
BO901343;D2601426;24/04/2026;PWR_FR;S;01/02/2026;28/02/2026;1202,100;MWH;93,7290;EUR;MERCUR;MATCHED
BO903862;D2604105;05/12/2025;NG_PEG;B;01/11/2027;30/11/2027;275,900;MWH;34,9130;EUR;UNIPER;MATCHED
BO904298;D2604569;27/05/2026;NG_PEG;S;01/02/2027;28/02/2027;225,300;MWH;31,6700;EUR;TOTALE;MATCHED
BO905848;D2606236;22/09/2025;NG_PEG;B;01/02/2026;28/02/2026;979,800;MWH;36,2190;EUR;RWE;MATCHED
BO907890;D2608399;20/06/2025;PWR_FR;B;01/11/2026;30/11/2026;424,400;MWH;80,7160;EUR;TOTALE;MATCHED
BO900372;D2600394;06/01/2026;NG_PEG;B;01/02/2027;28/02/2027;355,400;MWH;32,8510;EUR;SHELL_;MATCHED
BO905030;D2605358;15/12/2025;NG_PEG;B;01/02/2026;28/02/2026;543,900;MWH;39,4530;EUR;EDF_TR;CXL
BO905080;D2605410;11/12/2025;NG_PEG;S;01/05/2027;31/05/2027;197,400;MWH;29,0740;EUR;GUNVOR;MATCHED
BO904754;D2605066;08/08/2025;PWR_FR;B;01/07/2026;31/07/2026;213,500;MWH;59,0770;EUR;EDF_TR;MATCHED
BO990042;D9500042;30/09/2025;PWR_FR;S;01/10/2026;31/10/2026;448,400;MWH;78,0480;EUR;MERCUR;MATCHED
BO900601;D2600640;24/07/2026;NG_PEG;B;01/02/2026;28/02/2026;176,700;MWH;30,7940;EUR;AXPO;MATCHED
BO907807;D2608303;03/06/2026;NG_PEG;B;01/09/2026;30/09/2026;327,000;MWH;30,6840;EUR;VITOL;MATCHED
BO990028;D9500028;27/04/2026;NG_PEG;B;01/07/2026;31/07/2026;146,300;MWH;21,5510;EUR;EDF_TR;MATCHED
BO903026;D2603229;13/06/2025;NG_PEG;B;01/06/2027;30/06/2027;514,400;MWH;25,1010;EUR;SHELL_;MATCHED
BO907334;D2607803;26/06/2025;NG_PEG;B;01/01/2027;31/01/2027;134,100;MWH;36,8410;EUR;AXPO;MATCHED
BO901693;D2601800;15/04/2026;PWR_FR;B;01/07/2027;31/07/2027;91,400;MWH;59,6520;EUR;ICE_EN;MATCHED
BO901694;D2601802;05/03/2026;NG_PEG;B;01/11/2026;31/01/2027;378,700;MWH;37,6930;EUR;STATKR;MATCHED
BO900859;D2600909;09/01/2026;NG_PEG;B;01/08/2027;31/08/2027;95,800;MWH;27,5540;EUR;UNIPER;MATCHED
BO907387;D2607858;24/06/2025;PWR_FR;B;01/07/2026;30/09/2026;42,700;MWH;63,2840;EUR;AXPO;MATCHED
BO904782;D2605096;16/09/2025;NG_PEG;B;01/03/2027;31/03/2027;130,500;MWH;29,7787;EUR;TOTALE;MATCHED
BO906278;D2606689;13/05/2026;PWR_FR;S;01/04/2026;30/06/2026;83,200;MWH;68,2130;EUR;RWE;MATCHED
BO902563;D2602725;20/06/2025;NG_PEG;B;01/02/2027;28/02/2027;1261,400;MWH;34,8070;EUR;MERCUR;MATCHED
BO902441;D2602595;26/08/2025;PWR_FR;B;01/07/2026;30/09/2026;117,000;MWH;56,2560;EUR;AXPO;MATCHED
BO906077;D2606474;24/04/2026;PWR_FR;B;01/12/2026;28/02/2027;310,600;MWH;84,3960;EUR;UNIPER;MATCHED
BO903472;D2603690;31/07/2025;PWR_FR;B;01/07/2027;31/07/2027;489,600;MWH;59,0140;EUR;STATKR;MATCHED
BO902766;D2602945;18/06/2026;PWR_FR;S;01/02/2026;28/02/2026;16,900;MWH;92,6890;EUR;ICE_EN;MATCHED
BO905536;D2605904;07/01/2026;PWR_FR;S;01/03/2027;31/03/2027;354,800;MWH;91,5280;EUR;RWE;MATCHED
BO906393;D2606810;11/03/2026;NG_PEG;S;01/11/2027;30/11/2027;412,300;MWH;32,9990;EUR;ICE_EN;MATCHED
BO903046;D2603249;12/11/2025;PWR_FR;B;01/04/2027;30/04/2027;295,900;MWH;65,7080;EUR;MERCUR;MATCHED
BO905203;D2605543;15/04/2026;NG_PEG;B;01/07/2027;30/09/2027;1114,700;MWH;27,6640;EUR;MERCUR;MATCHED
BO901395;D2601484;18/05/2026;PWR_FR;B;01/08/2026;31/08/2026;132,700;MWH;61,3860;EUR;TOTALE;MATCHED
BO903741;D2603975;26/05/2026;PWR_FR;S;01/01/2026;31/01/2026;488,000;MWH;81,5470;EUR;MERCUR;MATCHED
BO907836;D2608336;22/08/2025;PWR_FR;B;01/10/2027;31/12/2027;673,000;MWH;85,9510;EUR;VITOL;MATCHED
BO907422;D2607895;09/07/2025;NG_PEG;B;01/05/2026;31/05/2026;109,900;MWH;26,5410;EUR;UNIPER;MATCHED
BO900989;D2601046;09/12/2025;PWR_FR;S;01/03/2027;31/03/2027;164,000;MWH;78,4970;EUR;EDF_TR;MATCHED
BO900895;D2600946;02/01/2026;PWR_FR;S;01/02/2026;28/02/2026;442,800;MWH;96,2570;EUR;AXPO;MATCHED
BO903947;D2604195;05/03/2026;NG_PEG;B;01/02/2026;28/02/2026;261,300;MWH;39,0920;EUR;UNIPER;MATCHED
BO907845;D2608346;10/04/2026;PWR_FR;B;01/01/2026;31/01/2026;155,100;MWH;79,2020;EUR;UNIPER;CXL
BO903460;D2603678;04/06/2026;PWR_FR;B;01/07/2026;30/09/2026;80,500;MWH;53,2700;EUR;EDF_TR;MATCHED
BO905247;D2605592;22/01/2026;PWR_FR;B;01/09/2027;30/09/2027;44,300;MWH;63,8950;EUR;AXPO;MATCHED
BO905859;D2606247;06/04/2026;PWR_FR;S;01/10/2027;31/10/2027;206,500;MWH;61,7800;EUR;TOTALE;MATCHED
BO903296;D2603513;08/12/2025;PWR_FR;S;01/12/2026;28/02/2027;569,000;MWH;92,4730;EUR;EDF_TR;MATCHED
BO907088;D2607541;03/10/2025;PWR_FR;S;01/01/2026;31/03/2026;257,500;MWH;113,4660;EUR;AXPO;MATCHED
BO908717;D2601031;24/07/2025;PWR_FR;S;01/08/2027;31/07/2028;81,400;MWH;59,9040;EUR;TOTALE;MATCHED
BO906306;D2606719;13/03/2026;PWR_FR;S;01/05/2026;31/05/2026;173,000;MWH;78,5060;EUR;EEX_CL;MATCHED
BO904021;D2604274;16/10/2025;NG_PEG;B;01/09/2027;30/09/2027;365,100;MWH;31,0680;EUR;UNIPER;MATCHED
BO908868;D2607094;20/05/2026;PWR_FR;B;01/03/2027;31/03/2027;140,600;MWH;97,7150;EUR;SHELL_;MATCHED
BO906388;D2606805;16/06/2025;NG_PEG;B;01/05/2027;31/05/2027;256,100;MWH;31,7010;EUR;GUNVOR;MATCHED
BO904709;D2605017;18/08/2025;PWR_FR;S;01/07/2026;31/07/2026;60,400;MWH;49,6250;EUR;EDF_TR;CXL
BO903998;D2604249;02/06/2025;NG_PEG;S;01/10/2027;31/10/2027;172,800;MWH;20,2880;EUR;AXPO;MATCHED
BO907419;D2607892;28/08/2025;PWR_FR;B;01/04/2027;30/06/2027;85,800;MWH;76,7820;EUR;GUNVOR;MATCHED
BO904864;D2605186;30/12/2025;PWR_FR;S;01/01/2026;31/03/2026;381,700;MWH;105,0830;EUR;MERCUR;MATCHED
BO906678;D2607110;01/12/2025;PWR_FR;S;01/05/2026;30/04/2027;118,600;MWH;78,9850;EUR;EDF_TR;MATCHED
BO900780;D2600822;08/10/2025;PWR_FR;S;01/02/2027;28/02/2027;287,300;MWH;100,0620;EUR;VITOL;MATCHED
BO908526;D2601497;24/09/2025;PWR_FR;S;01/11/2027;30/11/2027;240,600;MWH;87,9080;EUR;UNIPER;MATCHED
BO901132;D2601207;05/11/2025;PWR_FR;B;01/02/2027;30/04/2027;270,200;MWH;94,5000;EUR;STATKR;MATCHED
BO902033;D2602163;21/01/2026;PWR_FR;S;01/12/2026;31/12/2026;410,800;MWH;85,6320;EUR;AXPO;MATCHED
BO905600;D2605971;20/06/2025;PWR_FR;S;01/11/2027;30/11/2027;1218,100;MWH;95,8390;EUR;STATKR;MATCHED
BO904553;D2604844;07/08/2025;NG_PEG;S;01/11/2027;30/11/2027;243,300;MWH;36,0180;EUR;RWE;MATCHED
BO904405;D2604685;05/03/2026;PWR_FR;B;01/08/2027;31/08/2027;82,700;MWH;58,5460;EUR;VITOL;MATCHED
BO907108;D2607563;27/06/2025;PWR_FR;B;01/04/2026;30/04/2026;152,100;MWH;70,8470;EUR;TOTALE;MATCHED
BO990060;D9500060;20/02/2026;NG_PEG;B;01/11/2027;30/11/2027;131,000;MWH;32,3220;EUR;STATKR;MATCHED
BO905415;D2605774;01/01/2026;NG_PEG;S;01/05/2026;31/05/2026;125,900;MWH;30,6130;EUR;GUNVOR;MATCHED
BO903649;D2603879;19/06/2026;PWR_FR;B;01/05/2027;31/05/2027;95,400;MWH;77,1740;EUR;EDF_TR;MATCHED
BO905904;D2606292;30/01/2026;NG_PEG;S;01/12/2027;29/02/2028;96,100;MWH;40,4660;EUR;UNIPER;MATCHED
BO901771;D2601880;23/10/2025;PWR_FR;S;01/07/2027;30/06/2028;962,500;MWH;65,9760;EUR;ICE_EN;MATCHED
BO901562;D2601664;22/12/2025;PWR_FR;B;01/09/2026;30/09/2026;224,700;MWH;65,6400;EUR;SHELL_;MATCHED
BO906790;D2607224;31/10/2025;NG_PEG;B;01/02/2027;30/04/2027;419,400;MWH;36,2090;EUR;VITOL;MATCHED
BO903962;D2604210;13/08/2025;PWR_FR;S;01/05/2027;30/04/2028;76,900;MWH;63,5840;EUR;MERCUR;MATCHED
BO908995;D2605162;30/01/2026;PWR_FR;S;01/04/2027;30/06/2027;35,700;MWH;69,3940;EUR;ICE_EN;MATCHED
BO903229;D2603442;06/05/2026;PWR_FR;B;01/01/2026;31/03/2026;2204,200;MWH;84,8090;EUR;TOTALE;MATCHED
BO901546;D2601645;25/03/2026;NG_PEG;B;01/12/2027;31/12/2027;37,700;MWH;35,6670;EUR;MERCUR;MATCHED
BO900291;D2600308;21/01/2026;NG_PEG;S;01/11/2027;30/11/2027;63,600;MWH;37,1150;EUR;RWE;CXL
BO906554;D2606976;09/12/2025;NG_PEG;S;01/10/2026;31/10/2026;15,900;MWH;30,6600;EUR;TOTALE;MATCHED
BO902028;D2602158;14/08/2025;PWR_FR;B;01/12/2026;28/02/2027;94,800;MWH;94,1950;EUR;RWE;MATCHED
BO904215;D2604480;12/08/2025;PWR_FR;S;01/07/2027;30/09/2027;54,600;MWH;62,1990;EUR;RWE;MATCHED
BO901370;D2601455;19/12/2025;PWR_FR;B;01/05/2026;31/05/2026;267,000;MWH;74,4480;EUR;MERCUR;MATCHED
BO901390;D2601479;08/01/2026;PWR_FR;S;01/08/2026;31/07/2027;129,100;MWH;61,0930;EUR;GUNVOR;MATCHED
BO907233;D2607695;06/10/2025;NG_PEG;B;01/10/2027;31/10/2027;35,500;MWH;35,6750;EUR;SHELL_;MATCHED
BO902994;D2603192;10/06/2025;PWR_FR;B;01/02/2027;28/02/2027;109,900;MWH;81,1490;EUR;SHELL_;MATCHED
BO903750;D2603984;13/05/2026;NG_PEG;B;01/02/2026;28/02/2026;467,400;MWH;37,1970;EUR;EDF_TR;MATCHED
BO902702;D2602874;15/04/2026;NG_PEG;S;01/07/2027;31/07/2027;344,000;MWH;24,6130;EUR;TOTALE;MATCHED
BO900788;D2600830;02/02/2026;PWR_FR;B;01/12/2027;31/12/2027;190,300;MWH;98,0510;EUR;STATKR;MATCHED
BO902876;d2603065;15/05/2026;PWR_FR;B;01/11/2026;31/01/2027;163,400;MWH;81,4450;EUR;UNIPER;MATCHED
BO906734;D2607167;23/03/2026;PWR_FR;S;01/02/2026;28/02/2026;357,000;MWH;74,4670;EUR;ICE_EN;MATCHED
BO908763;D2607865;14/07/2025;PWR_FR;S;01/01/2027;31/01/2027;81,500;MWH;110,6340;EUR;UNIPER;MATCHED
BO902060;D2602192;29/09/2025;PWR_FR;B;01/09/2026;31/08/2027;281,300;MWH;75,0330;EUR;STATKR;MATCHED
BO900258;D2600273;27/10/2025;NG_PEG;B;01/09/2027;30/09/2027;1277,600;MWH;27,2040;EUR;MERCUR;MATCHED
BO904643;D2604939;07/05/2026;NG_PEG;S;01/01/2026;31/01/2026;244,500;MWH;38,1160;EUR;AXPO;MATCHED
BO903774;D2604013;04/09/2025;PWR_FR;B;01/11/2027;30/11/2027;327,900;MWH;85,9980;EUR;AXPO;MATCHED
BO903514;D2603734;14/01/2026;PWR_FR;S;01/10/2026;31/10/2026;230,800;MWH;80,4150;EUR;RWE;MATCHED
BO904971;D2605297;27/02/2026;NG_PEG;B;01/08/2027;31/08/2027;79,200;MWH;28,0937;EUR;GUNVOR;MATCHED
BO905198;D2605538;24/07/2026;NG_PEG;S;01/01/2026;31/01/2026;715,500;MWH;41,3450;EUR;AXPO;MATCHED
BO900652;D2600693;04/11/2025;PWR_FR;B;01/03/2026;31/05/2026;202,000;MWH;92,0970;EUR;TOTALE;MATCHED
BO901030;D2601094;13/10/2025;NG_PEG;B;01/10/2026;31/10/2026;114,400;MWH;32,9710;EUR;STATKR;MATCHED
BO905704;D2606085;03/12/2025;PWR_FR;B;01/02/2027;28/02/2027;153,200;MWH;83,9590;EUR;GUNVOR;MATCHED
BO901091;D2601161;02/07/2025;PWR_FR;B;01/11/2027;30/11/2027;371,900;MWH;86,6690;EUR;STATKR;MATCHED
BO900067;D2600072;03/09/2025;PWR_FR;B;01/07/2027;31/07/2027;561,900;MWH;44,6880;EUR;MERCUR;MATCHED
BO900911;D2600962;14/07/2025;PWR_FR;S;01/09/2027;30/11/2027;55,100;MWH;69,7990;EUR;AXPO;MATCHED
BO900424;D2600448;28/10/2025;NG_PEG;B;01/11/2026;31/01/2027;160,000;MWH;25,3610;EUR;TOTALE;MATCHED
BO904631;D2604927;16/04/2026;NG_PEG;S;01/07/2026;31/07/2026;172,300;MWH;22,6480;EUR;STATKR;MATCHED
BO900472;D2600502;11/03/2026;NG_PEG;S;01/06/2027;30/06/2027;141,800;MWH;27,4090;EUR;TOTALE;MATCHED
BO908516;D2603790;15/09/2025;PWR_FR;S;01/11/2026;31/01/2027;1187,600;MWH;96,3120;EUR;GUNVOR;MATCHED
BO901302;D2601381;20/10/2025;PWR_FR;B;01/01/2027;31/01/2027;95,200;MWH;96,0190;EUR;TOTALE;MATCHED
BO901219;D2601296;04/07/2025;NG_PEG;S;01/04/2026;30/04/2026;359100,000;KWH;31,0250;EUR;ICE_EN;MATCHED
BO908749;D2604711;03/07/2026;PWR_FR;S;01/03/2027;31/03/2027;183,800;MWH;93,9330;EUR;SHELL_;MATCHED
BO908302;D2608837;18/05/2026;PWR_FR;B;01/06/2027;30/06/2027;120,200;MWH;66,2250;EUR;EDF_TR;MATCHED
BO904083;D2604341;29/08/2025;PWR_FR;B;01/12/2027;31/12/2027;691,200;MWH;78,9730;EUR;AXPO;MATCHED
BO901059;D2601127;20/05/2026;PWR_FR;B;01/12/2027;29/02/2028;49,200;MWH;66,6770;EUR;STATKR;MATCHED
BO906687;D2607119;14/05/2026;PWR_FR;B;01/06/2027;30/06/2027;269,500;MWH;49,5370;EUR;EDF_TR;MATCHED
BO901759;D2601868;09/07/2026;PWR_FR;B;01/02/2026;28/02/2026;162,700;MWH;102,7953;EUR;SHELL_;MATCHED
BO904312;D2604583;15/05/2026;NG_PEG;S;01/03/2026;31/03/2026;1088,100;MWH;27,3680;EUR;STATKR;MATCHED
BO908600;D2603028;03/12/2025;NG_PEG;B;01/02/2027;28/02/2027;422,800;MWH;41,0550;EUR;SHELL_;MATCHED
BO907012;D2607460;23/07/2026;PWR_FR;B;01/12/2026;31/12/2026;83,200;MWH;73,7520;EUR;EEX_CL;MATCHED
BO901452;D2601544;06/04/2026;PWR_FR;B;01/07/2027;30/06/2028;548,600;MWH;62,5640;EUR;UNIPER;MATCHED
BO904540;D2604830;06/02/2026;PWR_FR;S;01/02/2027;28/02/2027;105,500;MWH;95,1120;EUR;VITOL;MATCHED
BO901353;D2601436;01/05/2026;NG_PEG;B;01/04/2026;30/06/2026;240,800;MWH;36,3740;EUR;UNIPER;MATCHED
BO901825;D2601941;10/06/2026;PWR_FR;S;01/09/2026;30/11/2026;200,900;MWH;80,0080;EUR;RWE;MATCHED
BO903815;D2604056;10/02/2026;PWR_FR;S;01/01/2027;31/03/2027;189,700;MWH;109,9950;EUR;UNIPER;MATCHED
BO905253;D2605598;20/04/2026;PWR_FR;S;01/04/2026;30/06/2026;364,100;MWH;62,6500;EUR;MERCUR;MATCHED
BO903680;D2603911;07/08/2025;NG_PEG;B;01/01/2027;31/12/2027;346,300;MWH;36,0720;EUR;SHELL_;MATCHED
BO907313;D2607780;23/01/2026;PWR_FR;S;01/09/2026;30/09/2026;239,800;MWH;67,6740;EUR;GUNVOR;MATCHED
BO908777;D2602516;07/11/2025;PWR_FR;S;01/01/2027;31/01/2027;835,000;MWH;94,3560;EUR;TOTALE;MATCHED
BO900807;D2600853;19/05/2026;NG_PEG;S;01/03/2026;31/03/2026;532,000;MWH;36,8170;EUR;ICE_EN;MATCHED
BO901308;D2601389;08/07/2025;PWR_FR;B;01/03/2026;31/03/2026;122,700;MWH;80,1100;EUR;EEX_CL;MATCHED
BO907834;D2608333;23/07/2025;PWR_FR;B;01/12/2026;31/12/2026;187800,000;KWH;80,0790;EUR;TOTALE;MATCHED
BO904337;D2604611;27/03/2026;PWR_FR;B;01/07/2027;30/06/2028;198,500;MWH;46,6830;EUR;AXPO;MATCHED
BO904148;D2604410;13/08/2025;PWR_FR;S;01/05/2027;31/05/2027;37,700;MWH;60,6830;EUR;STATKR;MATCHED
BO901877;D2601999;10/07/2025;PWR_FR;S;01/08/2027;31/08/2027;180,600;MWH;52,9850;EUR;EDF_TR;MATCHED
BO908588;D2600433;20/05/2026;PWR_FR;B;01/04/2027;30/04/2027;89,100;MWH;83,9400;EUR;VITOL;MATCHED
BO905756;D2606137;06/05/2026;NG_PEG;B;01/12/2027;30/11/2028;292,000;MWH;33,2460;EUR;SHELL_;MATCHED
BO908294;D2608828;31/12/2025;PWR_FR;S;01/07/2027;31/07/2027;399,200;MWH;62,6510;EUR;UNIPER;MATCHED
BO903721;D2603954;10/06/2025;PWR_FR;S;01/06/2026;31/08/2026;296,700;MWH;72,4880;EUR;EEX_CL;MATCHED
BO903352;D2603570;09/03/2026;NG_PEG;B;01/12/2026;31/12/2026;66,300;MWH;35,4850;EUR;VITOL;MATCHED
BO902123;D2602257;15/01/2026;PWR_FR;B;01/05/2027;31/07/2027;353,500;MWH;75,9280;EUR;UNIPER;MATCHED
BO900565;D2600602;06/03/2026;PWR_FR;B;01/05/2027;31/05/2027;316,600;MWH;71,7140;EUR;UNIPER;MATCHED
BO903880;D2604124;09/07/2025;PWR_FR;S;01/12/2026;28/02/2027;378,200;MWH;82,5330;EUR;SHELL_;MATCHED
BO905886;D2606274;19/12/2025;PWR_FR;S;01/08/2026;31/10/2026;183,400;MWH;62,0310;EUR;TOTALE;MATCHED
BO900966;D2601021;01/10/2025;PWR_FR;S;01/08/2027;31/10/2027;195,400;MWH;73,5550;EUR;AXPO;MATCHED
BO905965;D2606359;11/09/2025;NG_PEG;B;01/11/2026;30/11/2026;330,800;MWH;41,1500;EUR;RWE;MATCHED
BO907782;D2608276;17/04/2026;PWR_FR;B;01/06/2027;30/06/2027;1107,300;MWH;79,7800;EUR;STATKR;MATCHED
BO900573;D2600611;22/07/2025;NG_PEG;S;01/08/2027;31/08/2027;127,100;MWH;20,3760;EUR;EEX_CL;MATCHED
BO904606;D2604900;24/06/2026;NG_PEG;B;01/11/2027;30/11/2027;118,400;MWH;37,2650;EUR;UNIPER;MATCHED
BO908541;D2606490;29/06/2026;PWR_FR;S;01/02/2026;28/02/2026;150,200;MWH;100,2620;EUR;STATKR;MATCHED
BO907778;D2608271;13/05/2026;PWR_FR;S;01/06/2026;31/08/2026;336,400;MWH;54,2160;EUR;AXPO;MATCHED
BO904048;D2604305;22/01/2026;PWR_FR;S;01/07/2027;30/09/2027;85,800;MWH;65,5590;EUR;MERCUR;MATCHED
BO903119;D2603326;16/04/2026;NG_PEG;B;01/10/2026;31/10/2026;212,600;MWH;38,1580;EUR;TOTALE;MATCHED
BO901090;D2601160;14/10/2025;NG_PEG;B;01/05/2027;31/05/2027;53,700;MWH;27,0610;EUR;ICE_EN;MATCHED
BO901628;D2601733;06/07/2026;NG_PEG;B;01/09/2026;30/09/2026;48,900;MWH;26,5400;EUR;SHELL_;MATCHED
BO904492;D2604778;22/05/2026;NG_PEG;B;01/11/2026;30/11/2026;507,900;MWH;31,5360;EUR;MERCUR;MATCHED
BO902983;D2603181;25/05/2026;PWR_FR;B;01/11/2026;31/01/2027;188,200;MWH;89,4740;EUR;STATKR;MATCHED
BO906704;D2607136;13/11/2025;NG_PEG;S;01/03/2026;31/03/2026;109,000;MWH;31,9080;EUR;RWE;MATCHED
BO904009;D2604261;22/07/2025;PWR_FR;B;01/08/2026;31/10/2026;298,600;MWH;67,7140;EUR;EEX_CL;MATCHED
BO904263;D2604532;14/07/2025;NG_PEG;S;01/10/2026;31/12/2026;251,400;MWH;32,4850;EUR;VITOL;MATCHED
BO902166;D2602302;27/05/2026;NG_PEG;B;01/08/2026;31/08/2026;251,300;MWH;21,3080;EUR;SHELL_;MATCHED
BO907470;D2607943;09/01/2026;PWR_FR;B;01/07/2027;30/09/2027;316,700;MWH;62,7660;EUR;TOTALE;MATCHED
BO903017;D2603219;24/12/2025;NG_PEG;B;01/01/2026;31/01/2026;98,800;MWH;38,8400;EUR;ICE_EN;MATCHED
BO902175;D2602311;01/01/2026;PWR_FR;B;01/04/2027;30/04/2027;628,100;MWH;79,0320;EUR;RWE;MATCHED
BO904139;D2604401;11/09/2025;PWR_FR;B;01/10/2027;31/10/2027;190,700;MWH;88,4560;EUR;MERCUR;MATCHED
BO901902;D2602026;26/02/2026;NG_PEG;B;01/08/2026;31/08/2026;336,500;MWH;25,5600;EUR;STATKR;CXL
BO908312;D2608847;16/03/2026;PWR_FR;B;01/03/2027;31/03/2027;201,700;MWH;93,2950;EUR;MERCUR;MATCHED
BO906915;D2607356;03/03/2026;NG_PEG;S;01/09/2027;30/11/2027;460,100;MWH;26,7130;EUR;VITOL;MATCHED
BO905519;D2605886;13/03/2026;NG_PEG;S;01/10/2026;31/10/2026;358,600;MWH;33,9990;EUR;MERCUR;MATCHED
BO904281;D2604550;24/12/2025;NG_PEG;B;01/02/2026;31/01/2027;527,300;MWH;36,6010;EUR;SHELL_;MATCHED
BO902032;D2602162;06/07/2026;PWR_FR;B;01/11/2026;31/10/2027;494,100;MWH;88,9750;EUR;GUNVOR;MATCHED
BO903294;D2603511;31/12/2025;PWR_FR;S;01/09/2027;30/09/2027;189,400;MWH;74,9480;EUR;MERCUR;MATCHED
BO900252;D2600267;04/03/2026;NG_PEG;S;01/08/2026;31/10/2026;372,200;MWH;25,4140;EUR;EEX_CL;MATCHED
BO904265;D2604534;13/05/2026;NG_PEG;S;01/06/2026;30/06/2026;356,200;MWH;22,8870;EUR;GUNVOR;CXL
BO905764;D2606146;04/12/2025;PWR_FR;S;01/05/2027;31/05/2027;118,200;MWH;77,4750;EUR;RWE;MATCHED
BO903734;D2603968;09/12/2025;PWR_FR;B;01/03/2026;31/03/2026;398,900;MWH;85,7270;EUR;UNIPER;MATCHED
BO905489;D2605854;02/02/2026;NG_PEG;B;01/05/2026;30/04/2027;445,500;MWH;27,6220;EUR;UNIPER;MATCHED
BO904767;D2605080;11/09/2025;NG_PEG;B;01/12/2027;31/12/2027;186,400;MWH;34,8200;EUR;ICE_EN;MATCHED
BO901417;D02601508;18/09/2025;PWR_FR;B;01/09/2027;30/11/2027;225,500;MWH;71,4880;EUR;SHELL_;MATCHED
BO904140;D2604402;04/06/2025;PWR_FR;B;01/10/2027;30/09/2028;209,700;MWH;79,2130;EUR;EEX_CL;MATCHED
BO907666;D2608153;04/12/2025;PWR_FR;S;01/11/2026;30/11/2026;423,300;MWH;84,2710;EUR;EDF_TR;MATCHED
BO907061;D2607512;21/07/2025;PWR_FR;S;01/08/2027;31/08/2027;253,400;MWH;59,2840;EUR;AXPO;MATCHED
BO907719;D2608208;25/08/2025;PWR_FR;S;01/10/2026;31/10/2026;66,200;MWH;78,7570;EUR;MERCUR;MATCHED
BO902014;D2602144;24/07/2026;NG_PEG;B;01/02/2026;30/04/2026;17,600;MWH;31,8230;EUR;SHELL_;MATCHED
BO906135;D2606535;06/01/2026;NG_PEG;S;01/12/2026;31/12/2026;39,700;MWH;37,5090;EUR;STATKR;MATCHED
BO900694;D2600736;22/07/2025;PWR_FR;B;01/11/2026;30/11/2026;407,500;MWH;82,5500;EUR;EDF_TR;MATCHED
BO901488;D2601583;06/11/2025;NG_PEG;B;01/01/2026;31/01/2026;504,000;MWH;34,0510;EUR;EEX_CL;MATCHED
BO900188;D2600200;01/09/2025;PWR_FR;S;01/07/2026;31/07/2026;143,400;MWH;63,5450;EUR;GUNVOR;MATCHED
BO904799;D2605115;23/07/2026;PWR_FR;B;01/06/2027;30/06/2027;198,800;MWH;70,2370;EUR;EDF_TR;MATCHED
BO907978;D2608492;29/06/2026;PWR_FR;S;01/06/2026;31/05/2027;581,700;MWH;54,8760;EUR;UNIPER;MATCHED
BO905736;D2606117;19/09/2025;PWR_FR;S;01/10/2026;31/10/2026;148,000;MWH;73,8770;EUR;SHELL_;MATCHED
BO907014;D2607462;19/03/2026;NG_PEG;B;01/07/2026;31/07/2026;180,100;MWH;22,6380;EUR;TOTALE;MATCHED
BO908200;D2608729;14/07/2025;PWR_FR;S;01/12/2027;31/12/2027;87,400;MWH;110,5270;EUR;UNIPER;MATCHED
BO903007;D2603209;01/07/2025;PWR_FR;S;01/09/2027;30/09/2027;216,000;MWH;74,4600;EUR;STATKR;MATCHED
BO900076;D2600081;20/02/2026;PWR_FR;S;01/02/2027;31/01/2028;205,800;MWH;86,2710;EUR;GUNVOR;MATCHED
BO905172;D2605509;30/01/2026;NG_PEG;B;01/02/2026;28/02/2026;394,600;MWH;40,1410;EUR;RWE;MATCHED
BO907477;D2607950;15/12/2025;NG_PEG;S;01/07/2026;31/07/2026;818,400;MWH;25,0240;EUR;RWE;MATCHED
BO908949;D2608240;26/02/2026;PWR_FR;B;01/12/2026;31/12/2026;310,900;MWH;99,1610;EUR;SHELL_;MATCHED
BO907009;D2607457;21/08/2025;PWR_FR;B;01/12/2027;31/12/2027;561,900;MWH;93,1700;EUR;SHELL_;MATCHED
BO907275;D2607739;04/09/2025;NG_PEG;B;01/05/2026;31/05/2026;305,900;MWH;26,0260;EUR;TOTALE;MATCHED
BO900810;D2600856;22/09/2025;NG_PEG;S;01/02/2026;28/02/2026;517,100;MWH;35,3310;EUR;AXPO;MATCHED
BO906625;D2607050;27/08/2025;NG_PEG;S;01/03/2026;31/03/2026;158,900;MWH;36,1210;EUR;GUNVOR;MATCHED
BO900309;D2600328;21/08/2025;NG_PEG;B;01/12/2026;31/12/2026;34,900;MWH;39,4950;EUR;TOTALE;MATCHED
BO906914;D2607355;15/07/2026;PWR_FR;S;01/11/2027;30/11/2027;561,800;MWH;102,7110;EUR;VITOL;MATCHED
BO902326;D2602471;22/10/2025;NG_PEG;B;01/08/2026;31/10/2026;456,500;MWH;23,7750;EUR;GUNVOR;MATCHED
BO904269;D2604538;01/01/2026;PWR_FR;B;01/10/2026;31/12/2026;264,300;MWH;77,6290;EUR;UNIPER;MATCHED
BO905008;D2605336;02/01/2026;PWR_FR;B;01/09/2027;30/09/2027;205,100;MWH;78,3680;EUR;STATKR;MATCHED
BO905635;D2606012;30/01/2026;PWR_FR;S;01/08/2026;31/07/2027;21,100;MWH;74,5510;EUR;TOTALE;CXL
BO900107;D2600114;07/10/2025;NG_PEG;S;01/01/2026;31/01/2026;60,000;MWH;39,0230;EUR;STATKR;MATCHED
BO902783;D2602967;25/06/2026;PWR_FR;B;01/11/2026;31/01/2027;163,800;MWH;84,8460;EUR;VITOL;MATCHED
BO902914;D2603108;21/07/2025;PWR_FR;S;01/12/2026;28/02/2027;285,400;MWH;82,5270;EUR;MERCUR;MATCHED
BO908820;D2606057;10/09/2025;PWR_FR;S;01/11/2027;30/11/2027;50,700;MWH;93,3780;EUR;VITOL;MATCHED
BO900221;D2600234;22/01/2026;PWR_FR;B;01/11/2027;30/11/2027;125,200;MWH;94,0350;EUR;UNIPER;MATCHED
BO900797;D2600841;26/08/2025;NG_PEG;B;01/01/2027;31/01/2027;271,200;MWH;36,2650;EUR;SHELL_;MATCHED
BO902412;d2602566;07/11/2025;NG_PEG;B;01/01/2027;31/01/2027;94,000;MWH;42,1200;EUR;EEX_CL;MATCHED
BO908704;D2603691;03/03/2026;PWR_FR;S;01/04/2026;30/04/2026;193,600;MWH;72,1780;EUR;EDF_TR;MATCHED
BO907993;D2608510;31/07/2025;PWR_FR;S;01/11/2027;31/01/2028;448,400;MWH;84,6580;EUR;AXPO;MATCHED
BO901089;D2601159;09/06/2025;PWR_FR;B;01/06/2027;31/08/2027;192,000;MWH;66,4820;EUR;UNIPER;MATCHED
BO900875;D2600926;10/03/2026;PWR_FR;B;01/11/2026;31/01/2027;123,900;MWH;99,9130;EUR;AXPO;MATCHED
BO907116;D2607572;11/02/2026;NG_PEG;B;01/03/2026;31/03/2026;171,000;MWH;39,4960;EUR;VITOL;MATCHED
BO905355;D2605709;16/07/2026;PWR_FR;B;01/01/2027;31/01/2027;115,500;MWH;91,7640;EUR;UNIPER;MATCHED
BO901964;D2602092;23/07/2025;PWR_FR;S;01/08/2026;31/08/2026;32,900;MWH;54,4900;EUR;TOTALE;MATCHED
BO907947;D2608460;25/09/2025;NG_PEG;B;01/06/2026;31/08/2026;384,300;MWH;21,0330;EUR;UNIPER;MATCHED
BO902509;D2602668;03/07/2025;PWR_FR;S;01/11/2026;30/11/2026;567,200;MWH;79,9630;EUR;UNIPER;MATCHED
BO907209;D2607669;08/08/2025;PWR_FR;S;01/09/2026;30/09/2026;627,200;MWH;60,6370;EUR;VITOL;MATCHED
BO901106;D2601177;18/07/2025;NG_PEG;B;01/05/2026;31/05/2026;679,600;MWH;27,4360;EUR;ICE_EN;MATCHED
BO900373;D2600395;30/01/2026;PWR_FR;B;01/04/2026;30/04/2026;191,700;MWH;75,7840;EUR;AXPO;MATCHED
BO903965;D2604214;24/06/2026;NG_PEG;B;01/11/2027;31/01/2028;125,600;MWH;36,0350;EUR;STATKR;MATCHED
BO903751;D2603985;22/04/2026;PWR_FR;B;01/06/2026;31/08/2026;190,000;MWH;61,7930;EUR;VITOL;MATCHED
BO904719;D2605028;19/09/2025;PWR_FR;S;01/03/2026;31/03/2026;86,800;MWH;91,8300;EUR;STATKR;MATCHED
BO901676;D2601783;02/02/2026;PWR_FR;S;01/03/2026;31/03/2026;443,700;MWH;82,9510;EUR;RWE;MATCHED
BO908067;D2608587;24/12/2025;NG_PEG;S;01/01/2026;31/03/2026;88,100;MWH;30,3160;EUR;UNIPER;MATCHED
BO908169;D2608696;18/08/2025;PWR_FR;B;01/05/2027;31/05/2027;135,800;MWH;77,6900;EUR;VITOL;MATCHED
BO901174;D2601250;27/04/2026;NG_PEG;B;01/10/2026;31/10/2026;89,800;MWH;31,4450;EUR;SHELL_;MATCHED
BO990035;D9500035;19/09/2025;PWR_FR;S;01/10/2026;31/10/2026;148,000;MWH;73,8770;EUR;SHELL_;MATCHED
BO905490;D2605855;25/08/2025;PWR_FR;B;01/04/2026;30/04/2026;439,700;MWH;84,3820;EUR;SHELL_;MATCHED
BO903247;D2603463;13/11/2025;NG_PEG;S;01/08/2026;31/10/2026;516,200;MWH;25,7580;EUR;EEX_CL;MATCHED
BO905272;D2605619;04/08/2025;PWR_FR;S;01/08/2027;31/08/2027;528,100;MWH;77,5720;EUR;VITOL;MATCHED
BO903098;D2603304;03/07/2026;NG_PEG;S;01/12/2027;31/12/2027;106,400;MWH;37,7110;EUR;UNIPER;MATCHED
BO902714;D2602886;01/07/2025;PWR_FR;B;01/09/2026;30/09/2026;228,600;MWH;66,0120;EUR;STATKR;MATCHED
BO904429;D2604710;12/01/2026;PWR_FR;S;01/10/2026;31/10/2026;643,200;MWH;81,1720;EUR;GUNVOR;MATCHED
BO903464;D2603682;03/04/2026;PWR_FR;S;01/05/2027;31/05/2027;1265,900;MWH;70,4590;EUR;AXPO;MATCHED
BO904328;D2604600;08/09/2025;PWR_FR;B;01/12/2027;29/02/2028;705,300;MWH;102,0180;EUR;EEX_CL;MATCHED
BO902188;D2602326;05/08/2025;PWR_FR;S;01/11/2026;30/11/2026;243,800;MWH;84,6740;EUR;MERCUR;MATCHED
BO901529;D2601627;28/05/2026;PWR_FR;S;01/11/2027;30/11/2027;585,100;MWH;82,1330;EUR;MERCUR;MATCHED
BO904348;D2604622;03/10/2025;PWR_FR;S;01/12/2027;31/12/2027;836,900;MWH;109,8900;EUR;TOTALE;MATCHED
BO906378;D2606793;18/08/2025;NG_PEG;S;01/01/2026;31/01/2026;406,500;MWH;38,5100;EUR;GUNVOR;MATCHED
BO902227;D2602365;15/08/2025;PWR_FR;S;01/11/2026;30/11/2026;150,800;MWH;79,7980;EUR;UNIPER;MATCHED
BO904815;D2605132;18/05/2026;PWR_FR;S;01/10/2026;31/12/2026;2835,900;MWH;78,0350;EUR;SHELL_;MATCHED
BO901528;D2601626;12/06/2025;PWR_FR;S;01/06/2026;31/05/2027;540,500;MWH;66,1330;EUR;MERCUR;MATCHED
BO903524;D2603745;09/06/2025;PWR_FR;B;01/04/2026;30/04/2026;122,900;MWH;74,9500;EUR;AXPO;MATCHED
BO902991;D2603189;19/09/2025;PWR_FR;S;01/08/2027;31/10/2027;504,000;MWH;70,2980;EUR;EEX_CL;MATCHED
BO903808;D2604048;03/04/2026;NG_PEG;S;01/01/2026;31/01/2026;277,900;MWH;46,5200;EUR;RWE;MATCHED
BO990059;D9500059;04/12/2025;NG_PEG;S;01/06/2026;31/08/2026;353,700;MWH;29,3640;EUR;EEX_CL;MATCHED
BO905769;D2606152;24/09/2025;NG_PEG;S;01/02/2027;28/02/2027;304,000;MWH;32,0740;EUR;ICE_EN;MATCHED
BO905217;D2605558;02/06/2026;PWR_FR;S;01/09/2026;30/09/2026;135,100;MWH;73,8070;EUR;VITOL;MATCHED
BO908937;D2600967;16/02/2026;PWR_FR;B;01/11/2026;30/11/2026;220,100;MWH;80,2240;EUR;EEX_CL;MATCHED
BO903316;D2603534;18/06/2025;PWR_FR;S;01/02/2027;30/04/2027;118,800;MWH;103,1680;EUR;VITOL;MATCHED
BO900741;D2600783;17/07/2026;NG_PEG;S;01/09/2027;30/09/2027;26,200;MWH;23,1290;EUR;MERCUR;MATCHED
BO990074;D9500074;21/05/2026;PWR_FR;B;01/06/2027;30/06/2027;117,100;MWH;76,4960;EUR;SHELL_;MATCHED
BO908627;D2600198;16/04/2026;PWR_FR;B;01/09/2027;30/11/2027;259,700;MWH;73,3850;EUR;SHELL_;MATCHED
BO907431;D2607904;27/04/2026;PWR_FR;S;01/11/2027;30/11/2027;106,100;MWH;80,3660;EUR;MERCUR;MATCHED
BO900461;D2600489;19/06/2026;PWR_FR;B;01/08/2027;31/08/2027;82,300;MWH;57,2050;EUR;RWE;MATCHED
BO900641;D2600681;04/11/2025;PWR_FR;S;01/06/2027;30/06/2027;361,700;MWH;77,1840;EUR;TOTALE;MATCHED
BO904980;D2605306;17/11/2025;NG_PEG;B;01/10/2026;31/12/2026;226,000;MWH;38,9190;EUR;GUNVOR;MATCHED
BO900858;D2600908;09/04/2026;PWR_FR;S;01/09/2027;30/09/2027;467,700;MWH;64,5930;EUR;EDF_TR;MATCHED
BO901700;D2601808;03/11/2025;NG_PEG;B;01/03/2026;28/02/2027;667,900;MWH;24,9730;EUR;SHELL_;MATCHED
BO904844;D2605164;13/05/2026;PWR_FR;S;01/07/2026;30/09/2026;525,200;MWH;69,1600;EUR;VITOL;MATCHED
BO908761;D2604234;13/04/2026;PWR_FR;S;01/08/2027;31/08/2027;296,900;MWH;62,7490;EUR;MERCUR;MATCHED
BO905557;D2605925;26/02/2026;PWR_FR;B;01/05/2026;31/05/2026;415,100;MWH;67,1400;EUR;TOTALE;MATCHED
BO906840;D2607279;23/03/2026;NG_PEG;B;01/01/2027;31/01/2027;363,700;MWH;38,2200;EUR;UNIPER;MATCHED
BO902757;D2602936;27/02/2026;NG_PEG;S;01/10/2027;31/10/2027;797,300;MWH;36,4870;EUR;UNIPER;MATCHED
BO903833;D2604074;19/08/2025;NG_PEG;B;01/08/2027;31/08/2027;82,500;MWH;25,8450;EUR;SHELL_;MATCHED
BO904776;D2605090;04/02/2026;PWR_FR;B;01/05/2026;31/05/2026;115,800;MWH;73,8730;EUR;RWE;MATCHED
BO903334;D2603552;08/06/2026;PWR_FR;B;01/05/2026;31/05/2026;408,300;MWH;78,6750;EUR;ICE_EN;MATCHED
BO905120;D2605452;20/06/2025;PWR_FR;B;01/11/2027;30/11/2027;74,500;MWH;89,1610;EUR;SHELL_;MATCHED
BO905913;D2606301;23/02/2026;PWR_FR;S;01/08/2027;31/08/2027;1253,800;MWH;79,9040;EUR;ICE_EN;MATCHED
BO907720;D2608209;25/07/2025;PWR_FR;S;01/01/2027;31/01/2027;171,700;MWH;97,9710;EUR;AXPO;MATCHED
BO900487;D2600518;12/11/2025;PWR_FR;B;01/06/2026;31/05/2027;98,300;MWH;63,1950;EUR;EEX_CL;MATCHED
BO900283;D2600300;22/07/2025;NG_PEG;S;01/02/2026;28/02/2026;790,100;MWH;45,9710;EUR;AXPO;MATCHED
BO904762;D2605074;06/05/2026;NG_PEG;B;01/09/2027;30/11/2027;494,700;MWH;22,0520;EUR;STATKR;MATCHED
BO902405;D2602559;24/03/2026;NG_PEG;B;01/06/2027;31/08/2027;31,800;MWH;25,2220;EUR;SHELL_;CXL
BO908916;D2605837;19/08/2025;PWR_FR;S;01/03/2026;31/03/2026;237,200;MWH;93,6400;EUR;EEX_CL;MATCHED
BO908602;D2608100;27/10/2025;NG_PEG;S;01/05/2026;31/05/2026;102,900;MWH;31,8910;EUR;GUNVOR;MATCHED
BO903380;D2603598;30/01/2026;PWR_FR;B;01/07/2027;30/09/2027;66,700;MWH;67,4580;EUR;AXPO;MATCHED
BO901829;D2601945;29/12/2025;PWR_FR;B;01/02/2026;30/04/2026;35,500;MWH;81,8170;EUR;ICE_EN;MATCHED
BO901472;D2601565;29/12/2025;PWR_FR;S;01/02/2027;28/02/2027;478,500;MWH;84,9470;EUR;EEX_CL;MATCHED
BO908945;D2603316;04/06/2025;NG_PEG;B;01/05/2027;31/05/2027;453,000;MWH;25,2320;EUR;SHELL_;MATCHED
BO906476;D2606896;31/03/2026;PWR_FR;B;01/08/2026;31/08/2026;164,500;MWH;66,5420;EUR;UNIPER;MATCHED
BO904115;D2604375;27/05/2026;PWR_FR;S;01/04/2026;30/04/2026;67,800;MWH;91,4120;EUR;UNIPER;MATCHED
BO903716;D2603949;15/12/2025;NG_PEG;S;01/10/2026;31/10/2026;320,100;MWH;29,2360;EUR;ICE_EN;MATCHED
BO990000;D9500000;02/09/2025;PWR_FR;B;01/05/2027;31/05/2027;225,500;MWH;66,4480;EUR;EDF_TR;MATCHED
BO903482;D2603702;27/02/2026;PWR_FR;S;01/12/2027;31/12/2027;291,800;MWH;81,1270;EUR;EDF_TR;MATCHED
BO906446;D2606865;08/10/2025;NG_PEG;S;01/08/2027;31/08/2027;140,900;MWH;26,9030;EUR;ICE_EN;MATCHED
BO902597;D2602763;13/03/2026;PWR_FR;B;01/07/2026;31/07/2026;99,900;MWH;80,3960;EUR;VITOL;MATCHED
BO907261;D2607725;09/09/2025;PWR_FR;S;01/07/2026;31/07/2026;19,500;MWH;51,7930;EUR;AXPO;MATCHED
BO990039;D9500039;23/07/2025;PWR_FR;B;01/05/2027;30/04/2028;138,800;MWH;59,6460;EUR;GUNVOR;MATCHED
BO905793;D2606178;29/08/2025;NG_PEG;B;01/03/2026;31/03/2026;154,100;MWH;31,1300;EUR;AXPO;MATCHED
BO900697;D2600739;21/11/2025;PWR_FR;S;01/07/2027;31/07/2027;304,200;MWH;56,4400;EUR;STATKR;MATCHED
BO904318;D2604589;24/04/2026;PWR_FR;S;01/03/2026;28/02/2027;118,400;MWH;76,9790;EUR;SHELL_;MATCHED
BO907255;D2607718;23/07/2025;PWR_FR;B;01/05/2027;31/05/2027;428,000;MWH;74,9950;EUR;ICE_EN;MATCHED
BO908447;D2608987;01/07/2025;NG_PEG;S;01/06/2027;30/06/2027;2041,900;MWH;22,5980;EUR;VITOL;MATCHED
BO902165;D2602301;07/11/2025;NG_PEG;B;01/04/2027;30/04/2027;423,900;MWH;26,7120;EUR;EEX_CL;MATCHED
BO902413;D2602567;12/06/2025;NG_PEG;S;01/01/2026;31/01/2026;414,600;MWH;33,7910;EUR;VITOL;MATCHED
BO901660;D2601767;02/07/2025;PWR_FR;B;01/10/2026;31/10/2026;1352,600;MWH;78,7560;EUR;AXPO;MATCHED
BO906391;D2606808;24/07/2026;PWR_FR;S;01/05/2027;31/05/2027;416,200;MWH;74,7800;EUR;SHELL_;MATCHED
BO900138;D2600147;02/07/2026;NG_PEG;S;01/07/2027;30/09/2027;320800,000;KWH;24,0810;EUR;SHELL_;MATCHED
BO907972;D2608486;26/12/2025;NG_PEG;B;01/12/2026;31/12/2026;488,200;MWH;36,7780;EUR;EDF_TR;MATCHED
BO907090;D2607543;15/04/2026;NG_PEG;B;01/11/2026;31/01/2027;654,500;MWH;33,2570;EUR;UNIPER;MATCHED
BO903412;D2603630;05/09/2025;NG_PEG;B;01/10/2026;31/10/2026;400,500;MWH;39,2270;EUR;EDF_TR;MATCHED
BO905165;D2605500;19/01/2026;NG_PEG;B;01/09/2026;31/08/2027;711,000;MWH;25,2960;EUR;SHELL_;MATCHED
BO902523;D2602684;16/07/2025;PWR_FR;B;01/10/2027;31/12/2027;284,400;MWH;77,9480;EUR;MERCUR;MATCHED
BO904466;D2604750;08/04/2026;PWR_FR;B;01/01/2026;31/01/2026;403,500;MWH;106,2710;EUR;GUNVOR;MATCHED
BO901466;D2601558;12/06/2025;PWR_FR;S;01/03/2027;31/05/2027;106,100;MWH;104,5110;EUR;EDF_TR;MATCHED
BO905705;D2606086;24/12/2025;PWR_FR;S;01/12/2027;31/12/2027;154,800;MWH;71,1490;EUR;TOTALE;MATCHED
BO901181;D2601257;14/07/2026;NG_PEG;S;01/01/2027;31/03/2027;246,600;MWH;36,1150;EUR;GUNVOR;MATCHED
BO902559;D2602721;31/07/2025;PWR_FR;S;01/04/2026;30/04/2026;311,400;MWH;75,4370;EUR;ICE_EN;MATCHED
BO904711;D2605020;25/06/2026;PWR_FR;S;01/05/2026;30/04/2027;1382,000;MWH;68,8690;EUR;ICE_EN;MATCHED
BO905785;D2606170;13/10/2025;PWR_FR;S;01/11/2027;30/11/2027;833,400;MWH;97,5250;EUR;STATKR;MATCHED
BO904935;D2605260;05/09/2025;PWR_FR;B;01/11/2027;30/11/2027;1021,200;MWH;99,3180;EUR;GUNVOR;MATCHED
BO908709;D2605713;01/07/2025;PWR_FR;S;01/10/2026;31/10/2026;218,600;MWH;72,0392;EUR;UNIPER;MATCHED
BO908675;D2603948;06/02/2026;PWR_FR;B;01/07/2027;31/07/2027;372,100;MWH;57,0020;EUR;GUNVOR;MATCHED
BO904491;D2604777;14/08/2025;NG_PEG;B;01/05/2026;31/07/2026;1467,200;MWH;27,9130;EUR;AXPO;MATCHED
BO903484;D2603704;09/07/2026;PWR_FR;B;01/06/2026;30/06/2026;129,500;MWH;55,7840;EUR;RWE;MATCHED
BO908514;D2602751;18/07/2025;NG_PEG;S;01/12/2027;30/11/2028;144,800;MWH;36,5470;EUR;UNIPER;MATCHED
BO903945;D2604192;18/03/2026;NG_PEG;B;01/10/2027;31/10/2027;139,600;MWH;34,4260;EUR;TOTALE;MATCHED
BO903917;D2604161;08/10/2025;NG_PEG;B;01/02/2026;30/04/2026;139,500;MWH;39,8830;EUR;SHELL_;MATCHED
BO901817;D2601933;21/04/2026;PWR_FR;B;01/11/2027;30/11/2027;273,200;MWH;92,2090;EUR;VITOL;MATCHED
BO904234;D2604500;14/08/2025;NG_PEG;S;01/08/2026;31/08/2026;138,400;MWH;27,6450;EUR;AXPO;MATCHED
BO908824;D2605892;16/01/2026;PWR_FR;S;01/06/2026;31/08/2026;546,000;MWH;55,4370;EUR;ICE_EN;MATCHED
BO906646;D2607074;13/07/2026;PWR_FR;B;01/09/2026;30/09/2026;225,600;MWH;75,5820;EUR;RWE;MATCHED
BO902633;D2602799;17/09/2025;NG_PEG;S;01/05/2027;31/07/2027;179,100;MWH;29,3860;EUR;EEX_CL;MATCHED
BO908104;D2608627;08/07/2026;PWR_FR;S;01/09/2027;30/11/2027;214,800;MWH;51,6620;EUR;ICE_EN;MATCHED
BO900365;D2600386;19/06/2026;NG_PEG;B;01/11/2026;31/10/2027;150,800;MWH;34,5180;EUR;RWE;MATCHED
BO905540;D2605908;05/05/2026;NG_PEG;B;01/01/2026;31/01/2026;180,600;MWH;32,6940;EUR;TOTALE;MATCHED
BO908076;D2608596;14/05/2026;PWR_FR;B;01/02/2026;28/02/2026;328,300;MWH;95,0590;EUR;EEX_CL;MATCHED
BO908047;D2608567;05/06/2026;NG_PEG;B;01/04/2026;30/06/2026;147,600;MWH;31,3510;EUR;SHELL_;MATCHED
BO902135;D2602269;05/12/2025;PWR_FR;S;01/05/2026;31/05/2026;105,000;MWH;74,9920;EUR;EDF_TR;MATCHED
BO902530;D2602691;20/08/2025;NG_PEG;S;01/04/2027;30/04/2027;20,700;MWH;26,1570;EUR;UNIPER;MATCHED
BO900191;D2600204;19/08/2025;PWR_FR;B;01/11/2027;30/11/2027;85,200;MWH;91,7220;EUR;VITOL;MATCHED
BO900717;D2600759;13/07/2026;PWR_FR;S;01/08/2026;31/08/2026;624,400;MWH;58,5990;EUR;RWE;MATCHED
BO903650;D2603880;28/04/2026;PWR_FR;B;01/12/2026;31/12/2026;358,900;MWH;119,6600;EUR;RWE;CXL
BO905469;D2605832;02/01/2026;NG_PEG;S;01/10/2027;31/10/2027;242,900;MWH;37,0110;EUR;SHELL_;MATCHED
BO900408;D2600431;28/10/2025;PWR_FR;S;01/08/2026;31/08/2026;1057,100;MWH;67,5980;EUR;AXPO;MATCHED
BO902813;D2602999;26/09/2025;PWR_FR;S;01/12/2026;28/02/2027;279,300;MWH;90,1470;EUR;TOTALE;MATCHED
BO906946;D2607389;11/06/2025;PWR_FR;S;01/04/2027;30/04/2027;242,600;MWH;78,8130;EUR;GUNVOR;MATCHED
BO905308;D2605661;19/06/2026;PWR_FR;B;01/12/2026;31/12/2026;131,000;MWH;83,4770;EUR;GUNVOR;MATCHED
BO901182;D2601258;02/06/2025;NG_PEG;S;01/10/2027;30/09/2028;407,000;MWH;32,4240;EUR;VITOL;MATCHED
BO905327;D2605680;01/10/2025;NG_PEG;B;01/09/2027;30/09/2027;219,700;MWH;32,4690;EUR;UNIPER;MATCHED
BO908911;D2607682;17/10/2025;PWR_FR;S;01/07/2027;31/07/2027;222,800;MWH;67,4310;EUR;ICE_EN;MATCHED
BO906156;D2606557;03/11/2025;NG_PEG;B;01/05/2026;31/05/2026;743,800;MWH;28,4490;EUR;ICE_EN;MATCHED
BO904390;D2604669;01/04/2026;NG_PEG;B;01/08/2027;31/08/2027;120,600;MWH;26,7480;EUR;TOTALE;MATCHED
BO902724;D2602896;20/06/2025;PWR_FR;B;01/01/2027;31/01/2027;239,800;MWH;81,9160;EUR;MERCUR;MATCHED
BO903073;D2603277;21/07/2026;PWR_FR;B;01/11/2027;30/11/2027;46,900;MWH;80,6660;EUR;STATKR;MATCHED
BO901534;D2601632;05/06/2025;NG_PEG;B;01/01/2026;31/03/2026;680,000;MWH;41,3340;EUR;MERCUR;MATCHED
BO905117;D2605449;14/08/2025;PWR_FR;S;01/12/2027;31/12/2027;83,200;MWH;87,7290;EUR;EEX_CL;MATCHED
BO902668;D2602836;31/03/2026;NG_PEG;S;01/12/2027;31/12/2027;410,100;MWH;38,6090;EUR;MERCUR;MATCHED
BO907953;D2608466;15/06/2026;PWR_FR;S;01/08/2027;31/08/2027;697,900;MWH;71,1550;EUR;EEX_CL;MATCHED
BO905397;D2605756;06/08/2025;NG_PEG;B;01/06/2027;31/05/2028;320,300;MWH;24,4180;EUR;TOTALE;MATCHED
BO904919;D2605241;23/07/2026;PWR_FR;B;01/12/2027;31/12/2027;114,800;MWH;76,7760;EUR;AXPO;MATCHED
BO901550;D2601650;06/03/2026;PWR_FR;S;01/04/2026;31/03/2027;632,400;MWH;90,8840;EUR;MERCUR;MATCHED
BO902648;D2602814;05/06/2026;NG_PEG;B;01/05/2026;31/05/2026;280,700;MWH;29,9340;EUR;VITOL;MATCHED
BO907718;D2608207;08/07/2025;PWR_FR;S;01/11/2027;31/01/2028;279,500;MWH;91,9930;EUR;STATKR;MATCHED
BO903002;D2603204;29/07/2025;PWR_FR;S;01/03/2027;31/05/2027;53,800;MWH;72,7510;EUR;EDF_TR;MATCHED
BO904692;D2604999;08/06/2026;NG_PEG;B;01/11/2026;30/11/2026;2706,300;MWH;32,0720;EUR;GUNVOR;MATCHED
BO908653;D2607231;08/09/2025;PWR_FR;B;01/11/2026;30/11/2026;129,200;MWH;100,6000;EUR;RWE;MATCHED
BO907503;D2607977;17/07/2026;PWR_FR;B;01/04/2026;30/04/2026;440,100;MWH;77,6620;EUR;TOTALE;MATCHED
BO908064;D2608584;28/08/2025;NG_PEG;S;01/01/2027;31/01/2027;65,500;MWH;46,7570;EUR;STATKR;MATCHED
BO905123;D2605455;09/02/2026;NG_PEG;B;01/04/2026;30/04/2026;571,900;MWH;30,9050;EUR;RWE;MATCHED
BO900447;D2600473;17/06/2025;PWR_FR;B;01/11/2027;31/01/2028;170,200;MWH;82,9860;EUR;STATKR;MATCHED
BO904101;D2604359;17/06/2025;PWR_FR;B;01/08/2027;31/08/2027;148,000;MWH;60,1880;EUR;SHELL_;MATCHED
BO908977;D2602002;13/08/2025;NG_PEG;B;01/07/2026;31/07/2026;364,600;MWH;25,7330;EUR;MERCUR;MATCHED
BO905906;D2606294;25/05/2026;NG_PEG;S;01/08/2026;31/08/2026;473,100;MWH;28,7020;EUR;TOTALE;MATCHED
BO903630;D2603858;20/03/2026;PWR_FR;B;01/04/2027;30/04/2027;206,300;MWH;80,8920;EUR;EEX_CL;MATCHED
BO906684;D2607116;23/06/2026;PWR_FR;B;01/02/2027;30/04/2027;246,100;MWH;85,4670;EUR;UNIPER;MATCHED
BO901099;D2601170;03/06/2026;NG_PEG;S;01/06/2026;30/06/2026;142,600;MWH;31,2140;EUR;TOTALE;MATCHED
BO904812;D2605128;14/11/2025;PWR_FR;S;01/05/2026;31/05/2026;50,900;MWH;61,5350;EUR;ICE_EN;MATCHED
BO903346;D2603564;12/01/2026;PWR_FR;B;01/11/2026;30/11/2026;144,800;MWH;89,2180;EUR;GUNVOR;MATCHED
BO900278;D2600294;01/09/2025;PWR_FR;B;01/12/2026;28/02/2027;25,700;MWH;88,3450;EUR;RWE;MATCHED
BO900398;D2600421;24/06/2026;PWR_FR;S;01/08/2026;31/08/2026;96,200;MWH;55,6390;EUR;UNIPER;MATCHED
BO906070;D2606466;12/11/2025;PWR_FR;B;01/01/2026;31/12/2026;130,700;MWH;85,3310;EUR;RWE;MATCHED
BO903925;D2604171;28/07/2025;NG_PEG;B;01/05/2027;31/05/2027;541,900;MWH;28,6000;EUR;MERCUR;MATCHED
BO902378;D2602530;01/07/2025;PWR_FR;B;01/02/2026;28/02/2026;401,500;MWH;87,6330;EUR;MERCUR;MATCHED
BO901502;D2601597;21/04/2026;PWR_FR;B;01/08/2026;31/10/2026;33,000;MWH;57,5750;EUR;GUNVOR;MATCHED
BO902126;D2602260;23/04/2026;PWR_FR;S;01/06/2027;30/06/2027;599,400;MWH;63,7840;EUR;UNIPER;MATCHED
BO902753;D2602932;16/07/2025;PWR_FR;S;01/03/2026;31/05/2026;295,200;MWH;87,0640;EUR;VITOL;MATCHED
BO901394;D2601483;26/05/2026;PWR_FR;S;01/01/2026;31/01/2026;389,100;MWH;89,9140;EUR;AXPO;MATCHED
BO903195;D2603406;11/05/2026;PWR_FR;S;01/08/2026;31/07/2027;207,600;MWH;61,7370;EUR;TOTALE;MATCHED
BO908304;D2608839;04/06/2026;PWR_FR;S;01/08/2026;31/08/2026;491,300;MWH;54,9210;EUR;TOTALE;MATCHED
BO907459;D2607932;30/09/2025;NG_PEG;S;01/11/2027;30/11/2027;236,900;MWH;35,8870;EUR;ICE_EN;MATCHED
BO904663;D2604962;01/07/2026;PWR_FR;B;01/10/2027;31/10/2027;78,100;MWH;85,9620;EUR;ICE_EN;MATCHED
BO902594;D2602760;18/11/2025;NG_PEG;B;01/03/2027;31/03/2027;429,900;MWH;28,7900;EUR;RWE;MATCHED
BO900526;D2600561;08/05/2026;NG_PEG;B;01/04/2027;30/04/2027;1069,900;MWH;24,7680;EUR;GUNVOR;MATCHED
BO907662;D2608149;31/03/2026;PWR_FR;B;01/11/2026;31/10/2027;152,200;MWH;96,0690;EUR;TOTALE;MATCHED
BO904924;D2605248;29/10/2025;PWR_FR;S;01/11/2027;31/01/2028;45,400;MWH;71,9380;EUR;AXPO;MATCHED
BO904620;D2604915;26/06/2026;NG_PEG;S;01/09/2026;30/09/2026;597,500;MWH;30,1610;EUR;VITOL;MATCHED
BO903550;D2603772;12/01/2026;PWR_FR;B;01/03/2027;31/05/2027;207,700;MWH;101,8760;EUR;SHELL_;MATCHED
BO907819;D2608316;19/01/2026;PWR_FR;S;01/08/2027;31/08/2027;768,500;MWH;54,5740;EUR;AXPO;MATCHED
BO903108;D2603314;15/07/2026;NG_PEG;S;01/04/2027;30/04/2027;887,800;MWH;33,4520;EUR;RWE;MATCHED
BO902870;D2603059;13/08/2025;PWR_FR;S;01/01/2026;31/01/2026;181,400;MWH;85,5140;EUR;EEX_CL;MATCHED
BO902452;D2602606;16/02/2026;NG_PEG;S;01/08/2026;31/08/2026;837,500;MWH;21,2220;EUR;VITOL;MATCHED
BO908890;D2608405;28/05/2026;PWR_FR;S;01/11/2026;31/01/2027;175,000;MWH;84,5900;EUR;ICE_EN;MATCHED
BO900549;D2600585;07/01/2026;NG_PEG;S;01/04/2027;30/04/2027;416,900;MWH;27,0580;EUR;ICE_EN;MATCHED
BO905060;D2605389;03/04/2026;PWR_FR;B;01/01/2026;31/01/2026;320,500;MWH;93,6260;EUR;UNIPER;MATCHED
BO908144;D2608671;13/05/2026;NG_PEG;B;01/01/2027;31/01/2027;84,100;MWH;36,6360;EUR;EDF_TR;MATCHED
BO905583;D2605953;28/01/2026;NG_PEG;S;01/01/2026;31/01/2026;255,100;MWH;39,0860;EUR;ICE_EN;MATCHED
BO907745;D2608235;23/03/2026;PWR_FR;B;01/01/2027;31/01/2027;108,000;MWH;107,1290;EUR;VITOL;MATCHED
BO901029;D2601093;03/07/2026;NG_PEG;S;01/05/2027;31/07/2027;760,400;MWH;24,6230;EUR;STATKR;MATCHED
BO900840;D2600888;19/12/2025;PWR_FR;B;01/04/2026;30/04/2026;341,000;MWH;81,6750;EUR;GUNVOR;MATCHED
BO904342; D2604616;22/10/2025;NG_PEG;S;01/06/2026;30/06/2026;283,000;MWH;27,4960;EUR;RWE;MATCHED
BO902674;D2602843;09/07/2026;PWR_FR;B;01/06/2027;30/06/2027;166,300;MWH;51,5320;EUR;EDF_TR;MATCHED
BO900318;D2600338;17/10/2025;NG_PEG;B;01/09/2026;30/09/2026;486,700;MWH;29,1090;EUR;UNIPER;MATCHED
BO903436;D2603654;24/12/2025;PWR_FR;S;01/12/2026;31/12/2026;135,400;MWH;87,3880;EUR;STATKR;MATCHED
BO904079;D2604337;16/07/2025;PWR_FR;S;01/06/2027;30/06/2027;124,600;MWH;62,4290;EUR;RWE;MATCHED
BO902899;D2603093;23/09/2025;PWR_FR;B;01/09/2027;30/11/2027;1314,000;MWH;69,5040;EUR;MERCUR;MATCHED
BO903875;D2604119;20/04/2026;PWR_FR;S;01/11/2026;30/11/2026;18,800;MWH;87,0462;EUR;TOTALE;MATCHED
BO904946;D2605272;26/03/2026;PWR_FR;B;01/10/2026;31/10/2026;253,200;MWH;53,1380;EUR;RWE;MATCHED
BO901071;D2601139;09/04/2026;NG_PEG;B;01/09/2027;30/11/2027;472,500;MWH;25,9300;EUR;MERCUR;MATCHED
BO903543;D2603764;04/09/2025;PWR_FR;S;01/08/2026;31/08/2026;108,100;MWH;78,6250;EUR;ICE_EN;MATCHED
BO906361;D2606776;01/06/2026;NG_PEG;S;01/11/2026;31/01/2027;158,500;MWH;38,2860;EUR;VITOL;MATCHED
BO907399;D2607871;05/08/2025;PWR_FR;B;01/07/2027;31/07/2027;624,700;MWH;64,7590;EUR;UNIPER;MATCHED
BO902466;D2602620;19/08/2025;PWR_FR;B;01/04/2026;30/06/2026;228,800;MWH;69,0630;EUR;MERCUR;MATCHED
BO907103;D2607558;04/07/2025;PWR_FR;S;01/11/2026;30/11/2026;192,600;MWH;86,6590;EUR;SHELL_;MATCHED
BO907532;D2608007;21/08/2025;NG_PEG;B;01/11/2026;30/11/2026;205,000;MWH;33,3700;EUR;TOTALE;MATCHED
BO905159;D2605494;12/01/2026;PWR_FR;S;01/01/2027;31/01/2027;223,900;MWH;89,4140;EUR;SHELL_;MATCHED
BO907469;D2607942;09/12/2025;NG_PEG;S;01/10/2027;30/09/2028;188,900;MWH;28,3250;EUR;RWE;MATCHED
BO901115;D2601187;27/10/2025;PWR_FR;B;01/06/2026;30/06/2026;128,500;MWH;78,2980;EUR;RWE;CXL
BO907581;D2608064;04/05/2026;NG_PEG;B;01/05/2027;31/05/2027;392,400;MWH;24,9870;EUR;TOTALE;MATCHED
BO901863;D2601985;02/07/2026;NG_PEG;B;01/02/2027;28/02/2027;692,900;MWH;33,4390;EUR;GUNVOR;MATCHED
BO903812;D2604052;26/03/2026;PWR_FR;S;01/09/2026;30/09/2026;200,100;MWH;60,5270;EUR;SHELL_;MATCHED
BO900421;D2600445;07/04/2026;PWR_FR;B;01/09/2026;30/09/2026;157,700;MWH;63,6190;EUR;ICE_EN;MATCHED
BO904531;D2604820;04/11/2025;PWR_FR;S;01/11/2026;31/01/2027;103,800;MWH;98,3830;EUR;TOTALE;MATCHED
BO908700;D2603195;16/09/2025;PWR_FR;B;01/01/2026;31/03/2026;131,200;MWH;103,6750;EUR;UNIPER;MATCHED
BO902094;D2602228;19/12/2025;NG_PEG;B;01/09/2027;30/09/2027;139,400;MWH;19,8900;EUR;RWE;MATCHED
BO906074;D2606470;21/05/2026;PWR_FR;S;01/01/2027;31/01/2027;192,800;MWH;104,1040;EUR;AXPO;MATCHED
BO905393;D2605752;15/06/2026;NG_PEG;B;01/02/2027;28/02/2027;279,600;MWH;37,1100;EUR;EEX_CL;MATCHED
BO905935;D2606324;31/07/2025;PWR_FR;B;01/06/2026;30/06/2026;109,800;MWH;68,9520;EUR;VITOL;MATCHED
BO904732;D2605041;13/05/2026;PWR_FR;B;01/02/2026;30/04/2026;427,900;MWH;91,2370;EUR;ICE_EN;CXL
BO907867;D2608373;17/11/2025;NG_PEG;S;01/11/2026;30/11/2026;196,600;MWH;30,9680;EUR;TOTALE;MATCHED
BO904375;D2604652;09/07/2026;NG_PEG;S;01/06/2026;31/08/2026;165,700;MWH;24,9250;EUR;AXPO;MATCHED
BO903157;D2603366;20/08/2025;PWR_FR;B;01/11/2027;31/01/2028;125,200;MWH;86,4690;EUR;RWE;MATCHED
BO904942;D2605268;06/10/2025;PWR_FR;S;01/06/2027;30/06/2027;651,100;MWH;64,7880;EUR;SHELL_;MATCHED
BO900496;D2600529;25/05/2026;PWR_FR;S;01/08/2026;31/08/2026;533,000;MWH;61,0420;EUR;EEX_CL;MATCHED
BO906627;D2607052;10/11/2025;PWR_FR;S;01/09/2026;30/09/2026;60,700;MWH;65,1650;EUR;ICE_EN;MATCHED
BO907329;D2607797;16/06/2025;PWR_FR;B;01/10/2026;30/09/2027;177,200;MWH;79,4620;EUR;TOTALE;MATCHED
BO905534;D2605902;24/06/2025;PWR_FR;B;01/12/2026;28/02/2027;206,700;MWH;77,9540;EUR;STATKR;MATCHED
BO905403;D2605762;27/05/2026;NG_PEG;S;01/05/2027;31/05/2027;117,400;MWH;30,5440;EUR;AXPO;MATCHED
BO903909;D2604153;31/12/2025;NG_PEG;B;01/05/2027;31/05/2027;598,200;MWH;28,6640;EUR;TOTALE;MATCHED
BO904104;D2604362;10/07/2025;PWR_FR;B;01/12/2026;31/12/2026;491,800;MWH;85,3980;EUR;ICE_EN;MATCHED
BO903528;D2603749;13/06/2025;NG_PEG;B;01/05/2026;31/05/2026;768,600;MWH;24,4400;EUR;TOTALE;MATCHED
BO904448;D2604732;06/05/2026;PWR_FR;S;01/10/2026;31/10/2026;155,500;MWH;74,5390;EUR;RWE;MATCHED
BO900264;D2600279;22/10/2025;PWR_FR;B;01/03/2026;31/05/2026;83,000;MWH;88,5570;EUR;GUNVOR;MATCHED
BO990018;D9500018;01/07/2026;NG_PEG;S;01/08/2026;31/10/2026;102,100;MWH;24,9080;EUR;AXPO;MATCHED
BO901194;D2601270;01/07/2026;NG_PEG;S;01/08/2026;31/10/2026;102,100;MWH;24,9080;EUR;AXPO;MATCHED
BO904898;D2605220;06/05/2026;NG_PEG;B;01/12/2027;31/12/2027;232,700;MWH;26,4280;EUR;SHELL_;MATCHED
BO905038;D2605367;09/02/2026;PWR_FR;S;01/05/2027;31/05/2027;488,500;MWH;74,3080;EUR;MERCUR;MATCHED
BO908706;D2602727;21/08/2025;NG_PEG;B;01/02/2027;28/02/2027;246,700;MWH;42,0930;EUR;MERCUR;MATCHED
BO906614;D2607039;22/04/2026;PWR_FR;B;01/08/2027;31/08/2027;826,700;MWH;65,2300;EUR;AXPO;MATCHED
BO905846;D2606234;31/10/2025;NG_PEG;B;01/05/2027;31/05/2027;777,200;MWH;37,1960;EUR;EEX_CL;MATCHED
BO907551;D2608028;19/09/2025;PWR_FR;S;01/11/2027;30/11/2027;448,900;MWH;79,6390;EUR;MERCUR;MATCHED
BO907687;D2608175;01/10/2025;PWR_FR;S;01/10/2026;31/12/2026;723,800;MWH;93,5560;EUR;SHELL_;MATCHED
BO902822;d2603009;03/09/2025;NG_PEG;S;01/08/2027;31/08/2027;680,400;MWH;23,0270;EUR;EEX_CL;MATCHED
BO908827;D2600451;06/03/2026;NG_PEG;B;01/08/2027;31/08/2027;142,700;MWH;24,5970;EUR;RWE;MATCHED
BO905903;D2606291;28/10/2025;PWR_FR;B;01/09/2026;30/09/2026;77,900;MWH;63,3340;EUR;MERCUR;MATCHED
BO902220;D2602358;05/09/2025;NG_PEG;S;01/07/2026;31/07/2026;180,400;MWH;25,6750;EUR;STATKR;MATCHED
BO902197;D2602335;24/06/2026;NG_PEG;B;01/07/2026;31/07/2026;430,300;MWH;23,6890;EUR;AXPO;MATCHED
BO900953;D2601006;02/02/2026;PWR_FR;S;01/01/2027;31/01/2027;232,000;MWH;91,2420;EUR;EDF_TR;MATCHED
BO907823;D2608321;19/03/2026;PWR_FR;B;01/11/2027;30/11/2027;891,100;MWH;70,2810;EUR;GUNVOR;MATCHED
BO906132;D2606532;05/06/2026;NG_PEG;S;01/11/2026;31/01/2027;447,000;MWH;30,7660;EUR;MERCUR;MATCHED
BO900633;D2600673;24/07/2026;PWR_FR;B;01/09/2026;30/09/2026;94,100;MWH;72,4770;EUR;UNIPER;MATCHED
BO908797;D2604625;17/10/2025;PWR_FR;B;01/10/2026;31/10/2026;169,400;MWH;71,1870;EUR;TOTALE;MATCHED
BO905335;D2605688;03/04/2026;PWR_FR;B;01/09/2026;31/08/2027;447,400;MWH;91,3100;EUR;RWE;MATCHED
BO908992;D2604295;06/05/2026;NG_PEG;S;01/04/2027;30/04/2027;65,200;MWH;35,1730;EUR;SHELL_;MATCHED
BO906356;D2606771;17/07/2025;PWR_FR;S;01/03/2026;31/03/2026;81,200;MWH;81,9450;EUR;EDF_TR;MATCHED
BO900806;D2600852;09/03/2026;PWR_FR;B;01/12/2027;31/12/2027;433,700;MWH;86,5430;EUR;MERCUR;MATCHED
BO906543;D2606965;24/03/2026;NG_PEG;B;01/11/2027;30/11/2027;194,400;MWH;37,4240;EUR;GUNVOR;MATCHED
BO902179;D2602316;09/04/2026;NG_PEG;S;01/04/2027;30/04/2027;213,500;MWH;32,0810;EUR;AXPO;MATCHED
BO908364;D2608902;06/06/2025;NG_PEG;B;01/05/2027;31/07/2027;1034,400;MWH;30,6120;EUR;STATKR;MATCHED
BO901384;D2601472;29/01/2026;PWR_FR;S;01/02/2027;28/02/2027;648,500;MWH;103,4110;EUR;UNIPER;MATCHED
BO903191;D2603402;20/08/2025;NG_PEG;S;01/09/2027;30/09/2027;420,900;MWH;32,6900;EUR;STATKR;MATCHED
BO900117;D2600125;16/02/2026;NG_PEG;B;01/07/2026;30/09/2026;184,900;MWH;22,7930;EUR;TOTALE;MATCHED
BO902545;D2602706;01/06/2026;PWR_FR;B;01/04/2027;30/04/2027;82,500;MWH;66,7780;EUR;SHELL_;MATCHED
BO900088;D2600093;18/09/2025;NG_PEG;S;01/08/2027;31/08/2027;160,200;MWH;26,0610;EUR;ICE_EN;MATCHED
BO906648;D2607076;19/06/2025;PWR_FR;B;01/08/2026;31/08/2026;246,800;MWH;66,7210;EUR;UNIPER;MATCHED
BO900629;D2600669;14/10/2025;PWR_FR;B;01/06/2027;30/06/2027;97,700;MWH;61,8610;EUR;TOTALE;MATCHED
BO906050;D2606445;06/05/2026;PWR_FR;S;01/10/2027;31/12/2027;207,700;MWH;80,7170;EUR;TOTALE;MATCHED
BO902304;D2602448;18/05/2026;PWR_FR;B;01/08/2026;31/08/2026;305,600;MWH;66,5850;EUR;EEX_CL;MATCHED
BO902190;D2602328;28/05/2026;PWR_FR;B;01/10/2026;30/09/2027;235,700;MWH;92,1130;EUR;ICE_EN;MATCHED
BO902328;D2602473;24/02/2026;NG_PEG;B;01/04/2026;30/04/2026;155,500;MWH;26,7560;EUR;MERCUR;MATCHED
BO900878;D2600929;26/06/2025;NG_PEG;B;01/02/2027;28/02/2027;194,100;MWH;42,3430;EUR;ICE_EN;MATCHED
BO900014;d2600014;27/02/2026;PWR_FR;B;01/01/2027;31/01/2027;87,000;MWH;88,0480;EUR;EDF_TR;MATCHED
BO900459;D2600487;16/12/2025;PWR_FR;B;01/10/2027;31/12/2027;145,800;MWH;67,2510;EUR;EEX_CL;MATCHED
BO908156;D2608683;17/07/2025;NG_PEG;B;01/02/2027;28/02/2027;264,500;MWH;35,4950;EUR;EEX_CL;MATCHED
BO907109;D2607565;15/07/2025;NG_PEG;B;01/09/2026;30/09/2026;267,100;MWH;31,1330;EUR;EEX_CL;MATCHED
BO906184;D2606588;16/07/2026;NG_PEG;S;01/07/2026;30/09/2026;283,600;MWH;21,3590;EUR;ICE_EN;MATCHED
BO907632;D2608118;18/02/2026;NG_PEG;B;01/11/2027;30/11/2027;143,400;MWH;37,3950;EUR;UNIPER;MATCHED
BO905229;D2605571;09/06/2026;PWR_FR;S;01/01/2026;31/12/2026;224,400;MWH;85,6760;EUR;EDF_TR;MATCHED
BO903102;D2603308;20/10/2025;PWR_FR;B;01/08/2026;31/08/2026;1068,400;MWH;64,9760;EUR;ICE_EN;MATCHED
BO904358;D2604633;18/08/2025;NG_PEG;S;01/10/2026;31/10/2026;99,400;MWH;34,5090;EUR;MERCUR;MATCHED
BO905856;D2606244;08/01/2026;PWR_FR;B;01/10/2027;30/09/2028;250,700;MWH;68,1280;EUR;TOTALE;MATCHED
BO907250;D2607713;18/03/2026;PWR_FR;B;01/12/2026;31/12/2026;81,300;MWH;75,4030;EUR;ICE_EN;MATCHED
BO901584;D2601688;23/09/2025;NG_PEG;B;01/06/2026;31/08/2026;97,600;MWH;27,9840;EUR;EEX_CL;MATCHED
BO906054;D2606450;14/10/2025;NG_PEG;B;01/10/2026;31/12/2026;112,500;MWH;35,6820;EUR;TOTALE;MATCHED
BO905624;d2606001;10/06/2025;PWR_FR;S;01/03/2027;29/02/2028;141,800;MWH;92,8870;EUR;EEX_CL;MATCHED
BO905258;D2605604;06/02/2026;PWR_FR;B;01/08/2026;31/08/2026;165,000;MWH;56,5920;EUR;AXPO;MATCHED
BO901202;D2601278;08/08/2025;PWR_FR;B;01/10/2026;30/09/2027;457,700;MWH;70,5240;EUR;TOTALE;MATCHED
BO904053;D2604310;06/04/2026;PWR_FR;B;01/03/2027;29/02/2028;223,800;MWH;89,5640;EUR;TOTALE;MATCHED
BO902679;D2602849;03/03/2026;NG_PEG;S;01/06/2026;30/06/2026;369,900;MWH;32,1890;EUR;UNIPER;MATCHED
BO905018;D2605346;11/07/2025;PWR_FR;B;01/11/2026;31/01/2027;123,200;MWH;73,1010;EUR;EDF_TR;MATCHED
BO903628;D2603856;22/04/2026;PWR_FR;B;01/10/2027;31/10/2027;202,700;MWH;96,2990;EUR;EEX_CL;MATCHED
BO907519;D2607994;22/01/2026;PWR_FR;S;01/01/2027;31/01/2027;33,400;MWH;82,5550;EUR;GUNVOR;MATCHED
BO905270;D2605617;09/04/2026;PWR_FR;B;01/02/2026;31/01/2027;322,800;MWH;110,1220;EUR;MERCUR;MATCHED
BO907629;D2608115;14/08/2025;PWR_FR;B;01/07/2027;31/07/2027;226,700;MWH;52,8190;EUR;AXPO;MATCHED
BO907273;D2607737;25/06/2025;NG_PEG;S;01/08/2026;31/10/2026;206,500;MWH;24,5390;EUR;UNIPER;MATCHED
BO901973;D2602101;28/04/2026;NG_PEG;S;01/03/2027;31/03/2027;237,300;MWH;33,0780;EUR;AXPO;MATCHED
BO902580; D2602744;21/08/2025;NG_PEG;S;01/08/2027;31/08/2027;486,200;MWH;23,6350;EUR;ICE_EN;MATCHED
BO903787;D2604027;19/11/2025;PWR_FR;S;01/07/2026;31/07/2026;117,700;MWH;64,3590;EUR;EEX_CL;MATCHED
BO903238;D2603453;30/04/2026;NG_PEG;B;01/03/2026;31/03/2026;186,100;MWH;35,7930;EUR;MERCUR;MATCHED
BO905228;D2605570;12/12/2025;NG_PEG;B;01/06/2027;31/08/2027;147,800;MWH;21,4060;EUR;MERCUR;MATCHED
BO908337;D2608873;25/06/2026;PWR_FR;B;01/06/2027;31/08/2027;86,800;MWH;66,8680;EUR;UNIPER;MATCHED
BO901664;D2601771;15/09/2025;PWR_FR;B;01/11/2026;30/11/2026;449,200;MWH;85,0400;EUR;RWE;CXL
BO908183;D2608710;14/04/2026;PWR_FR;B;01/08/2027;31/08/2027;168,900;MWH;68,1990;EUR;STATKR;MATCHED
BO906940;D2607383;14/05/2026;PWR_FR;S;01/01/2026;31/01/2026;233,400;MWH;85,0010;EUR;MERCUR;MATCHED
BO903803;d2604043;20/02/2026;PWR_FR;S;01/11/2027;30/11/2027;215,500;MWH;78,1120;EUR;UNIPER;MATCHED
BO907810;D2608306;02/04/2026;NG_PEG;S;01/12/2026;31/12/2026;242,600;MWH;41,1210;EUR;SHELL_;MATCHED
BO902913;D2603107;28/07/2025;PWR_FR;S;01/10/2026;31/10/2026;873,600;MWH;77,6370;EUR;STATKR;MATCHED
BO902885;D2603078;20/05/2026;NG_PEG;B;01/03/2027;29/02/2028;91,500;MWH;37,5260;EUR;UNIPER;MATCHED
BO901113;D2601185;01/07/2025;NG_PEG;B;01/09/2026;30/11/2026;506,200;MWH;27,7870;EUR;VITOL;MATCHED
BO908614;D2600146;14/10/2025;NG_PEG;S;01/12/2026;31/12/2026;67,000;MWH;36,1470;EUR;TOTALE;MATCHED
BO903382;D2603600;04/06/2026;PWR_FR;B;01/06/2026;30/06/2026;163,700;MWH;75,4840;EUR;EEX_CL;MATCHED
BO903343;D2603561;29/08/2025;NG_PEG;B;01/06/2027;30/06/2027;216,000;MWH;18,6900;EUR;STATKR;MATCHED
BO905891;D2606279;24/12/2025;PWR_FR;B;01/02/2026;28/02/2026;536,100;MWH;107,0130;EUR;VITOL;MATCHED
BO900987;D2601043;11/11/2025;PWR_FR;B;01/12/2027;31/12/2027;295,200;MWH;81,9770;EUR;RWE;MATCHED
BO905607;D2605980;16/04/2026;PWR_FR;S;01/06/2027;31/08/2027;787,100;MWH;77,2090;EUR;EEX_CL;MATCHED
BO905167;D2605503;31/07/2025;PWR_FR;B;01/07/2026;31/07/2026;323,100;MWH;56,6300;EUR;AXPO;MATCHED
BO901380;D2601467;03/07/2025;PWR_FR;S;01/10/2027;31/10/2027;506,400;MWH;82,0580;EUR;TOTALE;MATCHED
BO905085;D2605416;08/10/2025;PWR_FR;B;01/03/2026;31/03/2026;101,200;MWH;91,4480;EUR;EDF_TR;MATCHED
BO904536;D2604825;13/01/2026;PWR_FR;B;01/08/2027;31/08/2027;122,900;MWH;59,4870;EUR;AXPO;MATCHED
BO900287;D2600304;15/09/2025;PWR_FR;S;01/11/2026;31/01/2027;730,700;MWH;67,9530;EUR;STATKR;MATCHED
BO906729;D2607161;24/06/2026;PWR_FR;S;01/10/2026;31/10/2026;178,300;MWH;64,2870;EUR;EDF_TR;MATCHED
BO903313;D2603531;10/07/2026;NG_PEG;B;01/06/2026;30/06/2026;201,000;MWH;21,8920;EUR;EEX_CL;MATCHED
BO907889;D2608398;13/11/2025;PWR_FR;B;01/05/2026;31/05/2026;384,500;MWH;64,7540;EUR;SHELL_;MATCHED
BO903344;D2603562;12/03/2026;NG_PEG;B;01/06/2027;30/06/2027;188,900;MWH;25,1080;EUR;GUNVOR;MATCHED
BO908379;D2608917;15/06/2026;PWR_FR;B;01/12/2027;31/12/2027;276,400;MWH;100,5140;EUR;MERCUR;MATCHED
BO904211;D2604476;08/07/2026;PWR_FR;S;01/08/2026;31/08/2026;439,200;MWH;65,8810;EUR;MERCUR;MATCHED
BO906372;D2606787;29/06/2026;PWR_FR;B;01/01/2027;31/03/2027;601,300;MWH;77,9470;EUR;AXPO;MATCHED
BO901745;D2601854;28/04/2026;NG_PEG;B;01/02/2027;30/04/2027;260,500;MWH;40,6790;EUR;SHELL_;MATCHED
BO902218;D2602356;13/05/2026;NG_PEG;B;01/01/2027;31/01/2027;43,700;MWH;44,0080;EUR;EDF_TR;MATCHED
BO903526;D2603747;09/07/2026;PWR_FR;B;01/10/2027;30/09/2028;124,900;MWH;73,3330;EUR;EDF_TR;MATCHED
BO900101;D2600106;07/11/2025;NG_PEG;B;01/09/2026;30/11/2026;99,900;MWH;28,9080;EUR;SHELL_;MATCHED
BO905677;D2606055;21/05/2026;NG_PEG;B;01/05/2026;31/07/2026;985,400;MWH;23,7560;EUR;MERCUR;MATCHED
BO902506;D2602664;17/11/2025;NG_PEG;S;01/08/2027;31/10/2027;611,700;MWH;28,2550;EUR;VITOL;MATCHED
BO908009;D2608528;15/06/2026;NG_PEG;B;01/05/2027;31/05/2027;330,600;MWH;22,9250;EUR;AXPO;MATCHED
BO902235;D2602374;16/04/2026;PWR_FR;B;01/02/2026;28/02/2026;267,400;MWH;87,4400;EUR;SHELL_;MATCHED
BO907642;D2608129;05/06/2025;NG_PEG;B;01/02/2027;28/02/2027;108,800;MWH;36,9400;EUR;MERCUR;MATCHED
BO901217;D2601293;09/01/2026;PWR_FR;S;01/02/2026;28/02/2026;811,500;MWH;97,0110;EUR;RWE;MATCHED
BO901158;D2601233;27/10/2025;PWR_FR;S;01/02/2027;28/02/2027;419,300;MWH;102,7230;EUR;STATKR;MATCHED
BO905334;D02605687;01/07/2026;PWR_FR;S;01/09/2027;30/09/2027;166,500;MWH;74,5030;EUR;VITOL;MATCHED
BO903301;D2603518;17/10/2025;PWR_FR;B;01/01/2027;31/01/2027;939,300;MWH;99,3940;EUR;AXPO;MATCHED
BO901734;D2601843;24/06/2026;PWR_FR;B;01/11/2027;31/01/2028;158,500;MWH;80,4650;EUR;EDF_TR;MATCHED
BO900357;D2600378;17/06/2026;PWR_FR;B;01/06/2027;30/06/2027;338,500;MWH;66,6180;EUR;UNIPER;MATCHED
BO906493;D2606913;19/06/2025;PWR_FR;S;01/08/2027;31/08/2027;94,100;MWH;73,2380;EUR;EDF_TR;MATCHED
BO905194;D2605534;17/07/2025;NG_PEG;S;01/02/2026;28/02/2026;103,800;MWH;27,3920;EUR;TOTALE;MATCHED
BO902242;D2602381;26/06/2026;PWR_FR;B;01/05/2027;31/05/2027;826,100;MWH;76,4280;EUR;STATKR;CXL
BO906749;D2607182;05/09/2025;PWR_FR;S;01/03/2026;31/03/2026;16,600;MWH;78,7010;EUR;ICE_EN;MATCHED
BO903302;D2603519;25/12/2025;PWR_FR;B;01/07/2026;31/07/2026;114300,000;KWH;66,1400;EUR;ICE_EN;MATCHED
BO902760;D2602939;08/08/2025;NG_PEG;B;01/03/2026;31/03/2026;406,200;MWH;37,9470;EUR;EEX_CL;MATCHED
BO902581;D2602745;07/10/2025;NG_PEG;B;01/12/2027;31/12/2027;20,400;MWH;42,1450;EUR;EDF_TR;MATCHED
BO900618;D2600658;09/09/2025;PWR_FR;B;01/11/2026;31/01/2027;123,700;MWH;74,0730;EUR;MERCUR;MATCHED
BO902936;D2603131;04/02/2026;NG_PEG;S;01/03/2026;31/03/2026;62,100;MWH;34,4860;EUR;UNIPER;MATCHED
BO901069;D2601137;05/02/2026;PWR_FR;B;01/02/2026;31/01/2027;179,500;MWH;97,1250;EUR;GUNVOR;MATCHED
BO903746;D2603980;24/03/2026;PWR_FR;B;01/08/2027;31/10/2027;142,100;MWH;57,3570;EUR;AXPO;MATCHED
BO907603;D2608087;16/07/2025;NG_PEG;S;01/09/2027;30/09/2027;153,300;MWH;24,6770;EUR;TOTALE;MATCHED
BO900640;D2600680;26/02/2026;PWR_FR;S;01/05/2026;31/05/2026;121,800;MWH;75,9600;EUR;SHELL_;CXL
BO900710;D2600752;30/04/2026;PWR_FR;S;01/03/2026;31/03/2026;457,200;MWH;78,1910;EUR;STATKR;MATCHED
BO904909;D2605231;04/12/2025;NG_PEG;S;01/03/2027;31/03/2027;48,000;MWH;31,1780;EUR;AXPO;MATCHED
BO906974;D2607419;13/06/2025;NG_PEG;B;01/09/2026;30/09/2026;187,200;MWH;23,8570;EUR;SHELL_;MATCHED
BO903213;D2603426;06/08/2025;PWR_FR;B;01/10/2027;31/10/2027;632,600;MWH;90,5920;EUR;RWE;MATCHED
BO902389;D2602542;09/04/2026;NG_PEG;S;01/07/2027;31/07/2027;153,500;MWH;23,9890;EUR;ICE_EN;MATCHED
BO900394;D2600417;02/01/2026;PWR_FR;S;01/03/2027;31/03/2027;768,300;MWH;96,9090;EUR;RWE;MATCHED
BO904823;D2605140;02/09/2025;PWR_FR;S;01/12/2027;31/12/2027;158,800;MWH;88,1950;EUR;ICE_EN;MATCHED
BO904130;D2604391;08/05/2026;NG_PEG;B;01/07/2026;31/07/2026;320,200;MWH;26,1690;EUR;ICE_EN;MATCHED
BO906516;D2606937;18/07/2025;NG_PEG;B;01/04/2027;30/06/2027;294,200;MWH;31,7910;EUR;GUNVOR;MATCHED
BO907058;D2607508;21/08/2025;PWR_FR;S;01/01/2026;31/12/2026;550,700;MWH;108,0290;EUR;EEX_CL;MATCHED
BO902455;D2602609;24/03/2026;PWR_FR;S;01/07/2027;31/07/2027;434,900;MWH;58,0910;EUR;EEX_CL;MATCHED
BO904422;D2604703;27/06/2025;NG_PEG;S;01/12/2027;29/02/2028;421,800;MWH;41,3640;EUR;UNIPER;MATCHED
BO904181;D2604444;23/09/2025;PWR_FR;B;01/11/2027;30/11/2027;531,000;MWH;87,2910;EUR;MERCUR;MATCHED
BO903224;D2603437;16/06/2025;PWR_FR;B;01/10/2026;31/12/2026;620,900;MWH;71,0240;EUR;EDF_TR;MATCHED
BO905527;D2605895;01/09/2025;PWR_FR;B;01/07/2026;31/07/2026;323,000;MWH;61,0210;EUR;VITOL;MATCHED
BO903066;D2603270;09/03/2026;PWR_FR;B;01/01/2027;31/01/2027;778,600;MWH;88,9520;EUR;VITOL;MATCHED
BO902819;D2603006;22/07/2026;NG_PEG;B;01/07/2026;31/07/2026;226,000;MWH;24,2300;EUR;EDF_TR;MATCHED
BO905341;D2605694;30/09/2025;NG_PEG;B;01/10/2027;31/12/2027;272500,000;KWH;30,1510;EUR;STATKR;MATCHED
BO901728;D2601837;20/03/2026;PWR_FR;S;01/04/2027;30/06/2027;673,300;MWH;73,3210;EUR;EDF_TR;MATCHED
BO905882;D2606270;01/04/2026;PWR_FR;B;01/11/2027;31/01/2028;223,700;MWH;102,4780;EUR;GUNVOR;MATCHED
BO904279;D2604548;17/07/2026;PWR_FR;B;01/12/2027;30/11/2028;300,200;MWH;109,5220;EUR;EEX_CL;MATCHED
BO906706;D2607138;20/07/2026;PWR_FR;S;01/01/2026;31/01/2026;1015,500;MWH;93,4000;EUR;ICE_EN;MATCHED
BO906838;D2607277;04/09/2025;PWR_FR;S;01/06/2026;30/06/2026;698,700;MWH;60,7330;EUR;EDF_TR;MATCHED
BO906930;D2607373;22/07/2025;PWR_FR;B;01/08/2026;31/07/2027;760,700;MWH;53,6780;EUR;VITOL;MATCHED
BO900474;D2600504;27/03/2026;PWR_FR;B;01/07/2027;31/07/2027;81,700;MWH;63,7540;EUR;MERCUR;MATCHED
BO902240;D2602379;01/07/2026;PWR_FR;B;01/03/2027;31/05/2027;83,000;MWH;74,5120;EUR;EEX_CL;MATCHED
BO907432;D2607905;29/04/2026;PWR_FR;B;01/04/2027;30/04/2027;265,800;MWH;77,0900;EUR;TOTALE;MATCHED
BO902562;D2602724;08/05/2026;PWR_FR;B;01/03/2027;31/03/2027;695,100;MWH;80,0770;EUR;UNIPER;MATCHED
BO900742;D2600784;21/08/2025;NG_PEG;B;01/12/2026;31/12/2026;170,600;MWH;32,6910;EUR;AXPO;MATCHED
BO907526;d2608001;11/12/2025;PWR_FR;B;01/10/2027;31/10/2027;420,700;MWH;94,3460;EUR;EDF_TR;MATCHED
BO907023;D2607472;15/12/2025;PWR_FR;S;01/04/2026;30/04/2026;211,400;MWH;75,2770;EUR;EDF_TR;MATCHED
BO907635;D2608122;02/02/2026;PWR_FR;S;01/03/2026;28/02/2027;155,700;MWH;92,1230;EUR;TOTALE;MATCHED
BO904567;D2604859;14/04/2026;NG_PEG;B;01/10/2026;31/12/2026;25,900;MWH;30,7040;EUR;VITOL;MATCHED
BO901278;D2601356;02/10/2025;PWR_FR;B;01/08/2027;31/07/2028;109,000;MWH;59,9720;EUR;RWE;MATCHED
BO901915;D2602039;27/01/2026;NG_PEG;S;01/02/2027;28/02/2027;54,600;MWH;39,3620;EUR;AXPO;MATCHED
BO904036;D2604291;21/10/2025;PWR_FR;S;01/02/2027;28/02/2027;1573,600;MWH;93,3270;EUR;EDF_TR;MATCHED
BO908744;D2604108;06/10/2025;PWR_FR;S;01/07/2027;31/07/2027;137,400;MWH;54,3520;EUR;VITOL;MATCHED
BO903027;D2603230;20/02/2026;PWR_FR;B;01/12/2027;31/12/2027;327,400;MWH;94,1580;EUR;AXPO;MATCHED
BO904659;D2604958;22/08/2025;PWR_FR;B;01/03/2026;31/03/2026;436,000;MWH;88,1820;EUR;UNIPER;MATCHED
BO908409;D2608948;05/02/2026;NG_PEG;S;01/12/2027;29/02/2028;472,200;MWH;35,9800;EUR;VITOL;MATCHED
BO904810;D2605126;14/08/2025;NG_PEG;B;01/03/2027;31/05/2027;331,700;MWH;37,5550;EUR;EDF_TR;MATCHED
BO903477;D2603696;16/12/2025;PWR_FR;B;01/02/2026;28/02/2026;254,900;MWH;103,2290;EUR;EDF_TR;MATCHED
BO902908;D2603102;06/06/2025;PWR_FR;S;01/10/2027;31/12/2027;617,700;MWH;75,9940;EUR;ICE_EN;MATCHED
BO902759;D2602938;19/01/2026;PWR_FR;B;01/06/2026;30/06/2026;171,000;MWH;53,2670;EUR;GUNVOR;MATCHED
BO906244;D2606653;24/09/2025;NG_PEG;S;01/05/2027;31/05/2027;482,100;MWH;25,1100;EUR;TOTALE;MATCHED
BO901209;D2601285;20/11/2025;PWR_FR;B;01/01/2027;31/12/2027;234,900;MWH;100,4930;EUR;AXPO;MATCHED
BO903377;D2603595;16/04/2026;PWR_FR;S;01/05/2027;31/05/2027;168,000;MWH;79,5730;EUR;MERCUR;MATCHED
BO900151;D2600161;06/01/2026;NG_PEG;S;01/06/2026;30/06/2026;127,400;MWH;23,5380;EUR;RWE;MATCHED
BO906769;D2607202;12/08/2025;PWR_FR;B;01/08/2027;31/10/2027;421,000;MWH;57,8990;EUR;EEX_CL;MATCHED
BO906073;D2606469;15/04/2026;PWR_FR;B;01/07/2027;31/07/2027;123,100;MWH;52,9270;EUR;MERCUR;MATCHED
BO902153;D2602289;05/01/2026;NG_PEG;B;01/11/2026;31/01/2027;49,400;MWH;40,6590;EUR;STATKR;MATCHED
BO905951;D2606344;21/01/2026;NG_PEG;S;01/06/2027;30/06/2027;133,500;MWH;25,1880;EUR;AXPO;MATCHED
BO908532;D2606182;06/08/2025;PWR_FR;B;01/03/2027;31/03/2027;407,100;MWH;78,0620;EUR;VITOL;MATCHED
BO904899;D2605221;03/07/2026;NG_PEG;B;01/04/2026;30/04/2026;343,400;MWH;33,7770;EUR;AXPO;MATCHED
BO902183;D2602320;22/05/2026;PWR_FR;B;01/07/2026;31/07/2026;424,800;MWH;69,3400;EUR;ICE_EN;MATCHED
BO903987;D2604238;01/07/2026;PWR_FR;B;01/06/2027;30/06/2027;266,100;MWH;67,0860;EUR;EDF_TR;MATCHED
BO901906;D2602030;03/12/2025;PWR_FR;B;01/12/2027;31/12/2027;304,900;MWH;78,5420;EUR;STATKR;CXL
BO901547;D2601647;12/11/2025;PWR_FR;S;01/11/2027;31/01/2028;278,200;MWH;78,6890;EUR;ICE_EN;MATCHED
BO908439;D2608979;26/09/2025;NG_PEG;S;01/08/2026;31/08/2026;513,300;MWH;26,1390;EUR;GUNVOR;MATCHED
BO902319;D2602464;24/09/2025;PWR_FR;B;01/10/2027;31/10/2027;95,800;MWH;73,7150;EUR;VITOL;MATCHED
BO901955;D2602082;18/03/2026;PWR_FR;S;01/07/2026;30/06/2027;99,100;MWH;55,4730;EUR;STATKR;MATCHED
BO901588;D2601692;18/02/2026;PWR_FR;S;01/12/2027;31/12/2027;231,700;MWH;79,4630;EUR;GUNVOR;MATCHED
BO904722;D2605031;20/11/2025;NG_PEG;B;01/04/2026;30/04/2026;59,600;MWH;32,9450;EUR;TOTALE;MATCHED
BO908606;D2606144;16/02/2026;PWR_FR;S;01/09/2026;30/09/2026;159,200;MWH;61,7230;EUR;UNIPER;MATCHED
BO902717;D2602889;10/12/2025;NG_PEG;S;01/10/2026;31/10/2026;379,900;MWH;30,3200;EUR;RWE;MATCHED
BO903671;D2603901;15/06/2026;PWR_FR;B;01/11/2026;31/01/2027;39,000;MWH;83,9450;EUR;MERCUR;MATCHED
BO901303;D2601382;16/01/2026;PWR_FR;S;01/02/2027;28/02/2027;239,600;MWH;94,6500;EUR;EEX_CL;MATCHED
BO902558;D2602720;03/03/2026;NG_PEG;B;01/11/2026;30/11/2026;464,500;MWH;35,2260;EUR;STATKR;MATCHED
BO904111;D2604371;02/07/2025;NG_PEG;B;01/09/2026;30/09/2026;770,100;MWH;30,4600;EUR;EEX_CL;MATCHED
BO905226;D2605568;26/01/2026;PWR_FR;B;01/09/2026;30/09/2026;153,500;MWH;58,3860;EUR;STATKR;MATCHED
BO905059;D2605388;10/07/2026;PWR_FR;B;01/03/2027;31/03/2027;500,800;MWH;85,8890;EUR;VITOL;MATCHED
BO903226;D2603439;07/10/2025;NG_PEG;B;01/04/2027;30/04/2027;510,200;MWH;27,8350;EUR;STATKR;MATCHED
BO901838;D2601955;10/10/2025;NG_PEG;B;01/11/2027;30/11/2027;44,500;MWH;32,7910;EUR;ICE_EN;MATCHED
BO905946;D2606337;23/07/2025;PWR_FR;B;01/02/2026;30/04/2026;157,800;MWH;65,2210;EUR;EDF_TR;MATCHED
BO901330;D2601413;03/09/2025;NG_PEG;S;01/06/2026;30/06/2026;153,700;MWH;22,0530;EUR;STATKR;MATCHED
BO902025;D2602155;18/03/2026;PWR_FR;B;01/05/2026;31/05/2026;196,200;MWH;64,2660;EUR;AXPO;MATCHED
BO902196;D2602334;29/07/2025;PWR_FR;B;01/11/2027;30/11/2027;408,800;MWH;94,9640;EUR;RWE;MATCHED
BO905719;D2606100;11/07/2025;PWR_FR;S;01/07/2027;30/06/2028;364,100;MWH;63,7670;EUR;ICE_EN;MATCHED
BO904555;D2604846;07/01/2026;NG_PEG;S;01/04/2026;30/06/2026;131,400;MWH;32,6510;EUR;EEX_CL;MATCHED
BO901055;D2601122;09/06/2026;PWR_FR;B;01/08/2027;31/10/2027;364,100;MWH;67,2210;EUR;STATKR;MATCHED
BO900353;D2600374;14/08/2025;PWR_FR;B;01/11/2026;31/10/2027;213,600;MWH;84,3240;EUR;GUNVOR;MATCHED
BO908752;D2601119;25/07/2025;PWR_FR;B;01/04/2026;30/04/2026;473,200;MWH;91,9530;EUR;AXPO;MATCHED
BO903636;D2603865;19/02/2026;PWR_FR;B;01/01/2027;31/12/2027;272,300;MWH;87,4360;EUR;EEX_CL;MATCHED
BO903791; D2604031;30/12/2025;PWR_FR;S;01/01/2027;31/01/2027;178,300;MWH;78,3480;EUR;EEX_CL;MATCHED
BO901320;D2601401;15/01/2026;PWR_FR;S;01/09/2026;31/08/2027;909,800;MWH;62,1390;EUR;STATKR;MATCHED
BO900548;D2600584;05/01/2026;PWR_FR;S;01/05/2027;31/05/2027;632,800;MWH;67,4920;EUR;AXPO;MATCHED
BO907365;D2607834;17/07/2025;NG_PEG;S;01/06/2027;30/06/2027;550,000;MWH;25,9810;EUR;STATKR;CXL
BO908655;D2601686;13/05/2026;PWR_FR;S;01/11/2026;30/11/2026;109,000;MWH;79,3130;EUR;AXPO;MATCHED
BO906904; D2607345;04/06/2026;NG_PEG;S;01/01/2027;31/03/2027;85,800;MWH;44,3190;EUR;MERCUR;MATCHED
BO903256;D2603472;18/07/2025;PWR_FR;S;01/08/2027;31/08/2027;489,700;MWH;77,1130;EUR;EEX_CL;MATCHED
BO900319;D2600339;06/11/2025;PWR_FR;S;01/12/2026;31/12/2026;75,800;MWH;82,9180;EUR;SHELL_;MATCHED
BO901175;D2601251;12/01/2026;NG_PEG;B;01/06/2027;30/06/2027;487,300;MWH;26,0780;EUR;SHELL_;MATCHED
BO907310;D2607777;21/01/2026;PWR_FR;S;01/10/2027;31/12/2027;368,800;MWH;68,4150;EUR;TOTALE;MATCHED
BO907151;D2607608;09/01/2026;PWR_FR;S;01/09/2026;30/09/2026;215,700;MWH;62,5000;EUR;EEX_CL;MATCHED
BO908026;D2608545;22/12/2025;NG_PEG;S;01/07/2026;31/07/2026;365,100;MWH;23,6690;EUR;EEX_CL;MATCHED
BO907410;D02607883;03/02/2026;PWR_FR;S;01/07/2027;30/09/2027;217,000;MWH;57,0330;EUR;SHELL_;MATCHED
BO904362;D2604637;15/12/2025;PWR_FR;S;01/03/2026;31/03/2026;515,400;MWH;90,5420;EUR;ICE_EN;MATCHED
BO900406;D2600429;02/06/2025;PWR_FR;B;01/09/2026;30/09/2026;324,300;MWH;66,0260;EUR;VITOL;MATCHED
BO906571;D2606994;03/04/2026;PWR_FR;S;01/11/2027;30/11/2027;247,900;MWH;82,0300;EUR;STATKR;CXL
BO906953;D2607396;12/12/2025;PWR_FR;S;01/02/2027;30/04/2027;542,100;MWH;76,4860;EUR;MERCUR;MATCHED
BO907463;D2607936;29/07/2025;NG_PEG;B;01/03/2027;31/05/2027;1082,900;MWH;41,8680;EUR;SHELL_;MATCHED
BO902182;D2602319;06/06/2025;PWR_FR;S;01/01/2026;31/01/2026;355,700;MWH;84,7330;EUR;EDF_TR;MATCHED
BO902338;D2602484;08/08/2025;PWR_FR;S;01/04/2027;30/04/2027;277,000;MWH;73,5290;EUR;AXPO;MATCHED
BO907844;D2608345;12/06/2025;PWR_FR;S;01/10/2026;31/12/2026;242,600;MWH;70,2690;EUR;EEX_CL;MATCHED
BO901905;D2602029;05/09/2025;PWR_FR;S;01/12/2026;28/02/2027;213,100;MWH;98,8770;EUR;GUNVOR;MATCHED
BO905814;D2606200;20/04/2026;PWR_FR;S;01/10/2027;31/10/2027;155,000;MWH;78,8680;EUR;STATKR;MATCHED
BO901334;D2601417;19/05/2026;PWR_FR;S;01/06/2026;31/05/2027;283,100;MWH;63,0980;EUR;EDF_TR;MATCHED
BO907190;D2607648;17/03/2026;NG_PEG;B;01/11/2026;31/10/2027;256,600;MWH;36,7620;EUR;SHELL_;MATCHED
BO908381;D2608920;27/03/2026;PWR_FR;B;01/01/2026;31/01/2026;1047,300;MWH;101,0750;EUR;EDF_TR;MATCHED
BO903969;D2604218;03/07/2025;PWR_FR;B;01/05/2027;31/05/2027;535,700;MWH;70,1560;EUR;MERCUR;MATCHED
BO904183;D2604446;18/09/2025;NG_PEG;B;01/06/2027;30/06/2027;166,200;MWH;24,3740;EUR;UNIPER;MATCHED
BO903462;D2603680;23/04/2026;NG_PEG;B;01/06/2026;31/05/2027;532,000;MWH;23,5990;EUR;VITOL;MATCHED
BO906214;D2606620;25/07/2025;PWR_FR;S;01/10/2026;31/10/2026;177,000;MWH;84,6840;EUR;STATKR;MATCHED
BO901332;D2601415;03/09/2025;PWR_FR;B;01/08/2026;31/10/2026;247,600;MWH;66,4810;EUR;TOTALE;CXL
BO904514;D2604802;04/05/2026;NG_PEG;B;01/09/2027;31/08/2028;511,900;MWH;29,0170;EUR;RWE;MATCHED
BO907476;D2607949;19/06/2025;NG_PEG;S;01/10/2027;31/12/2027;147,600;MWH;27,4020;EUR;VITOL;MATCHED
BO901083;D2601153;11/02/2026;PWR_FR;B;01/07/2027;31/07/2027;138,300;MWH;55,1450;EUR;AXPO;MATCHED
BO902068;D2602201;20/02/2026;PWR_FR;S;01/07/2027;31/07/2027;130,100;MWH;71,3790;EUR;EDF_TR;MATCHED
BO907515;D2607990;25/02/2026;PWR_FR;B;01/09/2026;30/09/2026;468,900;MWH;64,1330;EUR;VITOL;MATCHED
BO907703;D2608192;06/06/2025;PWR_FR;B;01/06/2026;30/06/2026;112,600;MWH;65,9860;EUR;RWE;MATCHED
BO900467;D2600495;02/12/2025;NG_PEG;S;01/04/2026;30/04/2026;734,300;MWH;28,1260;EUR;UNIPER;MATCHED
BO902302;D2602446;15/10/2025;PWR_FR;B;01/03/2027;29/02/2028;323,400;MWH;81,2230;EUR;AXPO;MATCHED
BO905684;D2606063;06/06/2025;PWR_FR;S;01/01/2027;31/01/2027;72,700;MWH;102,7690;EUR;GUNVOR;MATCHED
BO901144;D2601219;07/11/2025;NG_PEG;B;01/05/2026;31/05/2026;608,400;MWH;30,0250;EUR;UNIPER;MATCHED
BO902993;D2603191;20/04/2026;PWR_FR;B;01/07/2026;31/07/2026;321,200;MWH;61,9290;EUR;TOTALE;MATCHED
BO908815;D2606796;28/08/2025;NG_PEG;S;01/08/2027;31/08/2027;454,400;MWH;21,7780;EUR;VITOL;MATCHED
BO990013;D9500013;16/07/2025;PWR_FR;S;01/08/2027;31/08/2027;173,100;MWH;60,0780;EUR;STATKR;CXL
BO903581;D2603805;03/02/2026;NG_PEG;B;01/01/2026;31/01/2026;185,300;MWH;41,3870;EUR;STATKR;MATCHED
BO906909;D2607350;06/03/2026;NG_PEG;B;01/06/2026;31/08/2026;695,100;MWH;25,5140;EUR;STATKR;MATCHED
BO902380;D2602532;24/07/2026;PWR_FR;S;01/08/2026;31/08/2026;134,000;MWH;57,4800;EUR;STATKR;MATCHED
BO908101;D2608624;12/09/2025;PWR_FR;B;01/10/2026;31/10/2026;128,300;MWH;86,9480;EUR;UNIPER;MATCHED
BO903801;D2604041;11/02/2026;NG_PEG;S;01/08/2027;31/08/2027;147,200;MWH;22,2230;EUR;VITOL;MATCHED
BO903329;D2603547;12/08/2025;PWR_FR;B;01/06/2026;31/05/2027;55,300;MWH;65,9880;EUR;STATKR;MATCHED
BO907467;D2607940;31/10/2025;PWR_FR;B;01/04/2027;30/04/2027;625,200;MWH;55,7200;EUR;RWE;MATCHED
BO902361;D2602510;19/02/2026;NG_PEG;B;01/01/2026;31/01/2026;716,500;MWH;36,0550;EUR;ICE_EN;MATCHED
BO906350;D2606765;24/07/2026;PWR_FR;B;01/08/2027;31/10/2027;157,200;MWH;61,8390;EUR;ICE_EN;MATCHED
BO906711;D2607143;26/02/2026;NG_PEG;B;01/07/2027;31/07/2027;1144,600;MWH;24,3610;EUR;GUNVOR;MATCHED
BO908589;D2604767;28/01/2026;NG_PEG;B;01/05/2026;30/04/2027;57,000;MWH;25,8100;EUR;AXPO;MATCHED
BO907752;D2608244;25/08/2025;NG_PEG;S;01/06/2027;30/06/2027;170,100;MWH;25,1380;EUR;UNIPER;MATCHED
BO903489;D2603709;09/12/2025;PWR_FR;S;01/12/2027;31/12/2027;467,600;MWH;81,2720;EUR;EEX_CL;MATCHED
BO904901;D2605223;18/06/2026;NG_PEG;S;01/08/2027;31/08/2027;318,100;MWH;20,1750;EUR;UNIPER;MATCHED
BO904527;D2604816;13/08/2025;PWR_FR;S;01/06/2027;30/06/2027;843,900;MWH;72,0248;EUR;RWE;MATCHED
BO908083;D2608604;08/08/2025;NG_PEG;B;01/09/2027;30/11/2027;88,700;MWH;33,4350;EUR;STATKR;MATCHED
BO906158;D2606559;09/03/2026;PWR_FR;B;01/07/2027;30/06/2028;293,600;MWH;67,5440;EUR;EDF_TR;MATCHED
BO908712;D2604731;27/10/2025;NG_PEG;B;01/01/2027;31/03/2027;74,700;MWH;41,9930;EUR;RWE;MATCHED
BO901604;D2601709;25/08/2025;PWR_FR;B;01/01/2027;31/01/2027;118,900;MWH;106,3810;EUR;TOTALE;MATCHED
BO908281;D2608815;23/01/2026;NG_PEG;B;01/05/2026;31/05/2026;1193,400;MWH;28,6840;EUR;STATKR;MATCHED
BO908543;D2606069;02/04/2026;NG_PEG;B;01/11/2027;31/01/2028;340,000;MWH;37,6870;EUR;EDF_TR;MATCHED
BO907451;D2607924;18/03/2026;NG_PEG;S;01/04/2027;30/04/2027;584,100;MWH;25,2620;EUR;RWE;MATCHED
BO903889;D2604133;13/11/2025;NG_PEG;S;01/05/2026;30/04/2027;166,900;MWH;21,7860;EUR;GUNVOR;MATCHED
BO906234;D2606643;27/05/2026;PWR_FR;B;01/02/2026;28/02/2026;89,000;MWH;92,4840;EUR;UNIPER;MATCHED
BO901939;D2602066;24/07/2025;NG_PEG;S;01/01/2026;31/12/2026;301,300;MWH;37,4410;EUR;VITOL;MATCHED
BO908768;D2604278;09/02/2026;NG_PEG;B;01/01/2027;31/01/2027;46,000;MWH;38,1280;EUR;UNIPER;MATCHED
BO900984;D2601040;19/09/2025;NG_PEG;S;01/03/2026;31/03/2026;381,300;MWH;35,4610;EUR;STATKR;MATCHED
BO906301;D2606714;02/10/2025;PWR_FR;S;01/11/2027;30/11/2027;456,300;MWH;85,5060;EUR;GUNVOR;MATCHED
BO906978;D2607423;16/03/2026;NG_PEG;B;01/11/2026;31/01/2027;198,200;MWH;36,5120;EUR;EDF_TR;MATCHED
BO902023;D2602153;16/04/2026;PWR_FR;B;01/03/2027;31/03/2027;84,800;MWH;85,9670;EUR;UNIPER;MATCHED
BO906090;D2606487;16/01/2026;PWR_FR;S;01/12/2027;31/12/2027;1029,400;MWH;74,0390;EUR;MERCUR;MATCHED
BO904192;D2604456;12/09/2025;PWR_FR;B;01/02/2027;28/02/2027;100,500;MWH;73,4620;EUR;UNIPER;MATCHED
BO908142;D2608669;27/01/2026;NG_PEG;B;01/11/2027;30/11/2027;71,500;MWH;34,3010;EUR;GUNVOR;CXL
BO902244;D2602383;02/06/2025;PWR_FR;B;01/03/2026;31/05/2026;476,900;MWH;78,0070;EUR;SHELL_;MATCHED
BO901713;D2601821;25/06/2026;NG_PEG;B;01/02/2026;31/01/2027;103,500;MWH;37,9240;EUR;RWE;MATCHED
BO905961;D2606355;28/01/2026;PWR_FR;B;01/04/2027;30/04/2027;178,300;MWH;84,2080;EUR;EEX_CL;MATCHED
BO904582;D2604875;02/09/2025;NG_PEG;S;01/06/2027;30/06/2027;179,700;MWH;22,0710;EUR;MERCUR;MATCHED
BO900803;D2600847;31/07/2025;PWR_FR;B;01/01/2027;31/03/2027;452,400;MWH;99,2250;EUR;AXPO;MATCHED
BO905189;D2605528;08/04/2026;NG_PEG;B;01/10/2027;31/10/2027;267,900;MWH;27,1410;EUR;UNIPER;MATCHED
BO903572;D2603796;28/11/2025;PWR_FR;S;01/11/2026;30/11/2026;175,100;MWH;90,8530;EUR;GUNVOR;MATCHED
BO903306;D2603524;30/03/2026;PWR_FR;B;01/04/2026;30/04/2026;296,700;MWH;70,1870;EUR;SHELL_;MATCHED
BO908910;D2602717;12/06/2026;NG_PEG;B;01/11/2026;30/11/2026;150,600;MWH;31,8960;EUR;STATKR;MATCHED
BO905640;D2606017;13/07/2026;PWR_FR;B;01/06/2026;30/06/2026;977,800;MWH;56,8040;EUR;VITOL;MATCHED
BO907336;D2607805;27/11/2025;NG_PEG;B;01/01/2027;31/01/2027;189,300;MWH;40,3560;EUR;MERCUR;MATCHED
BO906731;D2607163;18/02/2026;NG_PEG;S;01/08/2027;31/08/2027;67,500;MWH;28,9770;EUR;SHELL_;MATCHED
BO905492;D2605857;10/09/2025;NG_PEG;B;01/05/2026;31/05/2026;90,100;MWH;28,4540;EUR;STATKR;MATCHED
BO901766;D2601875;13/08/2025;PWR_FR;B;01/08/2027;31/10/2027;101,100;MWH;74,2050;EUR;MERCUR;MATCHED
BO901062;D2601130;23/04/2026;NG_PEG;B;01/04/2026;30/04/2026;128,400;MWH;31,5010;EUR;RWE;MATCHED
BO908802;D2603809;23/03/2026;NG_PEG;B;01/08/2026;31/10/2026;83,600;MWH;22,1650;EUR;TOTALE;MATCHED
BO905423;D2605782;13/03/2026;NG_PEG;B;01/07/2027;31/07/2027;137,900;MWH;24,7180;EUR;AXPO;MATCHED
BO905246;D2605591;09/02/2026;NG_PEG;S;01/05/2026;31/05/2026;168,400;MWH;21,2640;EUR;VITOL;MATCHED
BO908352;D2608889;01/04/2026;PWR_FR;B;01/10/2026;31/10/2026;423,900;MWH;74,8930;EUR;VITOL;MATCHED
BO901577;D2601679;17/06/2026;PWR_FR;B;01/01/2026;31/03/2026;519,500;MWH;117,5270;EUR;ICE_EN;MATCHED
BO903418;D2603636;11/11/2025;PWR_FR;B;01/07/2027;31/07/2027;144,100;MWH;64,8240;EUR;EEX_CL;MATCHED
BO904532;D2604821;08/07/2026;PWR_FR;S;01/12/2027;31/12/2027;34,800;MWH;100,2021;EUR;UNIPER;MATCHED
BO905140;D2605474;15/06/2026;PWR_FR;B;01/10/2027;31/10/2027;1621,300;MWH;88,8890;EUR;STATKR;MATCHED
BO904938;D2605263;19/09/2025;NG_PEG;B;01/04/2027;30/06/2027;2050,400;MWH;31,4210;EUR;GUNVOR;MATCHED
BO900658;D2600699;03/09/2025;PWR_FR;B;01/06/2026;30/06/2026;241,000;MWH;56,8300;EUR;VITOL;MATCHED
BO904995;D2605323;04/06/2025;PWR_FR;B;01/07/2027;30/09/2027;380,900;MWH;45,5830;EUR;GUNVOR;MATCHED
BO902938;D2603133;19/09/2025;NG_PEG;S;01/02/2026;30/04/2026;235,200;MWH;37,5740;EUR;GUNVOR;CXL
BO904427;D2604708;05/01/2026;NG_PEG;B;01/10/2026;31/10/2026;131,100;MWH;25,7990;EUR;GUNVOR;MATCHED
BO900367;D2600389;18/02/2026;NG_PEG;B;01/12/2026;28/02/2027;158,500;MWH;38,8290;EUR;UNIPER;MATCHED
BO907063;D2607514;15/04/2026;PWR_FR;S;01/03/2027;31/03/2027;125,300;MWH;88,3070;EUR;UNIPER;MATCHED
BO907170;D2607628;11/08/2025;PWR_FR;B;01/01/2026;31/12/2026;686,600;MWH;91,9360;EUR;ICE_EN;MATCHED
BO902956;D2603152;06/02/2026;NG_PEG;S;01/11/2026;30/11/2026;540,200;MWH;40,9480;EUR;MERCUR;MATCHED
BO903151;D2603359;01/04/2026;PWR_FR;B;01/06/2026;30/06/2026;260,500;MWH;54,5310;EUR;STATKR;MATCHED
BO902192;D2602330;01/10/2025;NG_PEG;S;01/05/2027;31/05/2027;210,800;MWH;25,6920;EUR;GUNVOR;MATCHED
BO907863;D2608368;06/03/2026;NG_PEG;B;01/09/2026;30/11/2026;71,700;MWH;22,5390;EUR;GUNVOR;MATCHED
BO904701;D2605009;12/08/2025;PWR_FR;B;01/02/2027;28/02/2027;66,100;MWH;86,4270;EUR;EEX_CL;CXL
BO907875;D2608382;28/04/2026;PWR_FR;B;01/05/2027;31/05/2027;1059,300;MWH;60,4220;EUR;EEX_CL;MATCHED
BO902802;D2602987;29/12/2025;PWR_FR;S;01/12/2027;31/12/2027;392,500;MWH;87,3710;EUR;ICE_EN;MATCHED
BO990022;D9500022;11/06/2026;NG_PEG;S;01/09/2026;30/09/2026;740,800;MWH;30,6720;EUR;UNIPER;MATCHED
BO901220;D2601297;19/01/2026;PWR_FR;S;01/06/2026;31/08/2026;187,100;MWH;52,2620;EUR;SHELL_;MATCHED
BO901539;D2601638;06/10/2025;NG_PEG;B;01/04/2027;30/04/2027;1209,500;MWH;33,1760;EUR;EDF_TR;MATCHED
BO907724;D2608213;27/08/2025;NG_PEG;B;01/10/2027;31/12/2027;330,800;MWH;29,3170;EUR;ICE_EN;MATCHED
BO903317;D2603535;15/10/2025;PWR_FR;B;01/09/2026;30/11/2026;484,300;MWH;76,0730;EUR;EDF_TR;MATCHED
BO901978; D2602106;24/07/2026;PWR_FR;B;01/02/2026;28/02/2026;120,000;MWH;78,6990;EUR;EDF_TR;MATCHED
BO905754;D2606135;28/01/2026;PWR_FR;S;01/12/2027;31/12/2027;193,100;MWH;91,9310;EUR;VITOL;MATCHED
BO905236;D2605580;17/06/2025;PWR_FR;S;01/01/2026;31/01/2026;445,400;MWH;104,9660;EUR;SHELL_;MATCHED
BO906045;D2606440;07/11/2025;PWR_FR;S;01/08/2026;31/08/2026;152,900;MWH;73,8210;EUR;STATKR;MATCHED
BO907155;D2607612;28/05/2026;PWR_FR;B;01/10/2026;31/10/2026;1002,800;MWH;73,9180;EUR;SHELL_;MATCHED
BO901841;D2601958;29/07/2025;PWR_FR;B;01/11/2026;30/11/2026;114,900;MWH;80,3510;EUR;MERCUR;MATCHED
BO908446;D2608986;06/08/2025;PWR_FR;S;01/02/2027;28/02/2027;547,300;MWH;89,6110;EUR;ICE_EN;MATCHED
BO902552;D2602713;06/05/2026;PWR_FR;B;01/01/2026;31/01/2026;412,900;MWH;95,7720;EUR;ICE_EN;MATCHED
BO905662;D2606040;11/11/2025;NG_PEG;B;01/01/2027;31/01/2027;92,400;MWH;37,6060;EUR;SHELL_;MATCHED
BO908950;D2608809;01/05/2026;PWR_FR;S;01/02/2027;28/02/2027;505,200;MWH;88,8310;EUR;RWE;MATCHED
BO900109;D2600117;26/08/2025;NG_PEG;B;01/03/2027;31/03/2027;316,800;MWH;36,4830;EUR;EDF_TR;MATCHED
BO904136;D2604398;02/06/2025;PWR_FR;B;01/06/2027;30/06/2027;578,000;MWH;61,9060;EUR;GUNVOR;MATCHED
BO905096;D2605428;04/06/2025;PWR_FR;S;01/06/2027;30/06/2027;115,800;MWH;56,9600;EUR;VITOL;MATCHED
BO903445;D2603663;11/09/2025;NG_PEG;S;01/09/2026;30/09/2026;324,600;MWH;26,6920;EUR;RWE;MATCHED
BO904242;D2604510;10/06/2026;NG_PEG;B;01/10/2027;31/10/2027;581,200;MWH;34,0570;EUR;UNIPER;MATCHED
BO904713;D2605022;06/01/2026;PWR_FR;B;01/06/2026;30/06/2026;154,000;MWH;80,3780;EUR;SHELL_;MATCHED
BO990055;D9500055;21/01/2026;NG_PEG;B;01/05/2027;31/05/2027;34,000;MWH;29,6380;EUR;ICE_EN;MATCHED
BO902472;D2602626;05/06/2025;PWR_FR;S;01/06/2027;30/06/2027;1224,300;MWH;54,8470;EUR;UNIPER;MATCHED
BO907139;D2607596;26/11/2025;NG_PEG;S;01/05/2027;31/05/2027;200,800;MWH;27,9110;EUR;EEX_CL;MATCHED
BO903810;D2604050;09/12/2025;NG_PEG;B;01/11/2027;30/11/2027;309,600;MWH;35,4730;EUR;TOTALE;CXL
BO901018;D2601080;01/05/2026;NG_PEG;B;01/05/2026;31/05/2026;186,100;MWH;26,8670;EUR;TOTALE;MATCHED
BO905569;D2605938;08/06/2026;NG_PEG;S;01/05/2026;31/05/2026;694,300;MWH;26,6200;EUR;EEX_CL;MATCHED
BO903401; D2603619;09/02/2026;PWR_FR;B;01/10/2027;31/10/2027;110,700;MWH;75,9070;EUR;RWE;MATCHED
BO902262;D2602402;12/03/2026;PWR_FR;S;01/02/2027;28/02/2027;134,700;MWH;103,3040;EUR;UNIPER;MATCHED
BO906130;D2606530;15/07/2025;PWR_FR;S;01/08/2027;31/08/2027;310,100;MWH;62,3740;EUR;SHELL_;MATCHED
BO901361;D2601445;08/04/2026;NG_PEG;S;01/08/2026;31/08/2026;437,400;MWH;23,1920;EUR;VITOL;MATCHED
BO907252;D2607715;15/07/2025;PWR_FR;S;01/02/2027;28/02/2027;288,500;MWH;106,2720;EUR;AXPO;MATCHED
BO901371;D2601457;25/08/2025;PWR_FR;B;01/10/2027;31/10/2027;316,800;MWH;75,2470;EUR;EDF_TR;MATCHED
BO903832;D2604073;27/11/2025;PWR_FR;B;01/02/2027;28/02/2027;275,500;MWH;88,8300;EUR;EEX_CL;MATCHED
BO902067;D2602200;10/04/2026;NG_PEG;S;01/08/2026;31/10/2026;459,000;MWH;29,6410;EUR;EEX_CL;MATCHED
BO902898;D2603092;24/07/2026;NG_PEG;S;01/04/2027;30/04/2027;31,500;MWH;33,3350;EUR;UNIPER;MATCHED
BO902645;D2602811;24/07/2026;NG_PEG;S;01/10/2027;31/10/2027;289,200;MWH;34,9550;EUR;RWE;MATCHED
BO904572;D2604865;18/06/2026;PWR_FR;S;01/05/2027;31/05/2027;923,600;MWH;72,7300;EUR;AXPO;MATCHED
BO906827;D2607266;18/03/2026;NG_PEG;S;01/08/2026;31/08/2026;197,700;MWH;26,5560;EUR;STATKR;MATCHED
BO902963;D2603159;03/07/2025;NG_PEG;B;01/12/2027;31/12/2027;192,700;MWH;35,9280;EUR;RWE;CXL
BO907577;D2608059;02/12/2025;PWR_FR;S;01/11/2026;30/11/2026;65,300;MWH;81,2700;EUR;TOTALE;MATCHED
BO903928;D2604174;14/04/2026;NG_PEG;B;01/04/2027;30/04/2027;1075,400;MWH;29,1340;EUR;SHELL_;MATCHED
BO901122;D2601195;29/01/2026;PWR_FR;S;01/09/2026;30/09/2026;557,400;MWH;69,9190;EUR;STATKR;MATCHED
BO903114;D2603321;05/11/2025;PWR_FR;S;01/10/2026;31/12/2026;270,400;MWH;91,4640;EUR;STATKR;MATCHED
BO906150;D2606551;24/12/2025;NG_PEG;S;01/03/2027;31/03/2027;302,400;MWH;37,9280;EUR;STATKR;MATCHED
BO901434;D2601526;29/12/2025;NG_PEG;S;01/07/2027;30/09/2027;180,200;MWH;22,3760;EUR;STATKR;MATCHED
BO905067;D2605396;08/08/2025;PWR_FR;S;01/12/2027;31/12/2027;185,100;MWH;91,1680;EUR;AXPO;MATCHED
BO900519;D2600553;07/01/2026;PWR_FR;S;01/03/2026;31/05/2026;168,100;MWH;83,9140;EUR;MERCUR;MATCHED
BO907764;d2608256;08/12/2025;PWR_FR;S;01/06/2027;31/08/2027;73,100;MWH;61,4080;EUR;UNIPER;MATCHED
BO904579;D2604872;05/02/2026;NG_PEG;B;01/07/2027;30/09/2027;305,700;MWH;25,1280;EUR;VITOL;MATCHED
BO901851;D2601969;06/10/2025;NG_PEG;B;01/07/2027;30/06/2028;211,400;MWH;24,7340;EUR;TOTALE;MATCHED
BO900325;D2600345;28/04/2026;PWR_FR;S;01/01/2027;31/01/2027;98,400;MWH;81,6660;EUR;ICE_EN;MATCHED
BO904410;D2604690;09/03/2026;PWR_FR;S;01/04/2026;30/04/2026;57,600;MWH;84,5330;EUR;MERCUR;MATCHED
BO908415;D2608955;06/01/2026;PWR_FR;B;01/07/2026;31/07/2026;154,800;MWH;52,0300;EUR;MERCUR;MATCHED
BO907899;D2608409;20/04/2026;NG_PEG;B;01/02/2027;31/01/2028;505,500;MWH;38,7320;EUR;RWE;MATCHED
BO900159;D2600169;15/07/2025;NG_PEG;B;01/03/2027;31/03/2027;320,900;MWH;35,0600;EUR;RWE;MATCHED
BO907725;D2608214;14/07/2025;PWR_FR;B;01/01/2027;31/03/2027;186,000;MWH;94,3430;EUR;UNIPER;MATCHED
BO904268;D2604537;02/09/2025;PWR_FR;S;01/11/2026;30/11/2026;210,100;MWH;89,6330;EUR;EDF_TR;MATCHED
BO904627;D2604922;26/06/2025;NG_PEG;S;01/12/2027;31/12/2027;136,500;MWH;35,2250;EUR;AXPO;MATCHED
BO908693;D2605060;27/11/2025;PWR_FR;B;01/07/2026;31/07/2026;237,100;MWH;61,3610;EUR;EDF_TR;MATCHED
BO901706;D2601814;18/05/2026;PWR_FR;S;01/06/2026;30/06/2026;476,800;MWH;69,1950;EUR;MERCUR;MATCHED
BO905907;D2606295;05/05/2026;PWR_FR;S;01/05/2026;31/05/2026;78,200;MWH;73,9200;EUR;ICE_EN;MATCHED
BO908448;D2608988;07/07/2026;NG_PEG;B;01/03/2027;31/03/2027;197,800;MWH;23,7610;EUR;AXPO;MATCHED
BO905706;D2606087;13/03/2026;PWR_FR;S;01/09/2027;30/09/2027;85,900;MWH;69,4590;EUR;UNIPER;MATCHED
BO903363;D2603581;08/01/2026;PWR_FR;B;01/09/2026;30/11/2026;442,700;MWH;66,9210;EUR;VITOL;MATCHED
BO900020;D2600021;08/06/2026;PWR_FR;B;01/11/2027;30/11/2027;92,900;MWH;88,2680;EUR;GUNVOR;MATCHED
BO905369;D2605726;10/04/2026;PWR_FR;B;01/06/2026;31/08/2026;316,300;MWH;66,9870;EUR;ICE_EN;MATCHED
BO907698;D2608186;06/08/2025;NG_PEG;S;01/11/2027;30/11/2027;240,500;MWH;29,2790;EUR;EDF_TR;MATCHED
BO903289;D2603506;08/07/2026;PWR_FR;B;01/03/2026;31/03/2026;92,300;MWH;92,2830;EUR;EEX_CL;MATCHED
BO904438;D2604720;11/05/2026;PWR_FR;S;01/10/2027;31/10/2027;172,600;MWH;78,5100;EUR;TOTALE;MATCHED
BO903295;D2603512;23/06/2026;NG_PEG;S;01/08/2027;31/10/2027;215,500;MWH;27,1820;EUR;VITOL;MATCHED
BO904012;D2604264;02/12/2025;PWR_FR;S;01/11/2027;30/11/2027;388,200;MWH;85,0440;EUR;ICE_EN;MATCHED
BO904743;D2605054;23/07/2025;PWR_FR;B;01/02/2027;28/02/2027;566,300;MWH;96,3180;EUR;SHELL_;MATCHED
BO907731;D2608220;29/10/2025;PWR_FR;S;01/03/2027;31/03/2027;260,100;MWH;90,3520;EUR;TOTALE;MATCHED
BO908438;D2608978;20/03/2026;PWR_FR;B;01/06/2027;30/06/2027;221,500;MWH;58,9350;EUR;SHELL_;MATCHED
BO906095;D2606494;25/02/2026;PWR_FR;B;01/11/2026;30/11/2026;186,800;MWH;75,2890;EUR;VITOL;MATCHED
BO900543;D2600579;26/05/2026;PWR_FR;B;01/06/2026;30/06/2026;374,500;MWH;66,0440;EUR;VITOL;MATCHED
BO906858;D2607298;04/07/2025;NG_PEG;B;01/02/2027;28/02/2027;177,600;MWH;33,1750;EUR;TOTALE;MATCHED
BO906422;D2606841;18/05/2026;NG_PEG;S;01/03/2026;31/05/2026;607,500;MWH;36,7250;EUR;UNIPER;MATCHED
BO901561;D2601663;08/05/2026;PWR_FR;B;01/06/2027;30/06/2027;482,700;MWH;66,2880;EUR;VITOL;MATCHED
BO906514;D2606935;11/07/2025;NG_PEG;B;01/10/2027;31/12/2027;515,000;MWH;28,3140;EUR;UNIPER;MATCHED
BO901878;D2602000;05/09/2025;PWR_FR;B;01/06/2027;31/05/2028;89,600;MWH;56,6160;EUR;ICE_EN;MATCHED
BO902090;D2602224;11/07/2025;NG_PEG;B;01/12/2026;30/11/2027;204,200;MWH;34,2800;EUR;AXPO;MATCHED
BO902603;D2602769;11/02/2026;PWR_FR;B;01/06/2026;30/06/2026;326,800;MWH;67,8530;EUR;GUNVOR;MATCHED
BO908042;D2608561;27/04/2026;NG_PEG;B;01/02/2026;28/02/2026;295,500;MWH;38,2140;EUR;EEX_CL;MATCHED
BO902164;D2602300;19/05/2026;PWR_FR;S;01/11/2027;30/11/2027;545,700;MWH;91,5576;EUR;ICE_EN;MATCHED
BO900276;D2600292;26/06/2026;PWR_FR;S;01/02/2027;31/01/2028;235,800;MWH;88,2070;EUR;STATKR;MATCHED
BO902056;D2602188;23/06/2026;NG_PEG;B;01/06/2027;30/06/2027;91,200;MWH;25,5740;EUR;RWE;MATCHED
BO907488;D2607961;24/04/2026;PWR_FR;B;01/10/2026;31/10/2026;877,200;MWH;72,5740;EUR;RWE;MATCHED
BO905470;D2605833;30/03/2026;PWR_FR;S;01/09/2027;30/09/2027;143,900;MWH;64,7580;EUR;AXPO;MATCHED
BO900008;D2600008;03/03/2026;PWR_FR;S;01/07/2027;31/07/2027;154,300;MWH;63,0880;EUR;ICE_EN;MATCHED
BO904505;D2604791;15/04/2026;NG_PEG;S;01/07/2027;30/09/2027;210,700;MWH;24,4660;EUR;RWE;MATCHED
BO900013;D2600013;21/11/2025;PWR_FR;S;01/05/2027;31/05/2027;315,300;MWH;55,0930;EUR;UNIPER;MATCHED
BO902892;D2603086;23/06/2025;NG_PEG;B;01/09/2026;30/09/2026;298,600;MWH;26,1150;EUR;SHELL_;MATCHED
BO904759;D2605071;30/12/2025;PWR_FR;B;01/02/2027;30/04/2027;64,000;MWH;97,3540;EUR;TOTALE;MATCHED
BO990056;D9500056;11/09/2025;PWR_FR;B;01/05/2026;31/05/2026;138,700;MWH;76,6000;EUR;AXPO;MATCHED
BO904546; D2604836;18/07/2025;PWR_FR;S;01/10/2026;31/12/2026;106,200;MWH;73,3010;EUR;EEX_CL;MATCHED
BO907909;D2608422;14/08/2025;PWR_FR;S;01/03/2027;31/03/2027;498,300;MWH;83,2770;EUR;SHELL_;MATCHED
BO907933;D2608446;07/10/2025;PWR_FR;B;01/08/2026;31/08/2026;82,500;MWH;62,0650;EUR;UNIPER;MATCHED
BO904928;D2605252;03/07/2025;PWR_FR;B;01/08/2026;31/08/2026;152,100;MWH;71,9670;EUR;EEX_CL;MATCHED
BO904132;D2604393;22/07/2025;NG_PEG;B;01/10/2027;31/10/2027;143,200;MWH;32,2880;EUR;STATKR;MATCHED
BO907885;D2608393;26/02/2026;NG_PEG;S;01/04/2026;30/04/2026;82,200;MWH;32,8930;EUR;RWE;MATCHED
BO901016;D2601078;01/08/2025;NG_PEG;B;01/04/2027;30/04/2027;96,100;MWH;26,9240;EUR;EDF_TR;MATCHED
BO908351;D2608888;02/01/2026;PWR_FR;S;01/02/2026;28/02/2026;149,800;MWH;98,7240;EUR;MERCUR;MATCHED
BO901946;D2602073;14/04/2026;NG_PEG;S;01/07/2026;30/09/2026;1813,100;MWH;27,8100;EUR;SHELL_;MATCHED
BO900542;D2600578;12/06/2025;NG_PEG;B;01/12/2026;31/12/2026;552,200;MWH;34,5120;EUR;EDF_TR;MATCHED
BO903672;D2603902;11/12/2025;PWR_FR;S;01/08/2027;31/08/2027;70,300;MWH;64,2700;EUR;EEX_CL;MATCHED
BO906116;D2606516;12/01/2026;NG_PEG;B;01/11/2027;30/11/2027;99,100;MWH;36,4860;EUR;EDF_TR;MATCHED
BO900958;D2601012;11/12/2025;PWR_FR;B;01/10/2026;31/10/2026;46,100;MWH;67,7500;EUR;GUNVOR;MATCHED
BO904700;D2605008;12/12/2025;NG_PEG;S;01/05/2027;31/05/2027;170,000;MWH;29,5340;EUR;EDF_TR;MATCHED
BO900556;D2600593;08/01/2026;PWR_FR;S;01/09/2026;30/09/2026;83,700;MWH;67,2790;EUR;SHELL_;MATCHED
BO906474;D2606894;13/06/2025;NG_PEG;B;01/04/2026;30/04/2026;300,300;MWH;28,7680;EUR;AXPO;MATCHED
BO906403;D2606821;10/04/2026;PWR_FR;B;01/05/2027;31/05/2027;296,700;MWH;71,3730;EUR;SHELL_;MATCHED
BO903614;D2603841;14/07/2025;NG_PEG;S;01/04/2026;30/04/2026;163,300;MWH;28,8700;EUR;AXPO;MATCHED
BO905855;D2606243;22/10/2025;PWR_FR;S;01/07/2027;30/06/2028;313,300;MWH;67,5100;EUR;RWE;MATCHED
BO901962;D2602090;21/10/2025;NG_PEG;B;01/09/2026;30/09/2026;509,800;MWH;28,7590;EUR;STATKR;MATCHED
BO900134;D2600142;10/02/2026;PWR_FR;B;01/03/2026;31/05/2026;68,100;MWH;74,2050;EUR;EDF_TR;MATCHED
BO901037;D2601101;06/02/2026;NG_PEG;B;01/11/2027;30/11/2027;80,000;MWH;36,8850;EUR;VITOL;MATCHED
BO906857;D2607297;16/07/2026;PWR_FR;B;01/10/2026;31/12/2026;271,500;MWH;59,2390;EUR;EEX_CL;MATCHED
BO906111;D2606511;09/06/2025;PWR_FR;S;01/03/2026;31/03/2026;62,200;MWH;82,7240;EUR;ICE_EN;CXL
BO905985;D2606379;20/03/2026;NG_PEG;S;01/06/2027;30/06/2027;136,400;MWH;21,0610;EUR;GUNVOR;MATCHED
BO902933;D2603128;20/07/2026;NG_PEG;B;01/06/2026;30/06/2026;226,800;MWH;27,6410;EUR;SHELL_;MATCHED
BO902001;D2602131;20/11/2025;PWR_FR;B;01/12/2026;31/12/2026;99,300;MWH;91,6040;EUR;EDF_TR;MATCHED
BO905318;D2605671;04/09/2025;NG_PEG;B;01/07/2027;31/07/2027;356,000;MWH;24,6830;EUR;EEX_CL;MATCHED
BO906291;D2606702;28/11/2025;PWR_FR;B;01/10/2027;31/10/2027;383,100;MWH;67,8250;EUR;SHELL_;MATCHED
BO902912;D2603106;18/08/2025;PWR_FR;B;01/03/2026;31/03/2026;536,400;MWH;94,3370;EUR;MERCUR;MATCHED
BO905061;D2605390;15/08/2025;PWR_FR;B;01/10/2027;31/12/2027;292,200;MWH;76,6140;EUR;TOTALE;MATCHED
BO901654;D2601760;25/08/2025;NG_PEG;B;01/12/2026;31/12/2026;155,400;MWH;39,1240;EUR;SHELL_;MATCHED
BO908479;D2608612;13/02/2026;NG_PEG;B;01/08/2026;31/10/2026;413,400;MWH;33,2430;EUR;TOTALE;MATCHED
BO906847;D2607286;08/10/2025;NG_PEG;S;01/05/2026;31/05/2026;177,500;MWH;29,0970;EUR;GUNVOR;MATCHED
BO990038;D9500038;20/02/2026;PWR_FR;B;01/12/2027;31/12/2027;1121,600;MWH;81,2300;EUR;SHELL_;MATCHED
BO901645;D2601751;01/07/2026;NG_PEG;B;01/08/2026;31/08/2026;135,200;MWH;24,5510;EUR;AXPO;MATCHED
BO907429;D2607902;17/07/2026;NG_PEG;S;01/10/2027;31/10/2027;380,500;MWH;27,4680;EUR;GUNVOR;MATCHED
BO903280; D2603497;30/07/2025;PWR_FR;B;01/12/2026;28/02/2027;67,300;MWH;94,8840;EUR;VITOL;MATCHED
BO903259;D2603475;15/07/2026;PWR_FR;S;01/12/2027;31/12/2027;316,100;MWH;109,8730;EUR;TOTALE;MATCHED
BO908936;D2607665;26/06/2026;NG_PEG;S;01/03/2027;31/05/2027;47,200;MWH;36,4090;EUR;GUNVOR;MATCHED
BO905105;D2605437;07/07/2026;NG_PEG;S;01/06/2026;31/08/2026;483,900;MWH;24,2630;EUR;EDF_TR;MATCHED
BO903075;D02603279;05/12/2025;PWR_FR;S;01/12/2027;29/02/2028;289,300;MWH;102,0740;EUR;VITOL;MATCHED
BO903926;D2604172;27/08/2025;PWR_FR;S;01/05/2026;30/04/2027;205,100;MWH;68,6100;EUR;MERCUR;MATCHED
BO900119;D2600127;12/03/2026;PWR_FR;B;01/03/2027;31/03/2027;100,600;MWH;99,6310;EUR;UNIPER;MATCHED
BO903447;D2603665;01/09/2025;NG_PEG;B;01/02/2027;28/02/2027;191,300;MWH;37,5550;EUR;ICE_EN;MATCHED
BO900197;D2600210;20/08/2025;NG_PEG;S;01/12/2027;31/12/2027;309,500;MWH;37,6320;EUR;SHELL_;MATCHED
BO905438;D2605798;25/07/2025;PWR_FR;S;01/02/2026;30/04/2026;255,400;MWH;102,1130;EUR;ICE_EN;CXL
BO902739;D2602914;27/02/2026;PWR_FR;B;01/02/2027;28/02/2027;104,300;MWH;88,7490;EUR;MERCUR;MATCHED
BO908335;D2608871;05/06/2025;NG_PEG;B;01/03/2026;31/03/2026;158,800;MWH;34,6450;EUR;ICE_EN;MATCHED
BO901057;D2601125;11/06/2025;PWR_FR;B;01/01/2027;31/01/2027;700,300;MWH;101,8350;EUR;RWE;MATCHED
BO905199;D2605539;15/06/2026;PWR_FR;S;01/05/2027;31/05/2027;536,200;MWH;74,8670;EUR;STATKR;MATCHED
BO904401;D2604681;17/12/2025;NG_PEG;B;01/01/2027;31/01/2027;201,200;MWH;36,1020;EUR;TOTALE;MATCHED
BO905398;D2605757;28/05/2026;NG_PEG;B;01/12/2026;28/02/2027;32,600;MWH;36,6610;EUR;SHELL_;MATCHED
BO907115;D2607571;23/03/2026;PWR_FR;S;01/10/2027;31/10/2027;116,100;MWH;86,5330;EUR;STATKR;MATCHED
BO901512;D2601609;18/06/2026;PWR_FR;B;01/04/2026;30/04/2026;141,500;MWH;80,1780;EUR;EDF_TR;MATCHED
BO901494;D2601589;08/09/2025;NG_PEG;B;01/08/2026;31/08/2026;249,700;MWH;24,9490;EUR;EEX_CL;MATCHED
BO908383;D2608922;13/04/2026;PWR_FR;S;01/06/2027;30/06/2027;1058,600;MWH;74,0780;EUR;SHELL_;MATCHED
BO900038;D2600041;13/07/2026;NG_PEG;B;01/08/2026;31/07/2027;159,300;MWH;24,8520;EUR;EEX_CL;MATCHED
BO904892;D2605214;15/01/2026;NG_PEG;B;01/04/2026;31/03/2027;271,800;MWH;33,6780;EUR;EEX_CL;MATCHED
BO903423;D2603641;13/06/2025;PWR_FR;B;01/03/2026;31/05/2026;426,700;MWH;80,3170;EUR;ICE_EN;MATCHED
BO905960;D2606354;18/12/2025;NG_PEG;B;01/05/2027;31/07/2027;317,300;MWH;31,5040;EUR;STATKR;MATCHED
BO903723;D2603956;10/07/2026;PWR_FR;B;01/05/2027;30/04/2028;164,000;MWH;60,4000;EUR;EDF_TR;MATCHED
BO905943;D2606334;15/07/2025;NG_PEG;B;01/08/2027;31/10/2027;89,000;MWH;22,9000;EUR;RWE;MATCHED
BO900654;D2600695;18/11/2025;PWR_FR;S;01/09/2026;30/11/2026;271,800;MWH;64,1550;EUR;EDF_TR;MATCHED
BO904469;D2604753;10/09/2025;PWR_FR;B;01/02/2026;28/02/2026;880,800;MWH;85,1170;EUR;EDF_TR;MATCHED
BO907627;D2608113;06/05/2026;PWR_FR;B;01/02/2026;28/02/2026;190,000;MWH;94,0080;EUR;TOTALE;MATCHED
BO906002;D2606396;18/06/2026;PWR_FR;B;01/08/2027;31/08/2027;156,700;MWH;63,6920;EUR;SHELL_;MATCHED
BO900350;D2600371;19/02/2026;NG_PEG;B;01/02/2026;28/02/2026;801,900;MWH;37,3460;EUR;EEX_CL;MATCHED
BO902621;D2602787;06/03/2026;NG_PEG;B;01/10/2027;31/10/2027;191,000;MWH;28,3760;EUR;GUNVOR;MATCHED
BO905651;D2606028;15/07/2026;NG_PEG;B;01/04/2026;30/04/2026;190,000;MWH;36,0840;EUR;VITOL;MATCHED
BO901422;D2601513;30/09/2025;PWR_FR;S;01/08/2027;31/08/2027;237,100;MWH;59,0210;EUR;AXPO;MATCHED
BO906397;D2606814;23/09/2025;PWR_FR;S;01/08/2026;31/08/2026;304,400;MWH;70,3490;EUR;EDF_TR;MATCHED
BO906503;D2606923;29/12/2025;PWR_FR;S;01/09/2026;30/11/2026;174,500;MWH;79,8850;EUR;RWE;MATCHED
BO902162;D2602298;28/10/2025;PWR_FR;S;01/04/2026;30/04/2026;130,600;MWH;73,1880;EUR;MERCUR;CXL
BO904363;D2604638;06/03/2026;PWR_FR;S;01/09/2026;30/09/2026;292,600;MWH;60,3750;EUR;STATKR;MATCHED
BO902228;D2602366;23/04/2026;PWR_FR;B;01/01/2026;31/01/2026;67,300;MWH;100,2000;EUR;ICE_EN;MATCHED
BO908531;D2606472;04/09/2025;PWR_FR;S;01/01/2027;31/03/2027;181,300;MWH;91,1330;EUR;VITOL;MATCHED
BO905260;D2605606;14/04/2026;NG_PEG;B;01/03/2027;31/05/2027;101,900;MWH;34,1970;EUR;UNIPER;MATCHED
BO906235; D2606644;17/04/2026;NG_PEG;B;01/04/2026;30/04/2026;180,400;MWH;32,5390;EUR;RWE;MATCHED
BO907161;D2607619;23/01/2026;PWR_FR;S;01/10/2026;31/10/2026;241,400;MWH;74,5520;EUR;SHELL_;MATCHED
BO900648;D2600689;20/03/2026;NG_PEG;S;01/05/2026;31/05/2026;160,800;MWH;22,3950;EUR;STATKR;MATCHED
BO905263;D2605609;31/03/2026;PWR_FR;S;01/02/2026;30/04/2026;47,400;MWH;109,7370;EUR;EEX_CL;MATCHED
BO904324;D2604595;27/10/2025;PWR_FR;B;01/07/2027;31/07/2027;197,800;MWH;57,6350;EUR;GUNVOR;MATCHED
BO901404;D2601493;03/04/2026;PWR_FR;B;01/01/2027;31/01/2027;209,700;MWH;74,9210;EUR;ICE_EN;MATCHED
BO906170;D2606572;21/01/2026;PWR_FR;B;01/06/2026;31/05/2027;405,000;MWH;61,9400;EUR;GUNVOR;MATCHED
BO902606;D2602772;19/06/2025;PWR_FR;B;01/04/2027;30/06/2027;588,800;MWH;84,4060;EUR;SHELL_;MATCHED
BO907534;D2608009;03/06/2025;PWR_FR;S;01/02/2026;28/02/2026;246,500;MWH;113,7600;EUR;MERCUR;MATCHED
BO903700;D2603932;03/12/2025;PWR_FR;S;01/01/2026;31/03/2026;452800,000;KWH;102,0730;EUR;UNIPER;MATCHED
BO900943;D2600996;02/03/2026;PWR_FR;S;01/10/2027;31/10/2027;319,700;MWH;68,8260;EUR;STATKR;MATCHED
BO901035;D2601099;10/04/2026;NG_PEG;S;01/03/2027;31/05/2027;132,700;MWH;36,1750;EUR;STATKR;CXL
BO907636;D2608123;18/12/2025;PWR_FR;B;01/03/2027;29/02/2028;50,100;MWH;69,8690;EUR;MERCUR;MATCHED
BO905024;D2605352;04/08/2025;NG_PEG;S;01/01/2026;31/01/2026;75,600;MWH;32,9770;EUR;GUNVOR;MATCHED
BO903814;D2604054;19/01/2026;PWR_FR;S;01/03/2027;31/03/2027;250,500;MWH;63,2250;EUR;EDF_TR;MATCHED
BO903473;D2603692;19/05/2026;NG_PEG;S;01/05/2027;31/07/2027;95,000;MWH;25,6030;EUR;STATKR;MATCHED
BO901752;D2601861;18/07/2025;PWR_FR;S;01/07/2026;31/07/2026;280,700;MWH;52,3030;EUR;GUNVOR;MATCHED
BO902369;D2602520;02/01/2026;PWR_FR;B;01/07/2027;31/07/2027;210,700;MWH;64,3100;EUR;EEX_CL;MATCHED
BO902134;D2602268;22/06/2026;PWR_FR;B;01/04/2027;30/04/2027;375,100;MWH;89,7010;EUR;RWE;MATCHED
BO902988;D2603186;27/05/2026;PWR_FR;B;01/02/2027;31/01/2028;150,200;MWH;77,5970;EUR;UNIPER;MATCHED
BO906461;D2606880;03/06/2026;PWR_FR;S;01/07/2027;30/09/2027;616,200;MWH;62,0490;EUR;EEX_CL;MATCHED
BO903761;D2603997;27/03/2026;NG_PEG;B;01/06/2027;30/06/2027;78,100;MWH;29,8640;EUR;EEX_CL;MATCHED
BO907814;D2608310;15/08/2025;PWR_FR;S;01/06/2026;31/08/2026;208,300;MWH;66,1400;EUR;VITOL;MATCHED
BO906639;D2607066;17/04/2026;NG_PEG;S;01/03/2026;31/03/2026;66,400;MWH;34,2720;EUR;UNIPER;MATCHED
BO900422;D2600446;01/07/2026;PWR_FR;S;01/04/2026;30/04/2026;272,500;MWH;66,9280;EUR;SHELL_;MATCHED
BO900484;D2600515;22/01/2026;NG_PEG;B;01/06/2026;31/05/2027;108,800;MWH;24,7660;EUR;MERCUR;MATCHED
BO903684;D2603915;28/08/2025;NG_PEG;B;01/02/2027;28/02/2027;86,500;MWH;39,9830;EUR;MERCUR;CXL
BO904809;D2605125;20/05/2026;NG_PEG;B;01/07/2027;31/07/2027;255,400;MWH;21,1100;EUR;TOTALE;MATCHED
BO901487;D2601582;26/01/2026;NG_PEG;S;01/09/2027;30/09/2027;91,600;MWH;22,7630;EUR;GUNVOR;MATCHED
BO900135;D2600143;04/12/2025;NG_PEG;B;01/03/2026;31/03/2026;709,200;MWH;40,0900;EUR;TOTALE;MATCHED
BO901039;D2601104;25/06/2025;NG_PEG;S;01/09/2027;30/09/2027;412,100;MWH;33,4790;EUR;GUNVOR;MATCHED
BO908401;D2608940;01/08/2025;PWR_FR;B;01/04/2027;31/03/2028;310,800;MWH;86,6210;EUR;STATKR;MATCHED
BO904230;D2604496;16/04/2026;PWR_FR;S;01/12/2026;28/02/2027;125,600;MWH;91,2310;EUR;VITOL;MATCHED
BO908702;D2603227;19/06/2025;NG_PEG;S;01/04/2026;30/04/2026;269,900;MWH;21,9830;EUR;STATKR;MATCHED
BO900481;d2600512;27/08/2025;PWR_FR;S;01/01/2027;31/01/2027;388,600;MWH;113,3220;EUR;VITOL;MATCHED
BO904280;D2604549;23/06/2025;NG_PEG;S;01/12/2027;31/12/2027;173,700;MWH;43,0710;EUR;VITOL;MATCHED
BO905838;D2606226;30/09/2025;NG_PEG;B;01/01/2026;31/01/2026;102,300;MWH;37,6320;EUR;ICE_EN;MATCHED
BO901179;D2601255;07/04/2026;PWR_FR;S;01/03/2026;31/03/2026;552,100;MWH;90,3890;EUR;UNIPER;MATCHED
BO900794;D2600838;31/10/2025;NG_PEG;B;01/09/2026;30/09/2026;374,300;MWH;26,3120;EUR;TOTALE;MATCHED
BO901510;D2601607;09/07/2026;PWR_FR;S;01/05/2026;31/05/2026;283,000;MWH;68,2480;EUR;SHELL_;MATCHED
BO905241;D2605585;29/10/2025;PWR_FR;B;01/08/2027;31/08/2027;415,800;MWH;72,4350;EUR;MERCUR;MATCHED
BO903245;D2603460;21/07/2025;PWR_FR;B;01/01/2026;31/03/2026;432,600;MWH;87,9500;EUR;STATKR;MATCHED
BO904231;D2604497;30/01/2026;NG_PEG;B;01/09/2026;31/08/2027;153,900;MWH;26,9390;EUR;EEX_CL;MATCHED
BO900166;D2600177;04/07/2025;PWR_FR;S;01/07/2027;30/09/2027;364,600;MWH;64,1820;EUR;AXPO;MATCHED
BO901908;D2602032;28/01/2026;PWR_FR;B;01/07/2026;31/07/2026;163,000;MWH;63,8740;EUR;VITOL;MATCHED
BO907903;D2608413;01/09/2025;PWR_FR;S;01/09/2027;30/11/2027;368,200;MWH;74,7020;EUR;UNIPER;MATCHED
BO904822;D2605139;17/06/2026;NG_PEG;B;01/07/2026;30/09/2026;49,400;MWH;24,6250;EUR;EEX_CL;MATCHED
BO903857;D2604100;09/07/2026;NG_PEG;B;01/12/2026;30/11/2027;105,400;MWH;32,5470;EUR;STATKR;MATCHED
BO903001;D2603203;17/10/2025;NG_PEG;S;01/11/2027;31/01/2028;21,700;MWH;34,7860;EUR;EEX_CL;MATCHED
BO907664;D2608151;25/11/2025;NG_PEG;B;01/01/2027;31/03/2027;508,300;MWH;40,0840;EUR;VITOL;MATCHED
BO903368;D2603586;09/01/2026;PWR_FR;B;01/01/2026;31/03/2026;151,700;MWH;95,6470;EUR;EEX_CL;MATCHED
BO906686;D2607118;17/07/2026;PWR_FR;B;01/07/2027;30/09/2027;75,400;MWH;61,4980;EUR;STATKR;MATCHED
BO901784;D2601894;09/06/2025;PWR_FR;B;01/03/2027;31/03/2027;274,600;MWH;70,1170;EUR;UNIPER;MATCHED
BO901737;D2601846;06/05/2026;PWR_FR;B;01/05/2026;31/07/2026;197,800;MWH;67,1520;EUR;ICE_EN;MATCHED
BO901856;D2601974;05/02/2026;PWR_FR;B;01/01/2026;31/03/2026;307,100;MWH;81,7960;EUR;VITOL;MATCHED
BO904210;D2604475;04/08/2025;NG_PEG;S;01/06/2027;30/06/2027;136,300;MWH;30,2010;EUR;ICE_EN;MATCHED
BO903285;D2603502;03/12/2025;PWR_FR;B;01/06/2027;30/06/2027;183,300;MWH;74,0050;EUR;UNIPER;MATCHED
BO902379;D2602531;18/07/2025;PWR_FR;B;01/08/2026;31/08/2026;94,800;MWH;54,9380;EUR;STATKR;MATCHED
BO903422;D2603640;12/09/2025;PWR_FR;S;01/03/2026;31/03/2026;155,200;MWH;96,6490;EUR;STATKR;MATCHED
BO901535;D2601633;05/01/2026;PWR_FR;S;01/07/2027;31/07/2027;754,900;MWH;82,6920;EUR;TOTALE;MATCHED
BO908673;D2608057;13/08/2025;NG_PEG;B;01/07/2027;30/09/2027;73,400;MWH;24,2630;EUR;AXPO;MATCHED
BO905858;D2606246;27/04/2026;NG_PEG;S;01/05/2026;31/05/2026;108,100;MWH;28,4690;EUR;MERCUR;MATCHED
BO903508;D2603728;06/08/2025;PWR_FR;B;01/03/2027;31/03/2027;235,400;MWH;95,0080;EUR;SHELL_;MATCHED
BO901491;D2601586;27/10/2025;NG_PEG;B;01/08/2027;31/08/2027;89,800;MWH;24,0190;EUR;EDF_TR;MATCHED
BO900527;D2600562;06/05/2026;NG_PEG;S;01/07/2026;31/07/2026;382,000;MWH;23,8360;EUR;EDF_TR;MATCHED
BO904654;D2604952;26/01/2026;PWR_FR;S;01/02/2026;30/04/2026;243,300;MWH;97,2050;EUR;SHELL_;MATCHED
BO908774;D2602661;28/01/2026;PWR_FR;S;01/04/2027;30/04/2027;262,200;MWH;66,9950;EUR;GUNVOR;MATCHED
BO903374;D2603592;15/07/2026;PWR_FR;S;01/08/2027;31/10/2027;102,600;MWH;57,7030;EUR;TOTALE;MATCHED
BO905332;D2605685;15/12/2025;NG_PEG;S;01/11/2026;31/01/2027;219,700;MWH;38,4310;EUR;VITOL;MATCHED
BO900083;D2600088;21/01/2026;PWR_FR;B;01/02/2026;28/02/2026;245,800;MWH;87,7090;EUR;ICE_EN;MATCHED
BO900660;D2600701;19/05/2026;NG_PEG;S;01/04/2026;31/03/2027;225,500;MWH;27,1530;EUR;GUNVOR;MATCHED
BO904721;D2605030;15/07/2026;PWR_FR;B;01/11/2027;30/11/2027;407,000;MWH;102,5220;EUR;MERCUR;MATCHED
BO903364;D2603582;08/08/2025;PWR_FR;S;01/09/2026;30/09/2026;414,000;MWH;64,4670;EUR;GUNVOR;MATCHED
BO900396;D2600419;12/06/2026;PWR_FR;B;01/03/2027;31/03/2027;70,100;MWH;77,8430;EUR;UNIPER;MATCHED
BO905884;D2606272;22/09/2025;PWR_FR;S;01/09/2026;30/11/2026;245,400;MWH;59,1300;EUR;VITOL;MATCHED
BO901993;D2602122;15/12/2025;PWR_FR;B;01/05/2027;31/07/2027;414,000;MWH;66,8740;EUR;STATKR;MATCHED
BO903863;D2604106;17/11/2025;NG_PEG;B;01/11/2026;30/11/2026;168,500;MWH;37,1920;EUR;UNIPER;MATCHED
BO903389;D2603607;16/04/2026;PWR_FR;B;01/09/2027;30/09/2027;143,300;MWH;64,8560;EUR;GUNVOR;MATCHED
BO903611;D2603838;12/09/2025;PWR_FR;B;01/06/2026;30/06/2026;2002,900;MWH;72,2220;EUR;SHELL_;MATCHED
BO907996;D2608513;19/06/2026;PWR_FR;B;01/11/2026;30/11/2026;72,100;MWH;104,6110;EUR;UNIPER;MATCHED
BO905967;D2606361;08/04/2026;PWR_FR;B;01/12/2026;31/12/2026;306,000;MWH;94,1170;EUR;VITOL;MATCHED
BO906671;D2607102;02/07/2026;PWR_FR;S;01/08/2026;31/08/2026;273,300;MWH;73,0850;EUR;EEX_CL;MATCHED
BO900339;D2600359;05/12/2025;NG_PEG;B;01/01/2027;31/01/2027;107,300;MWH;44,7660;EUR;ICE_EN;MATCHED
BO906987;D2607433;06/11/2025;PWR_FR;S;01/01/2027;31/01/2027;586,400;MWH;86,9280;EUR;RWE;MATCHED
BO901438;D2601530;25/03/2026;PWR_FR;B;01/07/2027;30/09/2027;543,400;MWH;48,5980;EUR;TOTALE;MATCHED
BO904976;D2605302;16/03/2026;PWR_FR;S;01/10/2027;31/10/2027;413,900;MWH;82,5020;EUR;RWE;MATCHED
BO901135;D2601210;10/07/2026;NG_PEG;B;01/11/2027;31/10/2028;147,400;MWH;35,4540;EUR;EEX_CL;MATCHED
BO903000;D2603201;14/10/2025;NG_PEG;B;01/03/2026;31/03/2026;346,800;MWH;35,2550;EUR;EEX_CL;MATCHED
BO904716;D2605025;12/03/2026;PWR_FR;B;01/07/2026;31/07/2026;214,800;MWH;49,4710;EUR;SHELL_;MATCHED
BO905440;D2605800;12/09/2025;NG_PEG;S;01/08/2027;31/08/2027;444,600;MWH;28,3900;EUR;EEX_CL;MATCHED
BO905370;D2605727;07/11/2025;NG_PEG;S;01/05/2026;31/05/2026;300,100;MWH;24,1640;EUR;EEX_CL;MATCHED
BO903919;D2604163;24/02/2026;NG_PEG;S;01/03/2026;31/03/2026;111,900;MWH;31,9880;EUR;GUNVOR;MATCHED
BO902352;D2602500;06/04/2026;NG_PEG;S;01/01/2026;31/01/2026;65,900;MWH;36,1840;EUR;GUNVOR;MATCHED
BO901110;D2601181;15/09/2025;NG_PEG;S;01/02/2026;28/02/2026;246,300;MWH;29,3980;EUR;EEX_CL;MATCHED
BO900570;D2600608;01/07/2026;PWR_FR;B;01/12/2026;31/12/2026;51,400;MWH;81,5850;EUR;MERCUR;MATCHED
BO900338;D2600358;13/04/2026;PWR_FR;B;01/10/2026;30/09/2027;373,600;MWH;74,8300;EUR;EDF_TR;MATCHED
BO901959;D2602087;07/04/2026;PWR_FR;S;01/12/2027;31/12/2027;195,800;MWH;107,3690;EUR;EEX_CL;MATCHED
BO901020;D2601083;04/03/2026;PWR_FR;B;01/05/2027;31/07/2027;101,300;MWH;67,2110;EUR;ICE_EN;MATCHED
BO906282;D2606693;17/07/2025;NG_PEG;S;01/01/2026;31/03/2026;1318,700;MWH;34,1210;EUR;EEX_CL;MATCHED
BO908055;D2608575;14/11/2025;PWR_FR;S;01/10/2026;31/10/2026;398,700;MWH;70,4400;EUR;GUNVOR;MATCHED
BO903335;D2603553;21/05/2026;PWR_FR;S;01/08/2027;31/08/2027;154,500;MWH;74,9580;EUR;AXPO;MATCHED
BO905388;D2605746;31/12/2025;NG_PEG;S;01/11/2026;30/11/2026;408,000;MWH;33,5740;EUR;AXPO;MATCHED
BO901662;D2601769;08/08/2025;PWR_FR;B;01/06/2027;30/06/2027;439,700;MWH;71,4500;EUR;EEX_CL;MATCHED
BO901204;D2601280;12/09/2025;NG_PEG;S;01/05/2027;31/05/2027;283,000;MWH;31,7210;EUR;ICE_EN;MATCHED
BO906092;D2606489;06/07/2026;PWR_FR;B;01/06/2026;30/06/2026;777,500;MWH;67,2410;EUR;AXPO;MATCHED
BO907967;D2608480;01/07/2025;PWR_FR;B;01/06/2026;30/06/2026;64,300;MWH;67,5700;EUR;MERCUR;MATCHED
BO904465;D2604749;18/03/2026;PWR_FR;B;01/10/2026;31/10/2026;539,200;MWH;87,3980;EUR;RWE;MATCHED
BO907347;D2607816;03/12/2025;PWR_FR;B;01/02/2026;30/04/2026;478,800;MWH;82,3570;EUR;GUNVOR;MATCHED
BO900884;D2600935;09/01/2026;PWR_FR;S;01/10/2027;31/10/2027;1139,400;MWH;69,5850;EUR;STATKR;MATCHED
BO902100;D2602234;02/07/2025;NG_PEG;B;01/04/2027;30/04/2027;352,000;MWH;27,0680;EUR;EDF_TR;MATCHED
BO908557;D2605865;08/01/2026;PWR_FR;S;01/04/2027;30/04/2027;246,300;MWH;86,8930;EUR;VITOL;MATCHED
BO908770;D2600313;05/06/2025;PWR_FR;B;01/06/2026;30/06/2026;185,700;MWH;68,6930;EUR;STATKR;MATCHED
BO901591;D2601695;25/06/2026;PWR_FR;B;01/07/2026;30/09/2026;241,600;MWH;66,3020;EUR;AXPO;MATCHED
BO908946;D2600203;24/04/2026;PWR_FR;S;01/01/2026;31/12/2026;80,300;MWH;102,9140;EUR;EDF_TR;MATCHED
BO902373;D2602525;27/03/2026;NG_PEG;B;01/03/2026;31/03/2026;122,200;MWH;33,9920;EUR;RWE;MATCHED
BO900790;D2600832;01/07/2025;NG_PEG;B;01/01/2026;31/03/2026;267,700;MWH;39,9680;EUR;EEX_CL;MATCHED
BO903123;D2603330;29/08/2025;PWR_FR;B;01/11/2026;30/11/2026;87,500;MWH;64,8420;EUR;TOTALE;MATCHED
BO907276;D2607740;16/06/2026;PWR_FR;B;01/03/2027;31/03/2027;868,500;MWH;96,9740;EUR;GUNVOR;MATCHED
BO902449;D2602603;07/10/2025;NG_PEG;B;01/02/2027;30/04/2027;297,700;MWH;36,9290;EUR;SHELL_;MATCHED
BO908445;D2608985;01/04/2026;PWR_FR;B;01/10/2027;31/10/2027;148,000;MWH;77,8000;EUR;RWE;MATCHED
BO906012;D2606406;19/02/2026;NG_PEG;S;01/12/2026;31/12/2026;131,200;MWH;36,5380;EUR;AXPO;MATCHED
BO906413;D2606831;26/03/2026;NG_PEG;B;01/04/2027;31/03/2028;328,000;MWH;32,9340;EUR;RWE;MATCHED
BO904292;D2604563;01/10/2025;NG_PEG;S;01/03/2026;31/03/2026;531,600;MWH;34,0270;EUR;VITOL;MATCHED
BO907379;D2607850;12/11/2025;PWR_FR;S;01/03/2027;31/03/2027;215,500;MWH;92,2570;EUR;AXPO;MATCHED
BO904399;D2604679;26/05/2026;NG_PEG;S;01/06/2027;31/08/2027;161,200;MWH;23,7040;EUR;UNIPER;MATCHED
BO902357;D2602505;08/04/2026;PWR_FR;B;01/06/2026;31/08/2026;372,300;MWH;63,1430;EUR;SHELL_;MATCHED
BO900070;D2600075;25/08/2025;NG_PEG;B;01/06/2027;30/06/2027;227,700;MWH;26,0430;EUR;EEX_CL;MATCHED
BO908296;D2608831;16/06/2025;PWR_FR;B;01/12/2027;31/12/2027;225,800;MWH;82,5650;EUR;VITOL;MATCHED
BO906505;D2606925;23/06/2025;NG_PEG;B;01/01/2026;31/01/2026;56,100;MWH;40,8310;EUR;VITOL;MATCHED
BO905419;D2605778;15/07/2025;PWR_FR;S;01/01/2027;31/01/2027;106,100;MWH;113,1750;EUR;EEX_CL;MATCHED
BO901871;D2601993;17/07/2026;PWR_FR;B;01/02/2026;28/02/2026;167,400;MWH;84,1650;EUR;MERCUR;MATCHED
BO902019;D2602149;08/07/2025;PWR_FR;S;01/10/2027;31/12/2027;394,800;MWH;86,3530;EUR;VITOL;MATCHED
BO900606;D2600646;20/01/2026;PWR_FR;S;01/09/2026;30/09/2026;329,300;MWH;64,3850;EUR;AXPO;MATCHED
BO902904;D2603098;02/02/2026;NG_PEG;B;01/11/2027;31/01/2028;1359,400;MWH;30,4800;EUR;GUNVOR;MATCHED
BO907556;D2608034;23/01/2026;PWR_FR;B;01/12/2027;31/12/2027;147,600;MWH;91,8910;EUR;AXPO;CXL
BO905930;D2606318;23/10/2025;NG_PEG;S;01/11/2026;30/11/2026;470,400;MWH;25,4950;EUR;MERCUR;MATCHED
BO907881;D2608388;15/01/2026;NG_PEG;S;01/07/2026;30/09/2026;192,800;MWH;22,3720;EUR;EDF_TR;MATCHED
BO902533;D2602694;30/09/2025;PWR_FR;B;01/08/2027;31/10/2027;159,600;MWH;71,2250;EUR;TOTALE;MATCHED
BO900897;D2600948;04/06/2026;NG_PEG;B;01/02/2027;28/02/2027;56,300;MWH;35,7480;EUR;GUNVOR;MATCHED
BO902038;D2602169;10/10/2025;PWR_FR;B;01/07/2026;30/06/2027;603,000;MWH;59,8970;EUR;MERCUR;MATCHED
BO902824;D2603011;22/07/2025;NG_PEG;B;01/04/2026;30/06/2026;637,300;MWH;21,0650;EUR;UNIPER;MATCHED
BO907872;D2608379;19/11/2025;PWR_FR;B;01/08/2027;31/07/2028;376,600;MWH;69,5680;EUR;MERCUR;MATCHED
BO906820;D2607258;19/06/2026;PWR_FR;S;01/04/2026;30/04/2026;258,300;MWH;76,4384;EUR;EDF_TR;MATCHED
BO902040;D2602171;22/06/2026;NG_PEG;B;01/01/2027;31/12/2027;240,700;MWH;35,9480;EUR;EDF_TR;MATCHED
BO901941;D2602068;09/06/2026;NG_PEG;B;01/06/2027;30/06/2027;162,800;MWH;26,3400;EUR;AXPO;MATCHED
BO902184;D2602321;18/06/2025;NG_PEG;B;01/04/2027;30/06/2027;115,900;MWH;35,5370;EUR;AXPO;MATCHED
BO990088;D9500088;06/01/2026;NG_PEG;B;01/06/2026;31/08/2026;341,400;MWH;24,1420;EUR;ICE_EN;CXL
BO901481;D2601575;18/11/2025;NG_PEG;B;01/08/2026;31/08/2026;241,800;MWH;23,9780;EUR;RWE;MATCHED
BO903381;D2603599;14/11/2025;NG_PEG;B;01/05/2026;31/05/2026;195,000;MWH;26,8150;EUR;GUNVOR;MATCHED
BO902889;D2603082;20/03/2026;NG_PEG;B;01/02/2027;28/02/2027;573,000;MWH;37,7100;EUR;TOTALE;MATCHED
BO908560;D2601832;27/02/2026;PWR_FR;B;01/09/2026;31/08/2027;15,300;MWH;83,7500;EUR;UNIPER;MATCHED
BO902474;D2602628;16/06/2025;NG_PEG;S;01/05/2027;31/05/2027;484,600;MWH;23,4890;EUR;VITOL;MATCHED
BO903072;D2603276;24/09/2025;NG_PEG;S;01/12/2026;28/02/2027;134,600;MWH;35,1850;EUR;GUNVOR;MATCHED
BO905421;D2605780;02/07/2025;PWR_FR;B;01/12/2026;31/12/2026;1195,100;MWH;87,7590;EUR;RWE;MATCHED
BO902871;D2603060;25/02/2026;NG_PEG;B;01/12/2026;31/12/2026;80,000;MWH;35,5020;EUR;EDF_TR;MATCHED
BO900416;D2600440;07/10/2025;NG_PEG;S;01/01/2026;31/03/2026;86,400;MWH;37,1070;EUR;STATKR;MATCHED
BO901146;D2601221;20/01/2026;PWR_FR;B;01/02/2027;30/04/2027;28,300;MWH;82,7970;EUR;AXPO;MATCHED
BO905915;D2606303;22/07/2026;PWR_FR;S;01/11/2027;30/11/2027;97,700;MWH;97,8430;EUR;RWE;MATCHED
BO906597;D2607022;09/06/2026;PWR_FR;S;01/12/2027;31/12/2027;585,700;MWH;87,7160;EUR;ICE_EN;MATCHED
BO903914;D2604158;16/02/2026;PWR_FR;B;01/01/2026;31/01/2026;991,100;MWH;89,5720;EUR;SHELL_;MATCHED
BO906918;D2607361;01/10/2025;NG_PEG;B;01/02/2027;30/04/2027;68,000;MWH;33,5600;EUR;ICE_EN;MATCHED
BO904418;D2604698;22/06/2026;PWR_FR;S;01/12/2026;31/12/2026;131,500;MWH;80,8170;EUR;ICE_EN;MATCHED
BO900672;D2600713;24/10/2025;PWR_FR;B;01/04/2027;30/04/2027;165,700;MWH;87,7620;EUR;GUNVOR;MATCHED
BO905169;D2605506;16/07/2025;NG_PEG;B;01/04/2026;30/04/2026;318,300;MWH;24,7140;EUR;ICE_EN;MATCHED
BO905817;D2606203;14/07/2025;NG_PEG;B;01/07/2026;31/07/2026;545,800;MWH;20,7480;EUR;EDF_TR;MATCHED
BO905612;D2605985;14/10/2025;PWR_FR;S;01/07/2026;31/07/2026;59,700;MWH;56,8860;EUR;MERCUR;MATCHED
BO904126;D2604386;15/05/2026;PWR_FR;B;01/06/2026;30/06/2026;87,800;MWH;60,5010;EUR;VITOL;MATCHED
BO900781;D2600823;06/10/2025;PWR_FR;S;01/01/2027;31/01/2027;191,000;MWH;94,2520;EUR;SHELL_;MATCHED
BO902336;D2602481;19/12/2025;NG_PEG;S;01/09/2026;30/09/2026;116,900;MWH;31,8370;EUR;VITOL;MATCHED
BO903164;D2603373;03/03/2026;PWR_FR;S;01/10/2026;31/12/2026;796,800;MWH;63,9720;EUR;EEX_CL;MATCHED
BO902469;D2602623;15/07/2025;PWR_FR;B;01/12/2027;30/11/2028;107,200;MWH;73,9660;EUR;ICE_EN;MATCHED
BO906399;D2606816;06/06/2025;PWR_FR;B;01/09/2027;30/09/2027;159,800;MWH;65,3720;EUR;EDF_TR;MATCHED
BO901096;D2601167;15/09/2025;PWR_FR;S;01/12/2027;29/02/2028;116,600;MWH;85,3600;EUR;MERCUR;MATCHED
BO902256;D2602395;29/06/2026;NG_PEG;B;01/09/2027;31/08/2028;57,400;MWH;25,2000;EUR;GUNVOR;MATCHED
BO900328;D2600348;08/01/2026;NG_PEG;B;01/09/2027;30/09/2027;603,600;MWH;26,8850;EUR;UNIPER;MATCHED
BO908840;D02605411;13/10/2025;NG_PEG;S;01/01/2026;31/12/2026;207,700;MWH;34,0340;EUR;MERCUR;MATCHED
BO904482;D2604768;18/07/2025;PWR_FR;B;01/09/2026;30/09/2026;207,600;MWH;61,0260;EUR;STATKR;MATCHED
BO902368;D2602519;10/11/2025;PWR_FR;B;01/01/2026;31/01/2026;221,500;MWH;107,2720;EUR;AXPO;MATCHED
BO908376;D2608914;09/06/2026;PWR_FR;B;01/01/2027;31/01/2027;53,500;MWH;98,9350;EUR;STATKR;MATCHED
BO901872;D2601994;28/10/2025;NG_PEG;S;01/11/2026;31/10/2027;405,600;MWH;34,2930;EUR;EDF_TR;MATCHED
BO905392;D2605750;29/09/2025;PWR_FR;B;01/08/2026;31/08/2026;71,000;MWH;58,9410;EUR;EDF_TR;MATCHED
BO904246;D2604514;23/10/2025;PWR_FR;B;01/12/2027;31/12/2027;553,600;MWH;97,8890;EUR;RWE;MATCHED
BO904917;D2605239;23/10/2025;NG_PEG;S;01/10/2027;31/10/2027;326,100;MWH;31,9640;EUR;VITOL;MATCHED
BO902746;D2602924;09/01/2026;NG_PEG;S;01/12/2026;31/12/2026;413,100;MWH;39,7710;EUR;VITOL;MATCHED
BO901094;D2601164;12/01/2026;PWR_FR;S;01/02/2027;28/02/2027;506,500;MWH;89,2970;EUR;RWE;MATCHED
BO905133;D2605467;19/12/2025;PWR_FR;B;01/05/2027;31/05/2027;306,400;MWH;55,6530;EUR;GUNVOR;MATCHED
BO903871;D2604115;24/07/2026;PWR_FR;B;01/06/2026;31/08/2026;185,800;MWH;55,8520;EUR;STATKR;MATCHED
BO900740;D2600782;14/07/2025;PWR_FR;B;01/06/2027;30/06/2027;181,200;MWH;67,6680;EUR;SHELL_;MATCHED
BO905761;D2606142;13/08/2025;PWR_FR;S;01/12/2027;31/12/2027;340,600;MWH;116,2580;EUR;VITOL;MATCHED
BO906767;D2607200;18/11/2025;PWR_FR;B;01/11/2026;30/11/2026;334,700;MWH;87,1250;EUR;AXPO;MATCHED
BO902137;D2602271;25/12/2025;NG_PEG;B;01/01/2027;31/12/2027;116,500;MWH;42,7430;EUR;TOTALE;MATCHED
BO900593;D2600632;20/01/2026;NG_PEG;B;01/05/2026;31/07/2026;1598,900;MWH;23,3870;EUR;UNIPER;MATCHED
BO908666;D2603523;29/10/2025;PWR_FR;S;01/04/2026;30/06/2026;512,900;MWH;77,0000;EUR;SHELL_;MATCHED
BO903988;D2604239;04/11/2025;NG_PEG;B;01/06/2027;30/06/2027;215,100;MWH;28,1970;EUR;EEX_CL;MATCHED
BO907574;D2608054;29/06/2026;PWR_FR;B;01/06/2026;30/06/2026;124,000;MWH;67,0440;EUR;AXPO;MATCHED
BO902534;D2602695;24/03/2026;PWR_FR;B;01/01/2026;31/01/2026;15,800;MWH;99,4310;EUR;MERCUR;MATCHED
BO908036;D2608555;13/07/2026;NG_PEG;S;01/10/2027;31/10/2027;399,000;MWH;32,7400;EUR;EDF_TR;MATCHED
BO908967;D2604324;16/02/2026;NG_PEG;B;01/08/2026;31/08/2026;91900,000;KWH;30,9550;EUR;EDF_TR;MATCHED
BO905073;D2605403;24/10/2025;NG_PEG;S;01/04/2027;30/04/2027;113,100;MWH;27,8300;EUR;RWE;MATCHED
BO900764;D2600806;29/06/2026;NG_PEG;S;01/11/2027;30/11/2027;154,500;MWH;30,4610;EUR;TOTALE;MATCHED
BO908251;D2608782;14/05/2026;NG_PEG;B;01/06/2026;31/08/2026;307,800;MWH;21,2260;EUR;UNIPER;MATCHED
BO902006;D2602136;08/05/2026;NG_PEG;B;01/06/2027;30/06/2027;578,300;MWH;24,8050;EUR;EEX_CL;MATCHED
BO904629;D2604925;25/08/2025;PWR_FR;S;01/02/2027;30/04/2027;150,800;MWH;80,0000;EUR;AXPO;MATCHED
BO908934;D2601143;29/09/2025;NG_PEG;S;01/12/2027;31/12/2027;185,900;MWH;40,0730;EUR;UNIPER;MATCHED
BO902096;D2602230;15/01/2026;NG_PEG;S;01/03/2026;31/03/2026;55,400;MWH;44,0350;EUR;VITOL;MATCHED
BO901102;D2601173;05/11/2025;NG_PEG;S;01/06/2027;30/06/2027;276,000;MWH;24,4290;EUR;SHELL_;MATCHED
BO902222;D2602360;20/10/2025;PWR_FR;B;01/07/2026;31/07/2026;272,100;MWH;62,3840;EUR;EEX_CL;MATCHED
BO900060;D2600063;22/07/2025;NG_PEG;B;01/03/2026;31/05/2026;74,700;MWH;35,4130;EUR;ICE_EN;MATCHED
BO900668;D2600709;08/07/2026;PWR_FR;B;01/08/2026;31/08/2026;73,500;MWH;51,6330;EUR;EDF_TR;MATCHED
BO908522;D2608189;01/04/2026;NG_PEG;S;01/02/2026;28/02/2026;129,400;MWH;36,2040;EUR;STATKR;MATCHED
BO908736;D2605586;17/03/2026;NG_PEG;B;01/06/2027;30/06/2027;33,300;MWH;22,8190;EUR;SHELL_;MATCHED
BO906188;D2606592;28/07/2025;NG_PEG;S;01/09/2026;30/09/2026;314,600;MWH;27,3250;EUR;UNIPER;MATCHED
BO907707;D2608196;02/03/2026;NG_PEG;S;01/03/2026;31/03/2026;33,100;MWH;31,2120;EUR;EDF_TR;MATCHED
BO904133;D2604395;22/01/2026;NG_PEG;B;01/10/2026;30/09/2027;46,400;MWH;32,8390;EUR;EEX_CL;MATCHED
BO907770;D2608262;08/05/2026;NG_PEG;S;01/11/2027;31/10/2028;144,500;MWH;40,4100;EUR;GUNVOR;MATCHED
BO901862;D2601984;13/01/2026;PWR_FR;S;01/06/2027;31/08/2027;76,300;MWH;68,0950;EUR;STATKR;MATCHED
BO904194;D2604458;01/07/2026;PWR_FR;S;01/10/2026;31/10/2026;510,500;MWH;84,2650;EUR;UNIPER;MATCHED
BO904245;D2604513;27/03/2026;PWR_FR;S;01/09/2026;30/09/2026;386,400;MWH;63,1720;EUR;STATKR;MATCHED
BO908384;D2608923;01/07/2025;NG_PEG;B;01/02/2026;28/02/2026;41,000;MWH;35,4700;EUR;EDF_TR;MATCHED
BO904404;D2604684;08/06/2026;PWR_FR;S;01/06/2027;31/08/2027;1281,200;MWH;73,2160;EUR;UNIPER;MATCHED
BO907486;D2607959;20/10/2025;NG_PEG;B;01/07/2026;30/09/2026;374,100;MWH;21,4850;EUR;EDF_TR;MATCHED
BO902051;D2602182;27/05/2026;PWR_FR;B;01/10/2026;31/10/2026;499,200;MWH;67,0740;EUR;STATKR;MATCHED
BO908670;D2601074;24/10/2025;NG_PEG;B;01/10/2027;31/12/2027;73,100;MWH;32,1040;EUR;VITOL;MATCHED
BO904105;D2604363;29/09/2025;NG_PEG;B;01/11/2026;30/11/2026;329,300;MWH;33,2520;EUR;EEX_CL;MATCHED
BO908943;D2607545;06/10/2025;NG_PEG;S;01/02/2027;28/02/2027;72,300;MWH;37,9840;EUR;STATKR;MATCHED
BO900605;D2600645;12/09/2025;PWR_FR;S;01/06/2027;30/06/2027;116,000;MWH;65,4290;EUR;EDF_TR;MATCHED
BO902097;D2602231;12/06/2026;PWR_FR;B;01/11/2027;30/11/2027;1459,600;MWH;86,1090;EUR;EDF_TR;MATCHED
BO908537;D2608525;01/06/2026;PWR_FR;B;01/07/2026;31/07/2026;350,300;MWH;67,6770;EUR;SHELL_;MATCHED
BO904221;D2604487;10/07/2025;PWR_FR;B;01/06/2027;30/06/2027;95,500;MWH;74,5030;EUR;MERCUR;MATCHED
BO908099;D2608622;30/01/2026;PWR_FR;S;01/01/2027;31/01/2027;119,900;MWH;81,1860;EUR;ICE_EN;MATCHED
BO907521;D2607996;06/07/2026;NG_PEG;B;01/05/2026;31/05/2026;21,700;MWH;24,1460;EUR;ICE_EN;MATCHED
BO907870;D2608376;14/07/2026;PWR_FR;B;01/12/2026;28/02/2027;191,300;MWH;83,5670;EUR;STATKR;MATCHED
BO904991;D2605317;09/01/2026;NG_PEG;B;01/03/2026;31/03/2026;334,600;MWH;35,0180;EUR;STATKR;MATCHED
BO904765;D2605078;10/06/2026;PWR_FR;B;01/07/2027;31/07/2027;382,800;MWH;67,0610;EUR;EDF_TR;MATCHED
BO904303;D2604574;02/06/2026;PWR_FR;S;01/10/2027;31/12/2027;636,900;MWH;75,9570;EUR;RWE;MATCHED
BO906912;D2607353;30/01/2026;PWR_FR;B;01/12/2027;31/12/2027;667,700;MWH;101,1470;EUR;TOTALE;MATCHED
BO906221;D2606628;12/12/2025;PWR_FR;S;01/03/2026;31/03/2026;288,900;MWH;90,4460;EUR;STATKR;CXL
BO901688;D2601795;21/10/2025;PWR_FR;B;01/03/2027;31/03/2027;54,900;MWH;93,7360;EUR;RWE;MATCHED
BO900371;D2600393;14/08/2025;PWR_FR;S;01/04/2026;30/04/2026;92100,000;KWH;77,9770;EUR;SHELL_;MATCHED
BO904803;D2605119;11/11/2025;PWR_FR;S;01/09/2026;30/09/2026;56,700;MWH;76,8690;EUR;UNIPER;MATCHED
BO905195;D2605535;18/08/2025;NG_PEG;B;01/03/2026;31/03/2026;275,500;MWH;26,9940;EUR;TOTALE;MATCHED
BO903905;D2604149;13/07/2026;PWR_FR;B;01/01/2026;31/03/2026;152,400;MWH;97,1400;EUR;EEX_CL;MATCHED
BO903104;D2603310;14/07/2025;PWR_FR;S;01/06/2026;30/06/2026;222,800;MWH;47,2060;EUR;UNIPER;MATCHED
BO905281;D2605631;21/04/2026;PWR_FR;B;01/12/2027;29/02/2028;37,400;MWH;84,3830;EUR;SHELL_;MATCHED
BO901782;D2601892;17/10/2025;PWR_FR;S;01/06/2026;30/06/2026;128,300;MWH;63,6980;EUR;EDF_TR;MATCHED
BO904766;D2605079;13/02/2026;PWR_FR;B;01/11/2027;31/10/2028;182,300;MWH;101,4470;EUR;RWE;MATCHED
BO900917;D2600969;22/10/2025;PWR_FR;S;01/08/2027;31/10/2027;70,700;MWH;51,3600;EUR;EDF_TR;MATCHED
BO906108;D2606507;12/11/2025;PWR_FR;S;01/04/2026;30/04/2026;550,300;MWH;83,2540;EUR;EEX_CL;MATCHED
BO905776;D2606160;25/06/2026;NG_PEG;B;01/06/2026;30/06/2026;506,700;MWH;28,4230;EUR;EDF_TR;MATCHED
BO907156;D2607613;07/01/2026;PWR_FR;B;01/06/2027;30/06/2027;484,000;MWH;68,3800;EUR;AXPO;MATCHED
BO901755;D2601864;22/04/2026;PWR_FR;S;01/02/2026;28/02/2026;326,800;MWH;85,4560;EUR;STATKR;MATCHED
BO907733;D2608222;20/02/2026;PWR_FR;S;01/05/2026;31/07/2026;203,800;MWH;75,9990;EUR;GUNVOR;MATCHED
BO905474;D2605839;11/09/2025;NG_PEG;B;01/08/2027;31/08/2027;510,500;MWH;17,9480;EUR;MERCUR;MATCHED
BO902882;D2603073;26/05/2026;PWR_FR;B;01/06/2027;31/08/2027;282,900;MWH;66,0750;EUR;UNIPER;MATCHED
BO903554;D2603776;30/10/2025;PWR_FR;S;01/10/2027;31/10/2027;505,400;MWH;74,9310;EUR;EEX_CL;MATCHED
BO905473;D2605838;07/01/2026;PWR_FR;S;01/05/2027;31/05/2027;370,900;MWH;79,9280;EUR;EEX_CL;MATCHED
BO906218;D2606625;13/01/2026;NG_PEG;B;01/10/2027;31/10/2027;70,300;MWH;27,5860;EUR;EEX_CL;MATCHED
BO903885;D2604129;10/07/2025;PWR_FR;S;01/01/2026;31/03/2026;328,200;MWH;96,2720;EUR;VITOL;MATCHED
BO905681;D2606060;03/10/2025;PWR_FR;B;01/05/2027;31/07/2027;183,700;MWH;73,5830;EUR;AXPO;MATCHED
BO904250;D2604518;30/12/2025;PWR_FR;B;01/04/2027;30/04/2027;334,000;MWH;79,3750;EUR;MERCUR;MATCHED
BO902682;D2602853;24/09/2025;NG_PEG;S;01/04/2027;30/04/2027;50,900;MWH;27,1170;EUR;VITOL;MATCHED
BO907827;D2608325;19/12/2025;NG_PEG;B;01/11/2026;31/01/2027;292,000;MWH;38,2430;EUR;TOTALE;MATCHED
BO908905;D2606881;03/09/2025;NG_PEG;B;01/03/2026;31/03/2026;538,700;MWH;38,1930;EUR;SHELL_;MATCHED
BO901265;D2601343;23/12/2025;PWR_FR;S;01/04/2027;30/04/2027;138,900;MWH;91,4450;EUR;RWE;MATCHED
BO900401;D2600424;18/07/2025;NG_PEG;B;01/10/2026;31/10/2026;414,800;MWH;31,3580;EUR;UNIPER;MATCHED
BO906887;D2607327;18/07/2025;NG_PEG;B;01/09/2026;30/09/2026;166,300;MWH;29,2650;EUR;TOTALE;MATCHED
BO905616;D2605991;28/08/2025;NG_PEG;B;01/10/2027;31/10/2027;47,900;MWH;33,9580;EUR;RWE;MATCHED
BO908580;D2606327;24/09/2025;NG_PEG;S;01/07/2026;31/07/2026;185,300;MWH;24,7600;EUR;EDF_TR;CXL
BO900541;D2600576;23/04/2026;NG_PEG;S;01/10/2026;31/10/2026;2152,400;MWH;31,6750;EUR;MERCUR;MATCHED
BO902036;D2602167;26/02/2026;PWR_FR;S;01/07/2026;30/09/2026;112,600;MWH;63,1520;EUR;RWE;MATCHED
BO902784;D2602968;21/11/2025;PWR_FR;B;01/12/2026;31/12/2026;182,500;MWH;88,8560;EUR;VITOL;MATCHED
BO901600;D2601705;21/01/2026;PWR_FR;B;01/12/2027;31/12/2027;105,800;MWH;90,0630;EUR;MERCUR;MATCHED
BO906168;D2606570;23/07/2025;PWR_FR;S;01/06/2026;30/06/2026;468,400;MWH;64,3570;EUR;SHELL_;MATCHED
BO902431;D2602585;01/10/2025;PWR_FR;B;01/03/2027;31/03/2027;1372200,000;KWH;79,9070;EUR;EDF_TR;MATCHED
BO903053;D2603256;21/04/2026;PWR_FR;B;01/12/2027;30/11/2028;120,500;MWH;81,4510;EUR;EEX_CL;MATCHED
BO901625;D2601730;16/02/2026;PWR_FR;B;01/03/2026;31/03/2026;728,600;MWH;87,0380;EUR;GUNVOR;MATCHED
BO906604;D2607029;11/06/2026;NG_PEG;S;01/11/2027;31/01/2028;220,000;MWH;33,8420;EUR;UNIPER;MATCHED
BO904617;D2604911;29/12/2025;NG_PEG;B;01/01/2026;31/03/2026;74,000;MWH;45,3170;EUR;EDF_TR;MATCHED
BO902029;D2602159;22/06/2026;NG_PEG;B;01/08/2026;31/08/2026;100,500;MWH;25,7160;EUR;TOTALE;MATCHED
BO905760;D02606141;06/02/2026;PWR_FR;B;01/07/2027;30/09/2027;174,000;MWH;61,2240;EUR;SHELL_;MATCHED
BO904953;D2605279;27/05/2026;NG_PEG;S;01/10/2026;31/10/2026;472,500;MWH;34,5520;EUR;VITOL;MATCHED
BO908817;D2608521;04/06/2025;PWR_FR;S;01/12/2026;31/12/2026;150,400;MWH;64,6310;EUR;STATKR;MATCHED
BO901153;D2601228;10/04/2026;PWR_FR;B;01/07/2027;31/07/2027;589,500;MWH;61,8360;EUR;RWE;MATCHED
BO902915;D2603109;02/07/2026;PWR_FR;B;01/06/2027;30/06/2027;100,300;MWH;80,9800;EUR;UNIPER;MATCHED
BO902980;D2603178;05/05/2026;PWR_FR;S;01/02/2026;28/02/2026;157,100;MWH;96,6570;EUR;ICE_EN;MATCHED
BO902480;D2602634;07/11/2025;NG_PEG;S;01/12/2027;31/12/2027;203,500;MWH;34,5970;EUR;SHELL_;MATCHED
BO903080;D2603285;20/04/2026;PWR_FR;S;01/12/2026;31/12/2026;685,500;MWH;100,3250;EUR;TOTALE;MATCHED
BO903653; D2603883;18/06/2026;PWR_FR;B;01/04/2027;30/04/2027;2433,900;MWH;81,3100;EUR;VITOL;MATCHED
BO903941;D2604188;24/12/2025;NG_PEG;B;01/05/2026;31/05/2026;233,100;MWH;24,7140;EUR;GUNVOR;CXL
BO906473;D2606893;05/03/2026;PWR_FR;B;01/03/2027;31/03/2027;101,500;MWH;102,4310;EUR;MERCUR;MATCHED
BO903609;D2603836;08/07/2026;NG_PEG;S;01/08/2027;31/08/2027;174,500;MWH;24,7990;EUR;EDF_TR;MATCHED
BO903688;D2603920;03/06/2025;PWR_FR;S;01/12/2026;31/12/2026;368,100;MWH;95,5090;EUR;EDF_TR;MATCHED
BO903455;D2603673;08/08/2025;PWR_FR;S;01/09/2027;30/09/2027;189,700;MWH;76,9540;EUR;STATKR;MATCHED
BO906460;D2606879;18/06/2025;NG_PEG;B;01/05/2027;31/05/2027;133,100;MWH;30,3740;EUR;SHELL_;MATCHED
BO902514;D2602674;28/08/2025;NG_PEG;B;01/07/2026;31/07/2026;254,600;MWH;25,3410;EUR;UNIPER;MATCHED
BO901514;D2601611;19/08/2025;NG_PEG;S;01/04/2026;30/04/2026;107,900;MWH;32,0100;EUR;EEX_CL;MATCHED
BO905104;D2605436;25/05/2026;PWR_FR;B;01/12/2027;31/12/2027;262,400;MWH;84,4070;EUR;SHELL_;CXL
BO907124;D2607580;05/06/2025;NG_PEG;S;01/06/2027;30/06/2027;339,700;MWH;21,8220;EUR;ICE_EN;MATCHED
BO907394;D2607866;18/03/2026;NG_PEG;B;01/12/2027;31/12/2027;238,700;MWH;43,9950;EUR;TOTALE;MATCHED
BO905331;D2605684;14/07/2026;PWR_FR;B;01/08/2026;31/08/2026;73,000;MWH;66,8500;EUR;MERCUR;MATCHED
BO903565;D2603787;22/01/2026;PWR_FR;S;01/11/2026;31/01/2027;84,800;MWH;78,4350;EUR;STATKR;MATCHED
BO906919;D2607362;31/07/2025;NG_PEG;B;01/06/2027;30/06/2027;235,700;MWH;26,4940;EUR;GUNVOR;MATCHED
BO905442;D2605805;27/02/2026;PWR_FR;S;01/08/2026;31/10/2026;182,700;MWH;60,8580;EUR;EDF_TR;MATCHED
BO906843;D2607282;24/04/2026;PWR_FR;B;01/03/2026;31/03/2026;103,400;MWH;84,6890;EUR;EDF_TR;MATCHED
BO902811;D2602997;08/09/2025;PWR_FR;B;01/07/2026;31/07/2026;155,000;MWH;58,4850;EUR;GUNVOR;MATCHED
BO904621;D2604916;19/01/2026;NG_PEG;S;01/10/2027;31/10/2027;111,800;MWH;30,0570;EUR;TOTALE;MATCHED
BO900051;D2600054;09/06/2025;NG_PEG;S;01/03/2027;31/03/2027;293,200;MWH;34,9560;EUR;EEX_CL;MATCHED
BO901918;D2602043;22/07/2026;PWR_FR;S;01/05/2026;31/05/2026;149,200;MWH;67,1790;EUR;ICE_EN;MATCHED
BO903631;D2603859;13/03/2026;PWR_FR;B;01/01/2026;31/03/2026;65,200;MWH;105,3460;EUR;STATKR;MATCHED
BO905350;D2605703;05/09/2025;PWR_FR;B;01/07/2026;30/06/2027;179,800;MWH;58,7660;EUR;STATKR;MATCHED
BO902138;D2602272;03/09/2025;PWR_FR;S;01/01/2026;31/01/2026;163,000;MWH;77,4120;EUR;SHELL_;MATCHED
BO901323;D2601405;13/05/2026;NG_PEG;B;01/05/2026;31/05/2026;976,600;MWH;28,9190;EUR;SHELL_;MATCHED
BO905207;D2605548;26/06/2026;NG_PEG;S;01/01/2027;31/01/2027;143,100;MWH;33,3850;EUR;SHELL_;MATCHED
BO908333;D2608869;22/06/2026;NG_PEG;B;01/02/2027;31/01/2028;681,800;MWH;29,9570;EUR;EDF_TR;MATCHED
BO907962;D2608475;26/03/2026;PWR_FR;B;01/11/2027;30/11/2027;469,500;MWH;96,0290;EUR;MERCUR;MATCHED
BO904254;D2604522;05/02/2026;PWR_FR;B;01/10/2027;31/10/2027;91,600;MWH;57,5530;EUR;EEX_CL;MATCHED
BO904468;D2604752;16/03/2026;NG_PEG;B;01/08/2027;31/08/2027;88,200;MWH;25,1750;EUR;TOTALE;MATCHED
BO905479;D2605844;06/02/2026;NG_PEG;S;01/05/2026;31/07/2026;282,600;MWH;30,9980;EUR;EDF_TR;MATCHED
BO904978;D2605304;26/06/2025;NG_PEG;B;01/01/2027;31/01/2027;356,100;MWH;26,3780;EUR;UNIPER;MATCHED
BO906538;D2606960;16/04/2026;PWR_FR;S;01/07/2027;31/07/2027;341,800;MWH;45,9250;EUR;RWE;MATCHED
BO906801;D2607236;30/09/2025;NG_PEG;S;01/08/2027;31/08/2027;273,200;MWH;18,7460;EUR;TOTALE;MATCHED
BO903711;D2603943;19/12/2025;PWR_FR;S;01/11/2026;30/11/2026;57,500;MWH;73,6430;EUR;STATKR;MATCHED
BO900974;D02601029;02/07/2026;PWR_FR;S;01/10/2026;31/10/2026;131,700;MWH;67,5900;EUR;RWE;MATCHED
BO902663;D2602830;12/09/2025;PWR_FR;S;01/03/2027;29/02/2028;49,300;MWH;79,5130;EUR;AXPO;MATCHED
BO902851;D2603039;20/05/2026;PWR_FR;B;01/07/2026;30/09/2026;404,100;MWH;63,6400;EUR;UNIPER;MATCHED
BO907654;D2608141;01/10/2025;NG_PEG;S;01/01/2027;31/01/2027;187,100;MWH;34,7880;EUR;TOTALE;MATCHED
BO903430;D2603648;04/06/2025;PWR_FR;S;01/12/2026;31/12/2026;334,200;MWH;109,2140;EUR;MERCUR;MATCHED
BO908044;D2608563;06/06/2025;PWR_FR;B;01/11/2027;30/11/2027;122,700;MWH;76,2740;EUR;STATKR;MATCHED
BO908683;D2601184;25/02/2026;PWR_FR;B;01/08/2026;31/08/2026;232,800;MWH;58,0760;EUR;ICE_EN;MATCHED
BO904343;D2604617;12/12/2025;PWR_FR;B;01/09/2026;30/09/2026;117,800;MWH;60,6300;EUR;SHELL_;MATCHED
BO906259;D2606669;25/12/2025;PWR_FR;B;01/04/2027;30/06/2027;130,300;MWH;83,4300;EUR;EDF_TR;MATCHED
BO905715;D2606096;14/07/2026;PWR_FR;B;01/06/2026;30/06/2026;399,000;MWH;62,1420;EUR;MERCUR;MATCHED
BO903264;D2603480;18/08/2025;NG_PEG;B;01/09/2026;30/09/2026;353,200;MWH;27,0920;EUR;ICE_EN;MATCHED
BO907098;D2607553;06/08/2025;PWR_FR;B;01/08/2027;31/08/2027;188,400;MWH;73,6560;EUR;MERCUR;MATCHED
BO904060;D2604317;15/07/2026;PWR_FR;B;01/03/2027;31/03/2027;557,200;MWH;97,5560;EUR;STATKR;MATCHED
BO904294;D2604565;16/03/2026;PWR_FR;S;01/11/2026;30/11/2026;15,900;MWH;89,0340;EUR;STATKR;MATCHED
BO904774;D2605088;01/05/2026;NG_PEG;S;01/12/2026;31/12/2026;205,000;MWH;34,5360;EUR;RWE;MATCHED
BO904212;D2604477;27/11/2025;PWR_FR;B;01/04/2027;30/06/2027;351,300;MWH;64,6450;EUR;MERCUR;MATCHED
BO903257;D2603473;06/03/2026;PWR_FR;B;01/12/2026;28/02/2027;47,700;MWH;99,8910;EUR;SHELL_;MATCHED
BO900532;D2600567;03/12/2025;PWR_FR;S;01/05/2027;31/05/2027;353,400;MWH;75,4140;EUR;GUNVOR;MATCHED
BO900249;D2600264;26/12/2025;PWR_FR;S;01/10/2027;31/10/2027;359,000;MWH;80,1780;EUR;EDF_TR;MATCHED
BO904573;D2604866;12/06/2026;PWR_FR;B;01/09/2026;30/09/2026;361,500;MWH;71,1450;EUR;STATKR;MATCHED
BO906631;D2607056;19/06/2026;PWR_FR;B;01/06/2027;30/06/2027;161,200;MWH;41,9769;EUR;TOTALE;MATCHED
BO902856;D2603044;14/07/2025;PWR_FR;B;01/09/2027;30/09/2027;183,500;MWH;84,9530;EUR;RWE;MATCHED
BO903923;D2604169;30/06/2026;NG_PEG;B;01/02/2027;28/02/2027;70,600;MWH;43,0610;EUR;AXPO;MATCHED
BO901483;D2601577;23/09/2025;PWR_FR;B;01/07/2027;31/07/2027;1321,000;MWH;62,1320;EUR;EDF_TR;MATCHED
BO901463;D2601555;20/03/2026;NG_PEG;B;01/07/2026;30/06/2027;312,800;MWH;22,0508;EUR;TOTALE;MATCHED
BO902348;D2602495;02/04/2026;PWR_FR;B;01/01/2027;31/01/2027;94,400;MWH;95,8460;EUR;UNIPER;MATCHED
BO907948;D2608461;27/04/2026;PWR_FR;S;01/08/2027;31/08/2027;330,400;MWH;61,1050;EUR;TOTALE;MATCHED
BO906380;D2606795;27/06/2025;PWR_FR;B;01/09/2027;30/09/2027;214,100;MWH;63,4370;EUR;GUNVOR;MATCHED
BO906268;D2606679;23/10/2025;PWR_FR;B;01/11/2027;31/01/2028;319,200;MWH;80,9980;EUR;EEX_CL;MATCHED
BO903656;D2603886;20/03/2026;PWR_FR;S;01/03/2026;31/03/2026;28,100;MWH;88,0850;EUR;SHELL_;MATCHED
BO900333;D2600353;23/12/2025;NG_PEG;S;01/11/2026;30/11/2026;202,300;MWH;40,1870;EUR;GUNVOR;MATCHED
BO900331;D2600351;18/11/2025;PWR_FR;S;01/06/2026;30/06/2026;135,500;MWH;61,8050;EUR;EDF_TR;MATCHED
BO906990;D2607436;19/01/2026;NG_PEG;S;01/09/2027;30/11/2027;315,300;MWH;29,7820;EUR;EDF_TR;MATCHED
BO908301;D2608836;28/07/2025;PWR_FR;S;01/02/2026;28/02/2026;178,900;MWH;75,6540;EUR;SHELL_;MATCHED
BO908222;D2608751;29/04/2026;PWR_FR;S;01/11/2027;31/10/2028;488,100;MWH;83,7510;EUR;AXPO;MATCHED
BO902511;D2602670;30/03/2026;PWR_FR;B;01/04/2027;30/04/2027;88,800;MWH;81,2580;EUR;EDF_TR;MATCHED
BO907586;D2608069;06/07/2026;PWR_FR;B;01/08/2027;31/08/2027;1450,800;MWH;65,6070;EUR;GUNVOR;MATCHED
BO901996;D2602126;29/01/2026;PWR_FR;S;01/03/2027;31/03/2027;535,000;MWH;85,4930;EUR;EDF_TR;MATCHED
BO902736;D2602910;18/03/2026;NG_PEG;S;01/02/2027;28/02/2027;406,000;MWH;37,1480;EUR;UNIPER;MATCHED
BO908065;D2608585;20/07/2026;NG_PEG;S;01/02/2026;30/04/2026;146,700;MWH;40,5070;EUR;RWE;MATCHED
BO902965;D2603161;21/08/2025;NG_PEG;B;01/01/2026;31/03/2026;169,700;MWH;42,6190;EUR;GUNVOR;MATCHED
BO902657;D2602823;04/07/2025;PWR_FR;S;01/02/2026;30/04/2026;553,700;MWH;119,0640;EUR;GUNVOR;MATCHED
BO902387; D2602539;09/12/2025;PWR_FR;B;01/01/2026;31/03/2026;326,200;MWH;94,0040;EUR;ICE_EN;MATCHED
BO906064;D2606460;06/03/2026;PWR_FR;S;01/02/2027;31/01/2028;265,200;MWH;96,0510;EUR;UNIPER;MATCHED
BO904923;D2605246;22/08/2025;PWR_FR;S;01/06/2026;31/08/2026;426,400;MWH;60,5880;EUR;VITOL;MATCHED
BO905829;D2606217;14/05/2026;NG_PEG;B;01/09/2026;30/09/2026;87,300;MWH;35,8560;EUR;ICE_EN;MATCHED
BO900517;D2600551;14/07/2026;NG_PEG;B;01/09/2027;30/09/2027;556,800;MWH;26,9850;EUR;EDF_TR;CXL
BO903873;D2604117;17/10/2025;PWR_FR;B;01/11/2027;30/11/2027;96,700;MWH;80,3780;EUR;EEX_CL;MATCHED
BO902408;D2602562;29/01/2026;PWR_FR;B;01/01/2026;31/01/2026;505,200;MWH;92,7730;EUR;TOTALE;MATCHED
BO904005;D2604256;25/11/2025;PWR_FR;B;01/06/2027;31/05/2028;69,100;MWH;58,2860;EUR;TOTALE;MATCHED
BO903161;D2603370;14/05/2026;NG_PEG;S;01/08/2026;31/08/2026;178,200;MWH;28,1700;EUR;RWE;MATCHED
BO904087;D2604345;01/07/2026;PWR_FR;B;01/02/2026;28/02/2026;49,300;MWH;92,5670;EUR;STATKR;MATCHED
BO903425;D2603643;26/02/2026;PWR_FR;S;01/03/2027;31/05/2027;473,600;MWH;79,0950;EUR;SHELL_;MATCHED
BO903014;D2603216;04/12/2025;PWR_FR;S;01/12/2026;31/12/2026;374,600;MWH;97,4000;EUR;STATKR;MATCHED
BO907359;D2607828;23/09/2025;PWR_FR;B;01/10/2027;31/10/2027;242,700;MWH;85,2380;EUR;AXPO;MATCHED
BO906320;D2606734;21/01/2026;PWR_FR;S;01/05/2026;31/05/2026;255,100;MWH;67,4310;EUR;GUNVOR;MATCHED
BO908341;D2608877;19/06/2025;NG_PEG;B;01/08/2027;31/10/2027;60,600;MWH;22,9100;EUR;UNIPER;MATCHED
BO905100;D2605432;28/10/2025;PWR_FR;B;01/05/2027;31/05/2027;185,300;MWH;78,4680;EUR;ICE_EN;MATCHED
BO908263;D2608795;13/10/2025;PWR_FR;B;01/11/2026;31/01/2027;226,200;MWH;96,3200;EUR;SHELL_;MATCHED
BO906487;D2606907;31/10/2025;NG_PEG;B;01/04/2027;30/04/2027;1757,000;MWH;37,0770;EUR;MERCUR;MATCHED
BO902961;D2603157;27/10/2025;NG_PEG;B;01/06/2026;30/06/2026;188,200;MWH;27,5290;EUR;ICE_EN;MATCHED
BO906431;D2606850;26/09/2025;PWR_FR;S;01/07/2026;30/09/2026;206,900;MWH;62,2890;EUR;EDF_TR;MATCHED
BO906463;D2606883;22/08/2025;PWR_FR;B;01/07/2027;31/07/2027;210,400;MWH;66,4100;EUR;EEX_CL;MATCHED
BO907008;D2607456;20/08/2025;PWR_FR;S;01/01/2027;31/01/2027;65,500;MWH;109,6430;EUR;SHELL_;MATCHED
BO904780;D2605094;10/12/2025;PWR_FR;B;01/08/2027;31/08/2027;105,800;MWH;54,8065;EUR;EEX_CL;MATCHED
BO903253;D2603469;27/06/2025;PWR_FR;S;01/03/2027;31/03/2027;38,400;MWH;93,9080;EUR;STATKR;MATCHED
BO900688;D2600729;17/06/2026;PWR_FR;B;01/05/2027;31/05/2027;257,500;MWH;75,3530;EUR;AXPO;MATCHED
BO904775;D2605089;22/07/2025;PWR_FR;S;01/11/2026;30/11/2026;294,300;MWH;79,3270;EUR;EDF_TR;MATCHED
BO906044;D2606439;17/12/2025;NG_PEG;S;01/08/2027;31/08/2027;653,800;MWH;27,8260;EUR;UNIPER;MATCHED
BO908468;D2604699;24/11/2025;NG_PEG;S;01/08/2027;31/08/2027;796,500;MWH;24,8710;EUR;MERCUR;MATCHED
BO905962;D2606356;24/10/2025;PWR_FR;S;01/08/2027;31/08/2027;639,800;MWH;73,4390;EUR;EDF_TR;MATCHED
BO901873;D2601995;21/10/2025;PWR_FR;B;01/08/2027;31/08/2027;62,400;MWH;51,9870;EUR;EEX_CL;MATCHED
BO900558;D2600595;03/03/2026;NG_PEG;B;01/08/2027;31/08/2027;112,800;MWH;26,5200;EUR;RWE;MATCHED
BO906696;D2607128;18/05/2026;NG_PEG;S;01/06/2027;31/08/2027;203,100;MWH;24,5720;EUR;EEX_CL;MATCHED
BO905052;D2605381;05/06/2026;NG_PEG;S;01/04/2026;30/04/2026;646,000;MWH;32,0420;EUR;ICE_EN;MATCHED
BO900954;D2601007;16/09/2025;PWR_FR;S;01/05/2026;31/05/2026;231,600;MWH;66,2380;EUR;VITOL;MATCHED
BO900777;D2600819;09/07/2025;NG_PEG;B;01/08/2026;31/08/2026;477,700;MWH;23,3580;EUR;EDF_TR;MATCHED
BO905834;D2606222;15/06/2026;PWR_FR;B;01/07/2027;31/07/2027;215,800;MWH;44,2980;EUR;TOTALE;MATCHED
BO905747;D2606128;12/06/2026;NG_PEG;B;01/11/2027;30/11/2027;685,500;MWH;31,7640;EUR;ICE_EN;MATCHED
BO900572;D2600610;22/04/2026;PWR_FR;B;01/04/2027;30/04/2027;252,900;MWH;65,6100;EUR;STATKR;CXL
BO905488;D2605853;16/10/2025;PWR_FR;S;01/08/2026;31/08/2026;91,700;MWH;56,6490;EUR;EDF_TR;MATCHED
BO903351;D2603569;10/02/2026;PWR_FR;B;01/09/2027;30/09/2027;236,000;MWH;70,8970;EUR;VITOL;MATCHED
BO906612;D2607037;17/07/2026;NG_PEG;B;01/03/2026;31/03/2026;618,100;MWH;39,5190;EUR;RWE;MATCHED
BO907266;D2607730;16/07/2025;NG_PEG;S;01/10/2027;31/10/2027;317,500;MWH;33,5350;EUR;STATKR;MATCHED
BO908398;D2608937;16/06/2025;PWR_FR;B;01/09/2027;30/11/2027;115,100;MWH;70,6400;EUR;SHELL_;MATCHED
BO905386;D2605744;29/01/2026;PWR_FR;S;01/08/2027;31/08/2027;78,300;MWH;45,9550;EUR;STATKR;MATCHED
BO904498;D2604784;01/05/2026;PWR_FR;B;01/11/2027;30/11/2027;1091,500;MWH;89,6050;EUR;UNIPER;MATCHED
BO907081;D2607534;16/02/2026;PWR_FR;B;01/05/2026;31/07/2026;16,200;MWH;74,0260;EUR;TOTALE;MATCHED
BO904662;D2604961;20/05/2026;PWR_FR;B;01/05/2026;31/05/2026;135,600;MWH;59,1370;EUR;ICE_EN;MATCHED
BO904394;D2604673;05/06/2025;PWR_FR;S;01/02/2026;28/02/2026;122,400;MWH;80,0680;EUR;UNIPER;MATCHED
BO908096;D2608619;01/09/2025;PWR_FR;S;01/01/2027;31/01/2027;462,100;MWH;78,1950;EUR;UNIPER;MATCHED
BO900702;D2600744;16/02/2026;PWR_FR;B;01/06/2026;30/06/2026;652,900;MWH;57,3130;EUR;MERCUR;MATCHED
BO901555;D2601657;15/09/2025;PWR_FR;S;01/05/2027;31/05/2027;82,800;MWH;80,5840;EUR;STATKR;MATCHED
BO907896;D2608406;20/06/2025;NG_PEG;S;01/01/2026;31/01/2026;176,500;MWH;37,1780;EUR;UNIPER;MATCHED
BO905417;D2605776;12/12/2025;PWR_FR;S;01/04/2026;30/06/2026;515,200;MWH;66,2230;EUR;MERCUR;MATCHED
BO908328;D2608864;06/10/2025;NG_PEG;B;01/02/2026;30/04/2026;462,700;MWH;35,9760;EUR;MERCUR;MATCHED
BO906935;D2607378;18/11/2025;NG_PEG;S;01/11/2026;30/11/2026;366,500;MWH;31,6180;EUR;STATKR;MATCHED
BO905571;D2605940;23/02/2026;PWR_FR;B;01/04/2026;30/04/2026;400,400;MWH;59,5680;EUR;RWE;MATCHED
BO905885;D2606273;19/06/2026;PWR_FR;B;01/07/2026;31/07/2026;44,400;MWH;69,6210;EUR;TOTALE;MATCHED
BO907337;D2607806;04/11/2025;PWR_FR;B;01/11/2027;30/11/2027;123,100;MWH;79,0700;EUR;VITOL;MATCHED
BO903966;D2604215;03/04/2026;PWR_FR;B;01/03/2027;31/05/2027;1069,800;MWH;79,6630;EUR;STATKR;MATCHED
BO904865;D2605187;06/05/2026;NG_PEG;B;01/01/2027;31/01/2027;1177,900;MWH;38,8470;EUR;EDF_TR;MATCHED
BO908138;D2608665;28/11/2025;NG_PEG;S;01/06/2026;30/06/2026;370,700;MWH;27,3580;EUR;EEX_CL;MATCHED
BO900576;D2600614;13/11/2025;NG_PEG;S;01/05/2026;31/05/2026;385,600;MWH;27,2350;EUR;MERCUR;MATCHED
BO901307;D2601387;15/04/2026;PWR_FR;S;01/12/2027;31/12/2027;201,200;MWH;102,3880;EUR;STATKR;MATCHED
BO905118;D2605450;11/06/2025;PWR_FR;B;01/12/2026;30/11/2027;293,900;MWH;92,1210;EUR;SHELL_;MATCHED
BO907531;D2608006;23/01/2026;NG_PEG;S;01/07/2027;31/07/2027;500,800;MWH;21,3840;EUR;VITOL;MATCHED
BO907152;D2607609;31/03/2026;NG_PEG;S;01/11/2026;30/11/2026;103,100;MWH;35,4770;EUR;VITOL;MATCHED
BO905209;D2605550;14/07/2026;PWR_FR;B;01/01/2027;31/12/2027;89,900;MWH;91,7390;EUR;VITOL;MATCHED
BO904284;D2604554;30/06/2026;PWR_FR;B;01/01/2026;31/01/2026;551,200;MWH;92,3860;EUR;EDF_TR;MATCHED
BO908733;D2601801;18/06/2025;NG_PEG;S;01/06/2026;30/06/2026;332,000;MWH;22,3110;EUR;RWE;MATCHED
BO901002;D2601061;25/12/2025;NG_PEG;S;01/04/2026;30/04/2026;737,800;MWH;29,7560;EUR;GUNVOR;MATCHED
BO908116;D2608640;05/03/2026;PWR_FR;B;01/09/2026;30/09/2026;209,200;MWH;71,5110;EUR;SHELL_;MATCHED
BO906622;D2607047;30/03/2026;PWR_FR;S;01/12/2027;29/02/2028;200,400;MWH;105,2380;EUR;MERCUR;MATCHED
BO904886;D2605208;15/05/2026;PWR_FR;B;01/02/2027;28/02/2027;203,900;MWH;84,8720;EUR;SHELL_;MATCHED
BO904120;D2604380;11/09/2025;PWR_FR;B;01/05/2026;31/05/2026;138,700;MWH;76,6000;EUR;AXPO;MATCHED
BO908510;D2603788;09/07/2025;PWR_FR;B;01/04/2027;30/04/2027;256,800;MWH;81,6480;EUR;STATKR;MATCHED
BO903932;D2604178;06/02/2026;PWR_FR;S;01/09/2026;30/11/2026;111,900;MWH;78,3400;EUR;AXPO;MATCHED
BO900273;D2600289;11/12/2025;NG_PEG;S;01/03/2027;29/02/2028;86,900;MWH;40,4670;EUR;AXPO;MATCHED
BO904885;D2605207;11/09/2025;PWR_FR;B;01/02/2027;28/02/2027;115,500;MWH;97,9770;EUR;MERCUR;MATCHED
BO900961;D2601015;24/10/2025;NG_PEG;S;01/01/2027;31/01/2027;428,800;MWH;29,9600;EUR;GUNVOR;MATCHED
BO990046;D9500046;31/07/2025;NG_PEG;B;01/04/2027;30/06/2027;439,000;MWH;29,8770;EUR;ICE_EN;MATCHED
BO902318;D2602463;21/11/2025;PWR_FR;B;01/03/2027;31/03/2027;106,000;MWH;101,7480;EUR;STATKR;MATCHED
BO905768;D2606151;17/06/2025;PWR_FR;S;01/09/2026;30/11/2026;463,500;MWH;65,0110;EUR;EEX_CL;MATCHED
BO908288;D2608822;12/02/2026;NG_PEG;S;01/11/2026;31/10/2027;116,000;MWH;34,7650;EUR;MERCUR;MATCHED
BO905142;D2605477;02/03/2026;NG_PEG;B;01/11/2026;30/11/2026;200,000;MWH;37,7270;EUR;EDF_TR;MATCHED
BO907363;D2607832;07/07/2025;NG_PEG;B;01/07/2026;31/07/2026;399,900;MWH;26,6800;EUR;AXPO;MATCHED
BO900089;D2600094;04/05/2026;NG_PEG;B;01/02/2026;30/04/2026;188,900;MWH;40,0990;EUR;EEX_CL;MATCHED
BO906228;D2606637;24/06/2026;PWR_FR;S;01/12/2026;31/12/2026;230,100;MWH;92,4010;EUR;RWE;MATCHED
BO905723;D2606104;08/07/2026;PWR_FR;B;01/06/2026;31/08/2026;33,400;MWH;55,4750;EUR;TOTALE;MATCHED
BO907910;D2608423;13/08/2025;PWR_FR;B;01/05/2026;31/07/2026;574,600;MWH;73,8180;EUR;AXPO;MATCHED
BO905079;D2605409;18/08/2025;PWR_FR;B;01/06/2027;31/08/2027;941,200;MWH;62,7580;EUR;VITOL;MATCHED
BO902654;D2602820;13/08/2025;PWR_FR;S;01/07/2027;31/07/2027;290,500;MWH;56,6470;EUR;MERCUR;MATCHED
BO906593;D2607018;11/07/2025;PWR_FR;S;01/12/2027;31/12/2027;64,500;MWH;82,2470;EUR;STATKR;MATCHED
BO900045;D2600048;03/07/2026;PWR_FR;B;01/11/2027;31/01/2028;314,900;MWH;60,7200;EUR;AXPO;MATCHED
BO902666;D2602833;03/04/2026;PWR_FR;S;01/10/2027;31/10/2027;320,400;MWH;88,5540;EUR;GUNVOR;MATCHED
BO904867;D2605189;07/04/2026;PWR_FR;B;01/11/2026;30/11/2026;70,700;MWH;83,1160;EUR;EEX_CL;MATCHED
BO903496;D2603716;03/07/2025;PWR_FR;S;01/03/2026;31/03/2026;404,600;MWH;75,6530;EUR;TOTALE;MATCHED
BO904513;D2604801;06/08/2025;PWR_FR;S;01/02/2026;28/02/2026;442,100;MWH;108,4700;EUR;TOTALE;MATCHED
BO904997;D2605325;12/03/2026;NG_PEG;B;01/10/2026;31/10/2026;189,700;MWH;31,4570;EUR;VITOL;MATCHED
BO904067;D2604325;10/06/2026;PWR_FR;B;01/07/2027;31/07/2027;203,000;MWH;65,5000;EUR;RWE;MATCHED
BO905743;D2606124;19/06/2025;NG_PEG;S;01/09/2027;30/11/2027;344,000;MWH;28,2050;EUR;MERCUR;MATCHED
BO903244;D2603459;16/06/2026;NG_PEG;B;01/03/2026;31/05/2026;32,700;MWH;34,1050;EUR;STATKR;MATCHED
BO907610;D2608094;24/11/2025;PWR_FR;B;01/07/2026;31/07/2026;1205,300;MWH;57,5170;EUR;UNIPER;MATCHED
BO901831;D2601947;28/07/2025;PWR_FR;S;01/03/2026;28/02/2027;608,700;MWH;87,4410;EUR;TOTALE;MATCHED
BO908189;D2608717;02/06/2025;NG_PEG;B;01/03/2026;31/03/2026;739,300;MWH;37,5250;EUR;EEX_CL;MATCHED
BO902121;D2602255;02/02/2026;PWR_FR;B;01/01/2026;31/01/2026;30,300;MWH;103,5600;EUR;ICE_EN;MATCHED
BO906249;D2606658;04/05/2026;PWR_FR;B;01/08/2026;31/08/2026;517,300;MWH;66,4390;EUR;EDF_TR;MATCHED
BO901598;D2601702;07/07/2026;PWR_FR;S;01/09/2026;30/11/2026;1038,100;MWH;72,8160;EUR;UNIPER;MATCHED
BO904074;D2604332;15/06/2026;NG_PEG;B;01/05/2027;31/07/2027;206,400;MWH;33,3530;EUR;TOTALE;CXL
BO903943;D2604190;06/03/2026;NG_PEG;B;01/10/2026;31/10/2026;806,800;MWH;33,0900;EUR;MERCUR;MATCHED
BO902869;D2603058;14/07/2026;PWR_FR;S;01/07/2027;31/07/2027;2608,600;MWH;63,1620;EUR;EEX_CL;MATCHED
BO900883;D2600934;16/12/2025;PWR_FR;S;01/10/2027;31/10/2027;900,500;MWH;73,2790;EUR;ICE_EN;MATCHED
BO901388;D2601476;05/06/2026;PWR_FR;B;01/03/2027;29/02/2028;491,400;MWH;81,1970;EUR;RWE;MATCHED
BO902230;D2602368;27/01/2026;NG_PEG;B;01/12/2027;31/12/2027;467,700;MWH;33,4800;EUR;UNIPER;MATCHED
BO902372;D2602524;21/07/2025;PWR_FR;B;01/04/2027;31/03/2028;841,500;MWH;83,2300;EUR;EEX_CL;MATCHED
BO900160;D2600170;29/09/2025;NG_PEG;B;01/01/2026;31/03/2026;133,600;MWH;39,4380;EUR;GUNVOR;MATCHED
BO905971;D2606365;01/09/2025;PWR_FR;B;01/02/2026;28/02/2026;346,000;MWH;88,8240;EUR;MERCUR;MATCHED
BO901530;D2601628;16/10/2025;NG_PEG;B;01/06/2027;30/06/2027;74,400;MWH;27,7370;EUR;EEX_CL;MATCHED
BO904597;D2604891;27/08/2025;PWR_FR;B;01/08/2026;31/08/2026;388,800;MWH;68,0840;EUR;SHELL_;MATCHED
BO908489;D2601142;30/10/2025;PWR_FR;B;01/02/2026;30/04/2026;422,400;MWH;82,8610;EUR;MERCUR;MATCHED
BO908982;D2603768;14/10/2025;PWR_FR;B;01/12/2027;31/12/2027;229,400;MWH;94,9560;EUR;STATKR;MATCHED
BO901325;D2601408;22/06/2026;NG_PEG;B;01/01/2027;31/01/2027;142,700;MWH;39,3750;EUR;VITOL;MATCHED
BO903589;D2603814;23/01/2026;NG_PEG;S;01/12/2026;31/12/2026;560,800;MWH;35,7660;EUR;STATKR;MATCHED
BO906833;D2607272;19/03/2026;NG_PEG;S;01/01/2026;31/03/2026;376,400;MWH;38,1890;EUR;GUNVOR;MATCHED
BO904385;D2604664;15/05/2026;PWR_FR;B;01/01/2026;31/03/2026;1273,800;MWH;98,9760;EUR;UNIPER;MATCHED
BO908277;D2608811;13/06/2025;NG_PEG;B;01/02/2026;28/02/2026;437,100;MWH;32,1930;EUR;RWE;MATCHED
BO904014;D2604266;21/07/2026;NG_PEG;S;01/08/2026;31/08/2026;182,400;MWH;26,8820;EUR;GUNVOR;MATCHED
BO901451;D2601543;31/07/2025;PWR_FR;B;01/11/2027;30/11/2027;523,700;MWH;87,3760;EUR;MERCUR;MATCHED
BO905088;D02605419;06/03/2026;PWR_FR;B;01/06/2026;30/06/2026;378,600;MWH;63,8450;EUR;SHELL_;MATCHED
BO904819;D2605136;22/07/2025;NG_PEG;B;01/12/2026;31/12/2026;156,300;MWH;37,2390;EUR;SHELL_;MATCHED
BO906746;D2607179;06/08/2025;NG_PEG;B;01/05/2027;30/04/2028;418,300;MWH;28,6310;EUR;ICE_EN;MATCHED
BO905326;d2605679;08/12/2025;NG_PEG;S;01/03/2026;31/03/2026;478,800;MWH;39,2120;EUR;EDF_TR;MATCHED
BO908857;D2608830;26/09/2025;NG_PEG;S;01/09/2027;30/11/2027;321,000;MWH;31,5850;EUR;TOTALE;MATCHED
BO908504;D2602835;09/12/2025;PWR_FR;S;01/08/2027;31/08/2027;282,800;MWH;60,5040;EUR;GUNVOR;MATCHED
BO906018;D2606412;05/09/2025;NG_PEG;B;01/02/2026;28/02/2026;25,400;MWH;31,6650;EUR;GUNVOR;MATCHED
BO900584;D2600623;21/07/2026;PWR_FR;B;01/01/2026;31/01/2026;188,500;MWH;94,3080;EUR;GUNVOR;CXL
BO901184;D2601260;17/07/2025;PWR_FR;S;01/04/2027;31/03/2028;435,100;MWH;95,2900;EUR;STATKR;MATCHED
BO903752;D2603986;02/09/2025;PWR_FR;B;01/07/2027;31/07/2027;540,500;MWH;61,8910;EUR;ICE_EN;MATCHED
BO903775;D2604014;17/09/2025;PWR_FR;S;01/08/2026;31/08/2026;228,100;MWH;72,5280;EUR;MERCUR;MATCHED
BO905842;D2606230;16/09/2025;NG_PEG;S;01/06/2027;31/08/2027;319,100;MWH;25,2190;EUR;AXPO;MATCHED
BO903735;D2603969;15/07/2025;PWR_FR;B;01/08/2027;31/10/2027;113,400;MWH;68,8470;EUR;EDF_TR;MATCHED
BO901178;D2601254;28/04/2026;NG_PEG;B;01/09/2027;30/09/2027;130,300;MWH;30,9370;EUR;MERCUR;MATCHED
BO906932;D2607375;03/09/2025;NG_PEG;B;01/09/2026;31/08/2027;118,200;MWH;30,6150;EUR;GUNVOR;MATCHED
BO907963;D2608476;24/12/2025;PWR_FR;S;01/01/2027;31/01/2027;266,200;MWH;91,9300;EUR;UNIPER;MATCHED
BO907475;D2607948;11/06/2025;PWR_FR;B;01/11/2026;31/01/2027;36,700;MWH;90,6810;EUR;EDF_TR;MATCHED
BO901876;D2601998;29/01/2026;PWR_FR;B;01/03/2027;31/05/2027;559,800;MWH;88,3730;EUR;VITOL;MATCHED
BO903870;D2604114;16/06/2025;NG_PEG;B;01/05/2027;31/07/2027;257,500;MWH;30,4690;EUR;AXPO;MATCHED
BO906336;D2606751;15/01/2026;PWR_FR;S;01/02/2027;30/04/2027;177,300;MWH;75,2670;EUR;GUNVOR;MATCHED
BO900937;D2600990;27/04/2026;PWR_FR;B;01/06/2026;31/08/2026;226,000;MWH;67,8030;EUR;EDF_TR;MATCHED
BO904718;D2605027;10/07/2026;PWR_FR;B;01/02/2027;28/02/2027;743,400;MWH;111,6920;EUR;AXPO;MATCHED
BO901098;D2601169;05/06/2025;PWR_FR;B;01/10/2027;31/10/2027;380,600;MWH;75,9170;EUR;RWE;MATCHED
BO901651;D2601757;08/01/2026;PWR_FR;B;01/05/2027;31/07/2027;215,400;MWH;64,0160;EUR;RWE;MATCHED
BO900796;D2600840;03/06/2026;PWR_FR;S;01/05/2027;31/05/2027;250,000;MWH;66,1250;EUR;VITOL;MATCHED
BO902194;D2602332;13/11/2025;NG_PEG;B;01/11/2027;30/11/2027;177,000;MWH;37,7020;EUR;TOTALE;MATCHED
BO902675;D2602844;13/07/2026;NG_PEG;S;01/10/2027;31/10/2027;396,600;MWH;31,5440;EUR;MERCUR;MATCHED
BO904697;D2605004;01/07/2025;NG_PEG;S;01/06/2026;31/08/2026;123,000;MWH;30,5140;EUR;EEX_CL;MATCHED
BO906015;D2606409;01/06/2026;PWR_FR;S;01/08/2027;31/08/2027;238,200;MWH;48,9800;EUR;AXPO;MATCHED
BO902430;D2602584;27/08/2025;NG_PEG;S;01/01/2027;31/03/2027;263,800;MWH;43,6650;EUR;GUNVOR;MATCHED
BO903591;D2603816;06/01/2026;PWR_FR;B;01/11/2026;30/11/2026;364,500;MWH;85,8320;EUR;SHELL_;MATCHED
BO907404;D2607877;24/07/2025;PWR_FR;S;01/12/2027;31/12/2027;1221,000;MWH;87,5820;EUR;GUNVOR;MATCHED
BO902849;D2603037;23/06/2026;NG_PEG;S;01/03/2026;31/03/2026;169,200;MWH;36,4340;EUR;GUNVOR;MATCHED
BO905491;D2605856;28/05/2026;NG_PEG;B;01/02/2027;28/02/2027;56,600;MWH;44,0300;EUR;TOTALE;MATCHED
BO903847;D2604089;05/06/2025;PWR_FR;B;01/01/2027;31/03/2027;184,100;MWH;92,4900;EUR;GUNVOR;MATCHED
BO906954;D2607397;18/02/2026;NG_PEG;B;01/06/2026;31/08/2026;105,100;MWH;31,5240;EUR;RWE;MATCHED
BO990030;D9500030;16/03/2026;PWR_FR;S;01/11/2026;30/11/2026;15,900;MWH;89,0340;EUR;STATKR;MATCHED
BO901085; D2601155;08/01/2026;NG_PEG;B;01/10/2027;31/10/2027;130,700;MWH;29,9940;EUR;VITOL;MATCHED
BO905646;D2606023;30/03/2026;PWR_FR;S;01/02/2027;28/02/2027;252,700;MWH;96,4950;EUR;EEX_CL;MATCHED
BO905524;D2605891;08/07/2025;PWR_FR;S;01/06/2026;31/05/2027;201,100;MWH;62,3480;EUR;VITOL;MATCHED
BO905436;D2605796;02/12/2025;NG_PEG;B;01/02/2026;31/01/2027;1142,800;MWH;33,0510;EUR;VITOL;MATCHED
BO901903;D2602027;09/09/2025;PWR_FR;B;01/04/2026;30/04/2026;198,500;MWH;92,7190;EUR;SHELL_;MATCHED
BO901445;D2601537;25/02/2026;NG_PEG;S;01/08/2026;31/10/2026;212,800;MWH;26,1450;EUR;UNIPER;MATCHED
BO907494;D2607967;10/06/2025;PWR_FR;B;01/02/2026;28/02/2026;78,700;MWH;95,5330;EUR;EDF_TR;MATCHED
BO900485;D2600516;09/07/2026;PWR_FR;S;01/05/2027;30/04/2028;111,300;MWH;73,6060;EUR;VITOL;MATCHED
BO906177;D2606580;17/03/2026;PWR_FR;S;01/05/2027;31/05/2027;103,100;MWH;72,3410;EUR;ICE_EN;MATCHED
BO903061;D2603265;01/06/2026;PWR_FR;S;01/08/2026;31/08/2026;781,300;MWH;61,4190;EUR;UNIPER;MATCHED
BO902782;D2602966;05/11/2025;PWR_FR;S;01/12/2027;31/12/2027;943,400;MWH;109,0100;EUR;GUNVOR;MATCHED
BO908225;D2608755;22/05/2026;NG_PEG;B;01/02/2026;28/02/2026;63,300;MWH;39,5400;EUR;MERCUR;MATCHED
BO904954;D2605280;02/07/2026;NG_PEG;S;01/12/2027;31/12/2027;508,200;MWH;35,1740;EUR;STATKR;MATCHED
BO903323;D2603541;10/04/2026;PWR_FR;S;01/07/2026;31/07/2026;235,700;MWH;54,4020;EUR;RWE;MATCHED
BO901812;D2601928;31/12/2025;NG_PEG;S;01/06/2026;30/06/2026;300,200;MWH;25,0780;EUR;EEX_CL;MATCHED
BO903793;D2604033;16/12/2025;NG_PEG;B;01/11/2026;30/11/2026;203,700;MWH;38,8840;EUR;EEX_CL;MATCHED
BO908429;D2608969;29/08/2025;NG_PEG;B;01/06/2026;30/06/2026;161,600;MWH;24,4760;EUR;ICE_EN;MATCHED
BO901382;D2601469;10/12/2025;PWR_FR;B;01/08/2026;31/08/2026;325,600;MWH;61,6220;EUR;MERCUR;MATCHED
BO904594; D2604888;11/06/2025;PWR_FR;B;01/04/2027;31/03/2028;242,800;MWH;84,1230;EUR;UNIPER;MATCHED
BO908928;D2604949;05/05/2026;PWR_FR;S;01/11/2027;30/11/2027;20,700;MWH;89,6440;EUR;VITOL;MATCHED
BO901935;D2602062;20/01/2026;NG_PEG;S;01/07/2027;31/07/2027;916,100;MWH;22,4650;EUR;AXPO;MATCHED
BO901893;D2602017;06/04/2026;PWR_FR;B;01/05/2026;31/05/2026;164,300;MWH;69,0710;EUR;AXPO;MATCHED
BO908221;D2608750;19/08/2025;PWR_FR;S;01/12/2027;31/12/2027;278,900;MWH;82,0970;EUR;UNIPER;MATCHED
BO903309;D2603527;16/02/2026;PWR_FR;B;01/09/2027;30/09/2027;77,500;MWH;74,1520;EUR;SHELL_;MATCHED
BO901008;D2601068;21/07/2026;PWR_FR;B;01/12/2027;31/12/2027;187,400;MWH;108,4440;EUR;MERCUR;MATCHED
BO902671;D2602840;05/08/2025;NG_PEG;S;01/04/2026;30/04/2026;474,600;MWH;32,7380;EUR;RWE;MATCHED
BO900749;D2600791;26/12/2025;PWR_FR;B;01/12/2027;29/02/2028;390,900;MWH;84,6640;EUR;ICE_EN;MATCHED
BO907003;D2607450;10/11/2025;PWR_FR;B;01/03/2027;31/03/2027;218,100;MWH;72,6400;EUR;SHELL_;MATCHED
BO908841;D2605399;04/08/2025;PWR_FR;S;01/06/2027;31/08/2027;153,800;MWH;70,2910;EUR;GUNVOR;MATCHED
BO906795;D2607229;25/03/2026;NG_PEG;S;01/09/2026;31/08/2027;274,700;MWH;30,6420;EUR;MERCUR;MATCHED
BO900995;D2601053;04/05/2026;NG_PEG;B;01/04/2026;30/04/2026;165,500;MWH;33,7560;EUR;MERCUR;MATCHED
BO908941;D2607241;19/12/2025;PWR_FR;S;01/01/2027;31/03/2027;219,500;MWH;80,2220;EUR;STATKR;MATCHED
BO900516;D2600550;05/12/2025;PWR_FR;S;01/08/2027;31/08/2027;160,600;MWH;71,8430;EUR;TOTALE;MATCHED
BO901087;D2601157;23/07/2025;NG_PEG;B;01/10/2027;31/10/2027;172,300;MWH;30,5990;EUR;UNIPER;MATCHED
BO901349;D2601432;25/03/2026;PWR_FR;B;01/07/2027;31/07/2027;211,800;MWH;71,3220;EUR;AXPO;MATCHED
BO901049;D2601115;08/05/2026;NG_PEG;S;01/03/2027;31/03/2027;13,700;MWH;33,6670;EUR;EDF_TR;MATCHED
BO908830;D2608496;16/09/2025;PWR_FR;S;01/03/2026;31/05/2026;942,700;MWH;91,1630;EUR;AXPO;MATCHED
BO906187;D2606591;08/06/2026;PWR_FR;S;01/11/2026;30/11/2026;475,700;MWH;78,9300;EUR;UNIPER;MATCHED
BO903933;D2604179;11/11/2025;NG_PEG;S;01/04/2026;30/06/2026;118,900;MWH;33,3300;EUR;SHELL_;MATCHED
BO904944;D2605270;26/06/2026;PWR_FR;S;01/03/2026;31/03/2026;86,600;MWH;87,5720;EUR;EDF_TR;MATCHED
BO907950;D2608463;06/02/2026;PWR_FR;B;01/10/2026;31/10/2026;77,000;MWH;64,3870;EUR;EEX_CL;MATCHED
BO906542;D2606964;12/12/2025;NG_PEG;S;01/04/2027;30/04/2027;184,500;MWH;34,8240;EUR;UNIPER;MATCHED
BO901638;D2601744;14/10/2025;PWR_FR;S;01/02/2026;28/02/2026;400,800;MWH;93,4980;EUR;STATKR;MATCHED
BO907290;D2607756;11/08/2025;NG_PEG;S;01/06/2027;30/06/2027;101,700;MWH;29,2110;EUR;STATKR;MATCHED
BO902639;D2602805;05/01/2026;NG_PEG;B;01/10/2026;31/12/2026;104,700;MWH;35,5550;EUR;SHELL_;MATCHED
BO908107;D2608630;21/04/2026;NG_PEG;B;01/05/2027;31/07/2027;155,900;MWH;31,1790;EUR;EEX_CL;MATCHED
BO903696;D2603928;10/02/2026;NG_PEG;B;01/11/2027;31/10/2028;163,900;MWH;32,8860;EUR;VITOL;MATCHED
BO902646;D2602812;11/02/2026;PWR_FR;S;01/11/2027;31/01/2028;255,500;MWH;88,2770;EUR;GUNVOR;MATCHED
BO904076;D2604334;17/02/2026;PWR_FR;B;01/01/2027;31/03/2027;1120,400;MWH;83,9260;EUR;SHELL_;MATCHED
BO904595;D2604889;23/07/2026;PWR_FR;B;01/07/2026;30/09/2026;479,700;MWH;57,9420;EUR;AXPO;MATCHED
BO902350;D2602497;29/04/2026;NG_PEG;B;01/03/2027;31/03/2027;482,700;MWH;42,8900;EUR;GUNVOR;MATCHED
BO908567;D2604966;25/09/2025;PWR_FR;S;01/12/2026;31/12/2026;456,100;MWH;96,2650;EUR;SHELL_;MATCHED
BO901921;D2602046;01/12/2025;PWR_FR;S;01/01/2026;31/01/2026;135,600;MWH;96,7400;EUR;EEX_CL;MATCHED
BO900098;D2600103;25/03/2026;PWR_FR;B;01/12/2027;31/12/2027;288,300;MWH;90,6420;EUR;STATKR;MATCHED
BO906245;D2606654;01/06/2026;PWR_FR;S;01/07/2027;30/09/2027;68,500;MWH;68,0420;EUR;VITOL;MATCHED
BO902478;D2602632;10/03/2026;NG_PEG;B;01/08/2026;31/10/2026;498,700;MWH;24,4750;EUR;TOTALE;MATCHED
BO906996;D2607443;21/05/2026;PWR_FR;B;01/04/2027;31/03/2028;161,300;MWH;88,5120;EUR;EDF_TR;MATCHED
BO907949;D2608462;30/07/2025;PWR_FR;S;01/11/2027;31/10/2028;277,400;MWH;94,3330;EUR;SHELL_;MATCHED
BO901611;D2601716;26/12/2025;PWR_FR;B;01/11/2026;30/11/2026;423,900;MWH;85,1820;EUR;TOTALE;MATCHED
BO903912;D2604156;06/07/2026;NG_PEG;S;01/05/2027;31/05/2027;114,100;MWH;33,1130;EUR;UNIPER;MATCHED
BO908837;D2606342;10/03/2026;NG_PEG;S;01/03/2027;31/03/2027;236,600;MWH;32,1670;EUR;GUNVOR;MATCHED
BO901610;D2601715;04/03/2026;NG_PEG;S;01/11/2027;30/11/2027;80,600;MWH;37,8700;EUR;RWE;MATCHED
BO900715;D2600757;03/04/2026;PWR_FR;S;01/11/2026;31/10/2027;573,000;MWH;95,7420;EUR;TOTALE;MATCHED
BO907605;D2608089;20/08/2025;PWR_FR;B;01/04/2027;30/06/2027;214,900;MWH;77,6170;EUR;TOTALE;MATCHED
BO900992;D2601050;12/08/2025;NG_PEG;B;01/09/2026;30/09/2026;262,700;MWH;31,2900;EUR;ICE_EN;MATCHED
BO906142;D2606542;10/06/2025;PWR_FR;B;01/09/2027;30/09/2027;112,500;MWH;75,6410;EUR;UNIPER;MATCHED
BO904744;D2605055;20/04/2026;PWR_FR;B;01/12/2026;31/12/2026;92,700;MWH;88,2600;EUR;AXPO;MATCHED
BO902599;D2602765;19/02/2026;PWR_FR;S;01/01/2027;31/01/2027;93,000;MWH;98,0310;EUR;UNIPER;MATCHED
BO905972;d2606366;19/09/2025;PWR_FR;S;01/11/2027;30/11/2027;97,100;MWH;64,1300;EUR;STATKR;MATCHED
BO900955;D2601009;12/09/2025;PWR_FR;B;01/02/2027;30/04/2027;329,300;MWH;92,5250;EUR;VITOL;MATCHED
BO908365;D2608903;01/09/2025;NG_PEG;B;01/04/2026;30/06/2026;1043,600;MWH;28,2810;EUR;TOTALE;MATCHED
BO907702;D2608191;21/07/2026;PWR_FR;B;01/04/2026;30/06/2026;427,800;MWH;87,1840;EUR;ICE_EN;MATCHED
BO905575;D2605945;24/11/2025;NG_PEG;S;01/10/2027;31/10/2027;498,600;MWH;28,1530;EUR;ICE_EN;MATCHED
BO907565;D2608044;21/07/2026;PWR_FR;S;01/03/2026;31/05/2026;280,200;MWH;88,1570;EUR;RWE;MATCHED
BO902459;D2602613;12/03/2026;PWR_FR;B;01/04/2026;30/04/2026;222,400;MWH;80,9630;EUR;TOTALE;MATCHED
BO900142;D2600151;26/06/2026;NG_PEG;S;01/04/2027;30/04/2027;87,900;MWH;29,6130;EUR;MERCUR;MATCHED
BO908762;D2602462;27/02/2026;PWR_FR;S;01/08/2026;31/10/2026;853,600;MWH;65,4010;EUR;STATKR;MATCHED
BO908153;D2608680;12/02/2026;PWR_FR;B;01/11/2027;30/11/2027;65,400;MWH;77,6520;EUR;EDF_TR;MATCHED
BO904839;D2605157;19/05/2026;PWR_FR;B;01/05/2026;31/07/2026;263,400;MWH;53,8220;EUR;MERCUR;MATCHED
BO901554;D2601656;20/10/2025;NG_PEG;B;01/01/2027;31/01/2027;254,000;MWH;36,8990;EUR;VITOL;MATCHED
BO907400;D2607873;18/08/2025;PWR_FR;B;01/11/2027;30/11/2027;56,400;MWH;79,4310;EUR;MERCUR;MATCHED
BO906570;D2606993;29/12/2025;PWR_FR;S;01/05/2027;31/05/2027;272,800;MWH;72,6210;EUR;UNIPER;MATCHED
BO908538;D2600113;19/03/2026;NG_PEG;S;01/08/2027;31/08/2027;343,900;MWH;25,0140;EUR;ICE_EN;MATCHED
BO907797;D2608293;04/06/2026;PWR_FR;B;01/01/2027;31/12/2027;46,700;MWH;100,1160;EUR;ICE_EN;MATCHED
BO901767;D2601876;17/07/2026;NG_PEG;B;01/06/2027;30/06/2027;208,200;MWH;28,9960;EUR;EDF_TR;MATCHED
BO901256;D2601334;08/08/2025;PWR_FR;B;01/10/2026;31/12/2026;561,900;MWH;79,7120;EUR;GUNVOR;MATCHED
BO906452;D2606871;23/06/2025;PWR_FR;S;01/12/2026;31/12/2026;436,900;MWH;106,1760;EUR;SHELL_;MATCHED
BO907941;D2608454;26/05/2026;NG_PEG;S;01/03/2026;31/03/2026;395,900;MWH;37,9690;EUR;SHELL_;MATCHED
BO904369;D2604646;23/01/2026;NG_PEG;B;01/08/2026;31/10/2026;182,000;MWH;27,0730;EUR;EEX_CL;MATCHED
BO901137;D2601212;17/04/2026;NG_PEG;B;01/07/2027;30/09/2027;253,900;MWH;15,6900;EUR;ICE_EN;MATCHED
BO908346;D2608882;23/10/2025;NG_PEG;S;01/09/2027;30/09/2027;178,000;MWH;31,1290;EUR;ICE_EN;MATCHED
BO901991;D2602119;18/08/2025;NG_PEG;S;01/06/2027;30/06/2027;375800,000;KWH;30,5690;EUR;STATKR;MATCHED
BO906752;D2607185;24/06/2026;NG_PEG;B;01/12/2026;31/12/2026;353,400;MWH;44,3500;EUR;RWE;MATCHED
BO905405;D2605764;20/08/2025;PWR_FR;B;01/03/2027;31/05/2027;258,200;MWH;91,5800;EUR;AXPO;MATCHED
BO907016;D2607464;07/07/2025;PWR_FR;S;01/05/2027;31/05/2027;179,200;MWH;89,4430;EUR;RWE;MATCHED
BO900581;D2600619;27/10/2025;NG_PEG;B;01/07/2027;31/07/2027;283,600;MWH;22,2800;EUR;SHELL_;MATCHED
BO906426;D2606845;16/06/2026;PWR_FR;B;01/11/2026;30/11/2026;563,200;MWH;79,9140;EUR;ICE_EN;MATCHED
BO906903;D2607344;12/01/2026;PWR_FR;B;01/05/2027;31/07/2027;558,800;MWH;77,5470;EUR;UNIPER;MATCHED
BO902637;D2602803;14/01/2026;PWR_FR;S;01/08/2026;31/10/2026;556,700;MWH;49,1480;EUR;MERCUR;MATCHED
BO904470;D2604754;19/02/2026;PWR_FR;B;01/08/2026;31/08/2026;221,600;MWH;59,4880;EUR;GUNVOR;MATCHED
BO901435;D2601527;19/01/2026;PWR_FR;S;01/06/2027;30/06/2027;267,900;MWH;55,4340;EUR;STATKR;MATCHED
BO905510;D2605877;13/01/2026;PWR_FR;B;01/12/2027;31/12/2027;185,200;MWH;88,7630;EUR;STATKR;MATCHED
BO904583;D2604876;01/12/2025;PWR_FR;B;01/12/2026;28/02/2027;236,200;MWH;86,2940;EUR;AXPO;MATCHED
BO903902;D2604146;15/09/2025;PWR_FR;S;01/05/2026;31/05/2026;541,900;MWH;71,9710;EUR;VITOL;MATCHED
BO903347;D2603565;23/10/2025;NG_PEG;S;01/11/2026;30/11/2026;235,200;MWH;29,8070;EUR;AXPO;MATCHED
BO902854;D2603042;11/12/2025;PWR_FR;S;01/09/2027;31/08/2028;54,100;MWH;65,1480;EUR;GUNVOR;MATCHED
BO900220;D2600233;13/02/2026;PWR_FR;B;01/04/2027;30/04/2027;62,100;MWH;74,2490;EUR;UNIPER;MATCHED
BO901344;D2601427;12/11/2025;NG_PEG;S;01/12/2026;31/12/2026;732,900;MWH;40,2210;EUR;MERCUR;MATCHED
BO900058;D2600061;14/07/2026;PWR_FR;B;01/12/2027;31/12/2027;395,300;MWH;94,9230;EUR;MERCUR;MATCHED
BO902059;D2602191;21/08/2025;PWR_FR;S;01/02/2027;30/04/2027;214,900;MWH;89,4070;EUR;EDF_TR;MATCHED
BO901363;D2601447;11/05/2026;PWR_FR;B;01/12/2026;31/12/2026;443,900;MWH;104,3090;EUR;GUNVOR;MATCHED
BO908585;D2601918;12/03/2026;NG_PEG;S;01/11/2027;31/10/2028;39,800;MWH;31,1900;EUR;MERCUR;MATCHED
BO908611;D2608726;11/11/2025;PWR_FR;B;01/11/2026;30/11/2026;449300,000;KWH;84,5470;EUR;MERCUR;MATCHED
BO906722;D2607154;01/05/2026;NG_PEG;S;01/09/2026;30/09/2026;243,800;MWH;30,5140;EUR;VITOL;MATCHED
BO901910;D2602034;11/12/2025;NG_PEG;B;01/10/2026;31/10/2026;342,200;MWH;30,6100;EUR;SHELL_;MATCHED
BO903942;D2604189;16/10/2025;NG_PEG;B;01/06/2026;30/06/2026;374,700;MWH;25,0640;EUR;TOTALE;MATCHED
BO905137;D2605471;27/04/2026;NG_PEG;S;01/03/2027;31/03/2027;228,300;MWH;30,9740;EUR;EEX_CL;MATCHED
BO902921;D2603115;01/10/2025;NG_PEG;B;01/11/2026;30/11/2026;315,300;MWH;29,5430;EUR;ICE_EN;MATCHED
BO908953;D2600521;22/07/2026;NG_PEG;B;01/01/2027;31/03/2027;294,100;MWH;45,2560;EUR;SHELL_;MATCHED
BO900967;D2601022;31/12/2025;PWR_FR;S;01/10/2027;30/09/2028;40,900;MWH;84,2660;EUR;VITOL;MATCHED
BO903022;D2603224;23/07/2025;PWR_FR;B;01/02/2027;28/02/2027;58,300;MWH;88,9950;EUR;TOTALE;MATCHED
BO901082;D2601152;21/07/2025;NG_PEG;S;01/09/2027;30/11/2027;294,000;MWH;30,9690;EUR;STATKR;MATCHED
BO908792;D2604370;26/06/2025;NG_PEG;B;01/11/2027;30/11/2027;94,500;MWH;29,9720;EUR;VITOL;MATCHED
BO908034;D2608553;19/12/2025;PWR_FR;S;01/07/2026;31/07/2026;477,700;MWH;51,4080;EUR;SHELL_;MATCHED
BO990040;D9500040;12/08/2025;PWR_FR;S;01/01/2027;31/01/2027;51,400;MWH;102,5010;EUR;SHELL_;MATCHED
BO904406;D2604686;09/03/2026;NG_PEG;S;01/11/2026;30/11/2026;155,400;MWH;34,2740;EUR;UNIPER;MATCHED
BO906340;D2606755;21/10/2025;PWR_FR;S;01/01/2027;31/03/2027;655,500;MWH;96,3750;EUR;VITOL;MATCHED
BO901357;D2601441;18/12/2025;NG_PEG;B;01/03/2027;31/03/2027;1546,600;MWH;33,6600;EUR;VITOL;MATCHED
BO900696;D2600738;16/04/2026;NG_PEG;B;01/11/2026;30/11/2026;1101,800;MWH;29,5970;EUR;STATKR;MATCHED
BO903804;D2604044;18/02/2026;PWR_FR;B;01/03/2027;31/03/2027;181,500;MWH;79,0700;EUR;MERCUR;MATCHED
BO903724;D2603957;06/11/2025;NG_PEG;B;01/05/2027;31/05/2027;94,900;MWH;27,3710;EUR;STATKR;MATCHED
BO900804;D2600848;24/09/2025;NG_PEG;B;01/06/2026;30/06/2026;388,700;MWH;27,2960;EUR;MERCUR;MATCHED
BO900495;D2600528;25/09/2025;PWR_FR;B;01/01/2027;31/01/2027;452,800;MWH;103,7200;EUR;SHELL_;MATCHED
BO902219;D2602357;10/09/2025;PWR_FR;B;01/09/2026;30/11/2026;244,700;MWH;61,0170;EUR;MERCUR;MATCHED
BO990033;D9500033;29/01/2026;PWR_FR;S;01/01/2026;31/12/2026;155,000;MWH;95,5890;EUR;TOTALE;MATCHED
BO908048;D2608568;06/07/2026;PWR_FR;S;01/06/2026;31/08/2026;131,500;MWH;67,4040;EUR;VITOL;MATCHED
BO900029;D2600032;03/06/2025;PWR_FR;S;01/01/2027;31/01/2027;171,100;MWH;107,9450;EUR;AXPO;MATCHED
BO901506;D2601603;21/08/2025;NG_PEG;B;01/07/2027;31/07/2027;415,000;MWH;21,7610;EUR;GUNVOR;MATCHED
BO900772;D2600814;03/03/2026;PWR_FR;B;01/12/2027;31/12/2027;69,000;MWH;86,9890;EUR;GUNVOR;MATCHED
BO905264;D2605611;31/12/2025;NG_PEG;B;01/02/2026;28/02/2026;180,200;MWH;36,3280;EUR;UNIPER;MATCHED
BO902329;D2602474;26/09/2025;PWR_FR;S;01/10/2026;31/10/2026;117200,000;KWH;75,2590;EUR;UNIPER;MATCHED
BO900896;D2600947;01/07/2026;NG_PEG;B;01/09/2026;30/11/2026;78,600;MWH;29,1130;EUR;VITOL;MATCHED
BO907074;D2607525;16/09/2025;PWR_FR;S;01/07/2026;31/07/2026;176,900;MWH;63,8000;EUR;TOTALE;MATCHED
BO904196;D2604460;18/02/2026;NG_PEG;S;01/10/2026;31/10/2026;112,900;MWH;29,6960;EUR;TOTALE;MATCHED
BO903170;D2603379;30/06/2026;NG_PEG;S;01/01/2027;31/01/2027;175,600;MWH;39,4300;EUR;UNIPER;MATCHED
BO907380;D2607851;05/01/2026;PWR_FR;B;01/12/2026;31/12/2026;1021,900;MWH;89,1960;EUR;SHELL_;MATCHED
BO905986;D2606380;16/06/2025;PWR_FR;S;01/10/2027;31/12/2027;83,100;MWH;54,4760;EUR;STATKR;MATCHED
BO906212;D2606618;30/01/2026;PWR_FR;S;01/03/2027;31/03/2027;185,300;MWH;87,0810;EUR;STATKR;MATCHED
BO905449;D2605812;30/03/2026;NG_PEG;B;01/02/2026;28/02/2026;237,700;MWH;36,3540;EUR;GUNVOR;MATCHED
BO907738;D2608228;02/12/2025;PWR_FR;B;01/06/2027;30/06/2027;273,200;MWH;72,9100;EUR;SHELL_;MATCHED
BO990043;D9500043;20/11/2025;NG_PEG;B;01/07/2027;31/07/2027;130,300;MWH;22,3330;EUR;VITOL;MATCHED
BO902862;D2603050;08/09/2025;PWR_FR;S;01/09/2027;30/11/2027;186,200;MWH;66,1620;EUR;SHELL_;MATCHED
BO908243;D2608774;22/10/2025;PWR_FR;B;01/11/2027;30/11/2027;98,400;MWH;77,2610;EUR;AXPO;CXL
BO907566;D2608045;16/06/2025;PWR_FR;B;01/11/2027;30/11/2027;139,400;MWH;66,2180;EUR;AXPO;MATCHED
BO906828;D2607267;12/06/2025;NG_PEG;S;01/12/2026;31/12/2026;36,400;MWH;34,4960;EUR;GUNVOR;MATCHED
BO907080;D2607532;20/02/2026;NG_PEG;S;01/12/2027;31/12/2027;223,400;MWH;30,5060;EUR;GUNVOR;MATCHED
BO905911;D2606299;02/09/2025;NG_PEG;B;01/06/2026;30/06/2026;173,900;MWH;25,0000;EUR;TOTALE;MATCHED
BO903682;d2603913;24/12/2025;NG_PEG;S;01/09/2026;30/11/2026;90,600;MWH;28,4180;EUR;EDF_TR;MATCHED
BO901373;D2601460;10/07/2025;PWR_FR;B;01/06/2026;31/05/2027;33,700;MWH;75,7500;EUR;GUNVOR;MATCHED
BO907813;D2608309;09/09/2025;NG_PEG;B;01/07/2026;31/07/2026;232,700;MWH;22,2780;EUR;MERCUR;MATCHED
BO905726;D2606107;02/06/2025;PWR_FR;B;01/02/2027;28/02/2027;196,600;MWH;87,1380;EUR;SHELL_;MATCHED
BO907919;D2608432;17/07/2025;NG_PEG;B;01/06/2026;31/08/2026;117,100;MWH;17,6080;EUR;ICE_EN;MATCHED
BO905455;D2605818;04/03/2026;NG_PEG;B;01/02/2026;30/04/2026;44,000;MWH;38,3010;EUR;SHELL_;MATCHED
BO903954;D2604202;22/01/2026;PWR_FR;B;01/01/2027;31/01/2027;595,000;MWH;95,1430;EUR;ICE_EN;MATCHED
BO906035;D2606430;19/09/2025;NG_PEG;B;01/05/2026;30/04/2027;339,400;MWH;27,1950;EUR;SHELL_;MATCHED
BO902891;D2603085;16/03/2026;NG_PEG;B;01/06/2026;30/06/2026;166,600;MWH;22,9400;EUR;TOTALE;MATCHED
BO908220;D2608749;25/07/2025;PWR_FR;B;01/06/2027;30/06/2027;74,300;MWH;58,2010;EUR;GUNVOR;MATCHED
BO908002;D2608519;11/06/2025;PWR_FR;S;01/11/2026;31/10/2027;97,900;MWH;95,6370;EUR;UNIPER;MATCHED
BO900842;D2600890;31/07/2025;NG_PEG;B;01/12/2026;31/12/2026;96,300;MWH;36,7010;EUR;SHELL_;MATCHED
BO903689;D2603921;16/07/2026;PWR_FR;B;01/12/2026;31/12/2026;332,900;MWH;97,5560;EUR;STATKR;MATCHED
BO904957;D2605283;07/10/2025;PWR_FR;B;01/01/2026;31/03/2026;144,900;MWH;96,6780;EUR;VITOL;MATCHED
BO900341;D2600361;29/06/2026;PWR_FR;B;01/01/2026;31/01/2026;175,300;MWH;90,2330;EUR;SHELL_;MATCHED
BO908705;D2608855;27/03/2026;PWR_FR;B;01/10/2027;31/10/2027;463,200;MWH;79,6190;EUR;TOTALE;MATCHED
BO903915;D2604159;21/05/2026;NG_PEG;S;01/07/2026;31/07/2026;38,300;MWH;20,7020;EUR;RWE;MATCHED
BO902199;D2602337;15/08/2025;PWR_FR;B;01/04/2027;30/04/2027;228,200;MWH;80,3920;EUR;AXPO;MATCHED
BO904814;D2605131;31/12/2025;PWR_FR;S;01/01/2027;31/01/2027;615,600;MWH;98,7290;EUR;TOTALE;MATCHED
BO905917;D2606305;10/11/2025;PWR_FR;B;01/10/2027;31/12/2027;149,000;MWH;67,1360;EUR;MERCUR;MATCHED
BO904173;D2604435;03/09/2025;PWR_FR;S;01/10/2027;31/10/2027;225,700;MWH;85,7590;EUR;UNIPER;MATCHED
BO901058;D2601126;07/11/2025;PWR_FR;S;01/03/2027;31/05/2027;673,000;MWH;99,8690;EUR;EEX_CL;MATCHED
BO906349;D2606764;11/07/2025;PWR_FR;S;01/11/2026;30/11/2026;409,200;MWH;82,4840;EUR;UNIPER;CXL
BO902579;D2602743;13/05/2026;PWR_FR;S;01/07/2026;31/07/2026;105,700;MWH;49,0080;EUR;STATKR;MATCHED
BO903355;D2603573;21/07/2025;PWR_FR;B;01/04/2026;30/04/2026;360,100;MWH;74,1540;EUR;UNIPER;MATCHED
BO903585;D2603810;03/03/2026;PWR_FR;S;01/10/2026;31/10/2026;257,300;MWH;54,7680;EUR;SHELL_;MATCHED
BO906535;D2606957;17/06/2025;PWR_FR;S;01/05/2026;31/05/2026;219,700;MWH;69,7320;EUR;TOTALE;MATCHED
BO901108;D2601179;13/04/2026;PWR_FR;B;01/02/2027;30/04/2027;124,500;MWH;108,7980;EUR;VITOL;MATCHED
BO907979;D2608494;28/01/2026;NG_PEG;B;01/01/2027;31/03/2027;75,600;MWH;34,9110;EUR;GUNVOR;MATCHED
BO907872;D2608379;19/11/2025;PWR_FR;B;01/08/2027;31/07/2028;376,600;MWH;69,5680;EUR;MERCUR;MATCHED
BO902964;D2603160;02/09/2025;PWR_FR;S;01/01/2026;31/01/2026;931,100;MWH;105,2250;EUR;STATKR;MATCHED
BO908366;D2608904;17/06/2025;PWR_FR;S;01/03/2026;31/05/2026;111,000;MWH;75,6870;EUR;EDF_TR;MATCHED
BO907837;D2608337;17/07/2025;NG_PEG;B;01/01/2027;31/01/2027;403,700;MWH;31,5220;EUR;EDF_TR;MATCHED
BO906865;D2607305;07/07/2026;NG_PEG;B;01/08/2027;31/07/2028;93,700;MWH;23,1050;EUR;TOTALE;MATCHED
BO906202;D2606607;01/05/2026;NG_PEG;S;01/05/2027;31/07/2027;520,100;MWH;23,1250;EUR;SHELL_;MATCHED
BO901097;D2601168;17/12/2025;NG_PEG;B;01/08/2027;31/08/2027;248,000;MWH;23,8370;EUR;EEX_CL;MATCHED
BO908631;D2603850;08/07/2025;PWR_FR;B;01/02/2026;28/02/2026;574,000;MWH;93,7480;EUR;EDF_TR;MATCHED
BO900746;D2600788;20/03/2026;NG_PEG;B;01/07/2026;31/07/2026;159,000;MWH;20,7180;EUR;GUNVOR;MATCHED
BO900844;D2600892;26/06/2025;NG_PEG;S;01/03/2026;31/03/2026;36,700;MWH;35,7600;EUR;VITOL;MATCHED
BO906761;D2607194;09/04/2026;PWR_FR;S;01/10/2026;31/12/2026;88,900;MWH;82,1390;EUR;RWE;MATCHED
BO902744;D2602920;05/05/2026;NG_PEG;S;01/04/2027;30/04/2027;689,800;MWH;29,0860;EUR;EDF_TR;MATCHED
BO904476;D2604761;21/08/2025;PWR_FR;B;01/01/2027;31/03/2027;684,500;MWH;90,8440;EUR;VITOL;MATCHED
BO901516;D2601613;24/02/2026;NG_PEG;B;01/01/2026;31/01/2026;684,000;MWH;35,2970;EUR;SHELL_;MATCHED
BO905022;D2605350;24/07/2025;PWR_FR;B;01/02/2027;28/02/2027;109,700;MWH;85,3490;EUR;EEX_CL;MATCHED
BO906386;D2606803;15/12/2025;NG_PEG;S;01/04/2027;30/04/2027;333,600;MWH;26,8720;EUR;AXPO;MATCHED
BO901299;D2601378;08/12/2025;NG_PEG;B;01/08/2026;31/08/2026;586,500;MWH;24,3400;EUR;EEX_CL;MATCHED
BO907185;D2607643;07/07/2026;NG_PEG;S;01/08/2027;31/08/2027;241,400;MWH;22,5700;EUR;AXPO;MATCHED
BO908299;D2608834;08/08/2025;PWR_FR;S;01/10/2026;31/10/2026;103,700;MWH;83,8800;EUR;VITOL;MATCHED
BO908931;D2604994;04/07/2025;PWR_FR;B;01/05/2026;31/05/2026;48,100;MWH;66,3730;EUR;EDF_TR;MATCHED
BO905708;D2606089;22/06/2026;NG_PEG;B;01/12/2027;31/12/2027;153,400;MWH;40,3120;EUR;VITOL;MATCHED
BO903050;D2603253;01/07/2026;PWR_FR;B;01/08/2027;31/08/2027;96,400;MWH;67,8780;EUR;ICE_EN;MATCHED
BO903083;D2603288;09/06/2025;PWR_FR;S;01/11/2026;30/11/2026;38,000;MWH;79,0330;EUR;VITOL;MATCHED
BO907091;D2607544;26/06/2025;PWR_FR;B;01/06/2027;30/06/2027;570,100;MWH;70,3210;EUR;MERCUR;MATCHED
BO908496;D2606817;26/12/2025;NG_PEG;B;01/07/2026;30/06/2027;201,900;MWH;20,1340;EUR;SHELL_;MATCHED
BO901835;D2601952;22/06/2026;NG_PEG;B;01/07/2026;31/07/2026;85,200;MWH;29,0340;EUR;GUNVOR;MATCHED
BO904387;D2604666;17/03/2026;NG_PEG;S;01/05/2026;31/05/2026;166,800;MWH;24,0340;EUR;UNIPER;MATCHED
BO904590;D2604883;11/12/2025;NG_PEG;S;01/03/2026;31/03/2026;864,200;MWH;33,9120;EUR;RWE;MATCHED
BO907657;D2608144;03/03/2026;PWR_FR;B;01/04/2027;30/06/2027;312,300;MWH;79,0240;EUR;ICE_EN;CXL
BO907030;D2607479;02/06/2025;NG_PEG;S;01/07/2027;30/06/2028;315,800;MWH;23,5540;EUR;STATKR;MATCHED
BO906354;D2606769;26/06/2026;PWR_FR;B;01/08/2027;31/08/2027;246,600;MWH;58,2690;EUR;SHELL_;MATCHED
BO900792;D2600835;12/06/2025;NG_PEG;S;01/08/2027;31/10/2027;199,800;MWH;29,4960;EUR;GUNVOR;MATCHED
BO902959;D2603155;23/07/2026;PWR_FR;S;01/12/2026;31/12/2026;741,700;MWH;74,4230;EUR;ICE_EN;MATCHED
BO901590;D2601694;19/09/2025;NG_PEG;S;01/05/2027;31/05/2027;994,800;MWH;25,6640;EUR;VITOL;MATCHED
BO901589;D2601693;22/04/2026;PWR_FR;B;01/10/2026;31/12/2026;117,100;MWH;91,1420;EUR;ICE_EN;MATCHED
BO903152;D2603361;13/05/2026;PWR_FR;B;01/02/2026;28/02/2026;112,000;MWH;88,5140;EUR;EDF_TR;MATCHED
BO900785;D2600827;13/01/2026;PWR_FR;S;01/04/2026;30/04/2026;97,300;MWH;78,8670;EUR;EEX_CL;MATCHED
BO905062;D2605391;13/11/2025;PWR_FR;S;01/12/2027;29/02/2028;318,900;MWH;84,9530;EUR;TOTALE;MATCHED
BO903890;D2604134;02/04/2026;PWR_FR;B;01/10/2027;31/10/2027;174,500;MWH;91,7800;EUR;TOTALE;MATCHED
BO903782;D2604022;18/12/2025;NG_PEG;B;01/10/2027;31/10/2027;477,300;MWH;31,2170;EUR;MERCUR;MATCHED
BO908969;D2607166;21/08/2025;PWR_FR;S;01/11/2027;31/01/2028;32,400;MWH;82,9320;EUR;EDF_TR;MATCHED
BO900708;D2600750;13/02/2026;NG_PEG;S;01/02/2026;28/02/2026;106,300;MWH;36,2950;EUR;AXPO;MATCHED
BO908227; D2608757;17/06/2026;NG_PEG;B;01/07/2027;31/07/2027;397,800;MWH;21,9660;EUR;GUNVOR;MATCHED
BO900066;D2600071;06/06/2025;PWR_FR;B;01/06/2026;30/06/2026;184,100;MWH;64,9200;EUR;ICE_EN;MATCHED
BO903052;D2603255;16/10/2025;NG_PEG;B;01/06/2027;30/06/2027;31,700;MWH;25,1900;EUR;UNIPER;MATCHED
BO905924;D2606312;10/06/2026;PWR_FR;B;01/09/2026;30/09/2026;1137,300;MWH;78,2450;EUR;GUNVOR;MATCHED
BO906014;D2606408;03/06/2025;PWR_FR;S;01/10/2027;31/10/2027;372,900;MWH;73,7380;EUR;EDF_TR;MATCHED
BO906620;D2607045;17/06/2026;NG_PEG;S;01/08/2026;31/08/2026;415,700;MWH;23,1580;EUR;RWE;MATCHED
BO903341;D2603559;19/02/2026;PWR_FR;B;01/07/2027;31/07/2027;108,400;MWH;62,7740;EUR;AXPO;MATCHED
BO908847;D2602958;04/09/2025;PWR_FR;S;01/04/2026;30/04/2026;239,000;MWH;87,8320;EUR;RWE;MATCHED
BO904116;D2604376;12/08/2025;PWR_FR;B;01/11/2027;31/01/2028;2166,900;MWH;77,5390;EUR;VITOL;MATCHED
BO908392;D2608931;16/01/2026;NG_PEG;B;01/11/2027;31/01/2028;157,600;MWH;39,9320;EUR;MERCUR;MATCHED
BO903450;D2603668;11/05/2026;PWR_FR;S;01/09/2027;30/09/2027;263,200;MWH;65,4880;EUR;SHELL_;MATCHED
BO902890;D2603084;18/11/2025;PWR_FR;S;01/05/2026;31/07/2026;158,700;MWH;60,5590;EUR;STATKR;MATCHED
BO900395;D2600418;30/10/2025;PWR_FR;S;01/11/2026;31/01/2027;341,800;MWH;85,2880;EUR;MERCUR;MATCHED
BO905068;D2605397;07/10/2025;NG_PEG;B;01/12/2027;31/12/2027;138,500;MWH;37,7520;EUR;STATKR;MATCHED
BO904947;D2605273;15/07/2025;PWR_FR;S;01/02/2026;30/04/2026;343,100;MWH;98,3000;EUR;UNIPER;MATCHED
BO902301;D2602445;13/08/2025;PWR_FR;B;01/03/2027;31/05/2027;318,300;MWH;86,2200;EUR;MERCUR;MATCHED
BO900092;D2600097;05/06/2025;PWR_FR;S;01/04/2027;30/04/2027;320,100;MWH;74,9620;EUR;UNIPER;MATCHED
BO903859;D2604102;10/07/2026;PWR_FR;B;01/09/2027;30/11/2027;465,700;MWH;72,7980;EUR;EDF_TR;MATCHED
BO905259;D2605605;06/04/2026;PWR_FR;S;01/10/2027;31/10/2027;76,900;MWH;71,8460;EUR;EDF_TR;MATCHED
BO907871;D2608378;17/03/2026;PWR_FR;B;01/10/2027;31/10/2027;164,400;MWH;78,8710;EUR;ICE_EN;MATCHED
BO908402;D2608941;12/09/2025;PWR_FR;S;01/06/2026;30/06/2026;1147,900;MWH;77,6800;EUR;MERCUR;MATCHED
BO904544;D2604834;27/10/2025;PWR_FR;B;01/01/2027;31/01/2027;724,700;MWH;81,5820;EUR;ICE_EN;MATCHED
BO902775;D2602957;27/11/2025;NG_PEG;S;01/09/2027;30/09/2027;217,100;MWH;29,4860;EUR;EEX_CL;MATCHED
BO903582;D2603806;03/10/2025;NG_PEG;B;01/06/2027;30/06/2027;93,400;MWH;28,5170;EUR;EEX_CL;MATCHED
BO901412;D2601503;21/10/2025;NG_PEG;S;01/10/2026;31/12/2026;179,700;MWH;34,4280;EUR;STATKR;MATCHED
BO907908;D2608421;21/01/2026;NG_PEG;S;01/01/2027;31/01/2027;177,500;MWH;32,2740;EUR;EEX_CL;MATCHED
BO907326;D2607794;23/09/2025;PWR_FR;B;01/12/2026;31/12/2026;669,200;MWH;89,9400;EUR;EDF_TR;MATCHED
BO903331;D2603549;06/02/2026;PWR_FR;B;01/12/2027;31/12/2027;173,200;MWH;69,9960;EUR;STATKR;CXL
BO902967;D2603163;27/05/2026;NG_PEG;B;01/10/2026;31/12/2026;118,100;MWH;33,9140;EUR;TOTALE;MATCHED
BO904501;D2604787;03/04/2026;NG_PEG;S;01/02/2026;28/02/2026;124,100;MWH;39,3400;EUR;TOTALE;MATCHED
BO908852;D2605318;17/06/2026;PWR_FR;S;01/03/2026;31/03/2026;264,400;MWH;91,7870;EUR;RWE;MATCHED
BO906373;D2606788;04/07/2025;NG_PEG;S;01/07/2026;30/09/2026;237,400;MWH;28,4880;EUR;AXPO;MATCHED
BO906283;D2606694;08/06/2026;PWR_FR;B;01/08/2027;31/08/2027;565,200;MWH;75,5330;EUR;EDF_TR;MATCHED
BO903725;D2603958;23/10/2025;PWR_FR;S;01/11/2026;30/11/2026;90,800;MWH;93,0910;EUR;EDF_TR;MATCHED
BO902048;D2602179;23/07/2025;PWR_FR;B;01/12/2027;31/12/2027;124,100;MWH;89,9350;EUR;ICE_EN;MATCHED
BO904110;D2604369;06/02/2026;PWR_FR;B;01/10/2027;31/10/2027;69,200;MWH;68,6730;EUR;SHELL_;MATCHED
BO900271;D2600287;22/01/2026;NG_PEG;B;01/12/2027;31/12/2027;23,600;MWH;35,6870;EUR;TOTALE;MATCHED
BO903071;D2603275;13/02/2026;PWR_FR;S;01/02/2026;30/04/2026;133,100;MWH;96,1230;EUR;STATKR;MATCHED
BO906567;D2606989;26/12/2025;NG_PEG;B;01/01/2027;31/01/2027;264,200;MWH;38,0510;EUR;STATKR;MATCHED
BO905338;D2605691;24/06/2025;PWR_FR;S;01/05/2026;31/07/2026;102,800;MWH;73,3920;EUR;EDF_TR;MATCHED
BO908416;D2608956;13/11/2025;PWR_FR;B;01/11/2026;30/11/2026;105,800;MWH;90,3550;EUR;RWE;MATCHED
BO907965;D2608478;03/06/2026;PWR_FR;B;01/02/2026;28/02/2026;114,500;MWH;88,3670;EUR;AXPO;MATCHED
BO901842;D2601959;10/07/2026;NG_PEG;B;01/03/2026;28/02/2027;335,700;MWH;36,3860;EUR;GUNVOR;MATCHED
BO907286; D2607752;30/12/2025;PWR_FR;S;01/12/2026;28/02/2027;138,800;MWH;85,3210;EUR;ICE_EN;MATCHED
BO908591;D2605610;03/07/2026;PWR_FR;B;01/01/2026;31/01/2026;98,700;MWH;107,3580;EUR;AXPO;MATCHED
BO905731;D2606112;15/05/2026;PWR_FR;B;01/08/2027;31/08/2027;35,200;MWH;57,3910;EUR;UNIPER;MATCHED
BO905822;D2606208;01/06/2026;PWR_FR;B;01/01/2026;31/01/2026;74,300;MWH;100,6480;EUR;GUNVOR;MATCHED
BO906513;D2606934;02/07/2025;PWR_FR;B;01/02/2027;28/02/2027;138,100;MWH;95,0670;EUR;STATKR;MATCHED
BO902515;D2602675;30/09/2025;PWR_FR;B;01/09/2027;30/09/2027;204,300;MWH;83,2410;EUR;GUNVOR;MATCHED
BO903931;D2604177;23/12/2025;NG_PEG;B;01/07/2027;31/07/2027;278,200;MWH;22,0780;EUR;AXPO;CXL
BO906444;D2606863;24/07/2026;NG_PEG;B;01/12/2026;31/12/2026;143,700;MWH;38,4140;EUR;EDF_TR;MATCHED
BO903421;D2603639;09/07/2026;NG_PEG;S;01/03/2027;31/03/2027;92,900;MWH;37,4890;EUR;UNIPER;MATCHED
BO906977;D2607422;10/03/2026;NG_PEG;B;01/06/2026;30/06/2026;62,600;MWH;26,9100;EUR;UNIPER;MATCHED
BO904600;D2604894;17/06/2026;NG_PEG;B;01/11/2027;31/01/2028;396,300;MWH;33,8810;EUR;TOTALE;MATCHED
BO900158;D2600168;17/07/2026;PWR_FR;S;01/08/2026;31/10/2026;326,300;MWH;56,9600;EUR;EEX_CL;MATCHED
BO906027;D2606421;30/09/2025;PWR_FR;B;01/03/2026;31/05/2026;338,800;MWH;92,0850;EUR;SHELL_;MATCHED
BO908642;D2603385;31/12/2025;PWR_FR;B;01/09/2027;30/09/2027;45,600;MWH;64,8610;EUR;VITOL;MATCHED
BO908179;D2608706;27/08/2025;NG_PEG;B;01/12/2027;31/12/2027;93,700;MWH;35,4270;EUR;STATKR;MATCHED
BO908432;D2608972;25/11/2025;NG_PEG;S;01/07/2026;30/09/2026;291,700;MWH;25,5500;EUR;EDF_TR;MATCHED
BO907916;D2608429;22/06/2026;NG_PEG;B;01/08/2027;31/10/2027;229,400;MWH;26,5420;EUR;UNIPER;MATCHED
BO902436;D2602590;10/07/2025;NG_PEG;B;01/06/2027;30/06/2027;95,300;MWH;26,2460;EUR;EDF_TR;MATCHED
BO906952;D2607395;05/11/2025;NG_PEG;B;01/11/2027;30/11/2027;74,800;MWH;40,1520;EUR;SHELL_;MATCHED
BO904640;D2604936;14/11/2025;PWR_FR;S;01/05/2027;31/05/2027;205,300;MWH;73,7650;EUR;TOTALE;MATCHED
BO902002;D2602132;18/11/2025;NG_PEG;B;01/11/2027;30/11/2027;64,800;MWH;34,0590;EUR;TOTALE;MATCHED
BO900049;D2600052;08/04/2026;NG_PEG;B;01/03/2026;31/03/2026;510,900;MWH;32,7290;EUR;RWE;MATCHED
BO906327;D2606741;15/12/2025;NG_PEG;B;01/02/2027;28/02/2027;82,600;MWH;35,3010;EUR;STATKR;MATCHED
BO904825;D2605142;06/01/2026;NG_PEG;S;01/06/2027;30/06/2027;60,300;MWH;27,0080;EUR;RWE;MATCHED
BO902986;D2603184;23/07/2025;PWR_FR;S;01/10/2027;31/10/2027;225,200;MWH;84,4000;EUR;MERCUR;MATCHED
BO905553;D2605921;30/06/2025;PWR_FR;B;01/04/2027;30/04/2027;102,400;MWH;64,1970;EUR;EDF_TR;MATCHED
BO904675;D2604978;24/07/2025;PWR_FR;B;01/07/2026;30/06/2027;284,500;MWH;66,1520;EUR;VITOL;MATCHED
BO908338;D2608874;10/04/2026;NG_PEG;B;01/07/2027;31/07/2027;103,000;MWH;23,5940;EUR;MERCUR;CXL
BO907044;D2607493;10/12/2025;PWR_FR;B;01/01/2026;31/01/2026;288,400;MWH;87,5850;EUR;TOTALE;MATCHED
BO900808;D2600854;26/08/2025;PWR_FR;B;01/02/2026;28/02/2026;91,300;MWH;91,6000;EUR;UNIPER;MATCHED
BO907449;D2607922;10/06/2025;NG_PEG;S;01/02/2027;28/02/2027;137,600;MWH;17,5880;EUR;RWE;MATCHED
BO904064;D2604321;10/12/2025;PWR_FR;S;01/03/2027;31/05/2027;119,100;MWH;91,7740;EUR;ICE_EN;MATCHED
BO907075;D2607526;02/06/2026;PWR_FR;S;01/02/2027;28/02/2027;705,300;MWH;95,8970;EUR;UNIPER;MATCHED
BO903852;D2604095;11/02/2026;PWR_FR;B;01/07/2027;31/07/2027;2028,300;MWH;58,2490;EUR;MERCUR;MATCHED
BO905294;D2605645;22/07/2025;PWR_FR;B;01/02/2027;30/04/2027;90,200;MWH;94,8530;EUR;GUNVOR;MATCHED
BO908966;D2607585;10/09/2025;PWR_FR;B;01/05/2026;30/04/2027;59,800;MWH;59,6750;EUR;RWE;MATCHED
BO900814;D2600860;27/08/2025;PWR_FR;S;01/11/2026;30/11/2026;262,900;MWH;73,3460;EUR;SHELL_;MATCHED
BO905744;D2606125;14/01/2026;PWR_FR;S;01/07/2027;31/07/2027;375,500;MWH;59,2060;EUR;TOTALE;MATCHED
BO902960;D2603156;04/03/2026;NG_PEG;B;01/02/2026;28/02/2026;148,500;MWH;35,0290;EUR;ICE_EN;MATCHED
BO908997;D2607836;29/10/2025;NG_PEG;B;01/07/2027;31/07/2027;140,500;MWH;23,6960;EUR;GUNVOR;MATCHED
BO907183;D2607641;04/08/2025;PWR_FR;B;01/12/2027;29/02/2028;75,800;MWH;96,9180;EUR;TOTALE;MATCHED
BO900514;D2600548;24/11/2025;NG_PEG;B;01/09/2027;30/09/2027;511,900;MWH;23,3950;EUR;GUNVOR;MATCHED
BO904682;D2604986;20/01/2026;NG_PEG;S;01/01/2027;31/01/2027;360,700;MWH;31,1900;EUR;EDF_TR;MATCHED
BO906107;D2606506;10/12/2025;NG_PEG;B;01/06/2026;31/08/2026;457,100;MWH;27,0170;EUR;RWE;MATCHED
BO907159;D2607617;06/10/2025;PWR_FR;S;01/08/2027;31/08/2027;404,200;MWH;58,1260;EUR;GUNVOR;MATCHED
BO904802;D2605118;15/07/2026;NG_PEG;B;01/07/2027;31/07/2027;145,200;MWH;24,7700;EUR;TOTALE;MATCHED
BO905713;D2606094;15/07/2025;NG_PEG;B;01/09/2027;30/11/2027;101,100;MWH;29,1940;EUR;TOTALE;MATCHED
BO907741;D2608231;08/10/2025;PWR_FR;B;01/11/2027;30/11/2027;1776,500;MWH;87,8630;EUR;MERCUR;MATCHED
BO901223;D2601300;20/04/2026;NG_PEG;B;01/04/2026;30/06/2026;619,300;MWH;33,0100;EUR;EEX_CL;MATCHED
BO905590;D2605960;06/01/2026;PWR_FR;B;01/12/2026;31/12/2026;208,100;MWH;99,4730;EUR;RWE;MATCHED
BO903315;D2603533;13/11/2025;PWR_FR;S;01/10/2027;31/12/2027;278,500;MWH;62,7830;EUR;SHELL_;MATCHED
BO907370;D2607840;24/12/2025;PWR_FR;B;01/09/2027;30/11/2027;283,000;MWH;76,2900;EUR;MERCUR;MATCHED
BO908798;D2605574;23/02/2026;PWR_FR;B;01/10/2026;31/10/2026;106,900;MWH;83,0180;EUR;RWE;MATCHED
BO906814;D2607252;12/08/2025;NG_PEG;B;01/08/2027;31/08/2027;167,200;MWH;23,2050;EUR;ICE_EN;MATCHED
BO906529;D2606950;14/01/2026;NG_PEG;S;01/09/2027;30/09/2027;111,900;MWH;27,9290;EUR;ICE_EN;MATCHED
BO905880;D2606268;25/09/2025;NG_PEG;S;01/06/2026;30/06/2026;219,700;MWH;29,6110;EUR;UNIPER;MATCHED
BO907160;D2607618;08/05/2026;PWR_FR;S;01/05/2027;31/05/2027;80100,000;KWH;70,8520;EUR;VITOL;MATCHED
BO903523;D2603744;03/06/2026;NG_PEG;B;01/02/2026;28/02/2026;73,400;MWH;33,5430;EUR;STATKR;MATCHED
BO904569;D2604861;28/05/2026;PWR_FR;B;01/01/2026;31/03/2026;219,600;MWH;112,0950;EUR;AXPO;MATCHED
BO903091;D2603297;04/12/2025;NG_PEG;B;01/08/2027;31/10/2027;308,300;MWH;24,0860;EUR;UNIPER;MATCHED
BO905187;D2605526;25/05/2026;NG_PEG;S;01/12/2026;28/02/2027;267,900;MWH;36,8140;EUR;UNIPER;MATCHED
BO905671;D2606049;20/05/2026;PWR_FR;B;01/06/2026;30/06/2026;647,500;MWH;77,9890;EUR;UNIPER;MATCHED
BO902114;D2602248;29/07/2025;NG_PEG;B;01/11/2027;30/11/2027;555,500;MWH;38,2060;EUR;MERCUR;MATCHED
BO906773;D2607206;10/02/2026;PWR_FR;B;01/08/2027;31/08/2027;104,400;MWH;64,1840;EUR;GUNVOR;MATCHED
BO903981;D2604231;20/03/2026;PWR_FR;B;01/04/2026;30/06/2026;333,300;MWH;80,1530;EUR;UNIPER;MATCHED
BO903333;D2603551;22/04/2026;PWR_FR;S;01/02/2026;30/04/2026;207,800;MWH;95,2180;EUR;EDF_TR;MATCHED
BO906980;D2607426;03/12/2025;NG_PEG;B;01/02/2027;30/04/2027;737,100;MWH;34,8430;EUR;SHELL_;MATCHED
BO907154;D2607611;02/06/2025;PWR_FR;S;01/12/2027;29/02/2028;272,200;MWH;101,6290;EUR;EEX_CL;MATCHED
BO907699;D2608187;21/10/2025;NG_PEG;B;01/09/2027;30/11/2027;190,100;MWH;32,8950;EUR;UNIPER;MATCHED
BO906879;D2607319;19/03/2026;NG_PEG;B;01/11/2027;31/01/2028;73,300;MWH;37,0860;EUR;SHELL_;MATCHED
BO908194;D2608722;09/06/2025;PWR_FR;B;01/09/2027;30/09/2027;210,400;MWH;66,3410;EUR;SHELL_;MATCHED
BO903972;D2604222;20/04/2026;PWR_FR;B;01/05/2027;31/05/2027;109,300;MWH;57,7980;EUR;STATKR;MATCHED
BO903938;d2604185;01/06/2026;NG_PEG;B;01/09/2027;30/11/2027;795,400;MWH;32,6810;EUR;VITOL;MATCHED
BO907674;D2608161;04/12/2025;NG_PEG;B;01/08/2026;31/08/2026;214,500;MWH;27,1070;EUR;RWE;MATCHED
BO905729;D2606110;19/02/2026;PWR_FR;B;01/06/2027;30/06/2027;383,300;MWH;55,4100;EUR;RWE;MATCHED
BO905081;D2605412;24/06/2026;PWR_FR;B;01/12/2026;28/02/2027;600,800;MWH;76,1720;EUR;TOTALE;MATCHED
BO905634;D2606011;27/05/2026;PWR_FR;S;01/02/2026;30/04/2026;199,900;MWH;110,7050;EUR;ICE_EN;MATCHED
BO902303;D2602447;26/01/2026;PWR_FR;S;01/02/2027;30/04/2027;54,500;MWH;111,1650;EUR;EEX_CL;MATCHED
BO903861;D2604104;03/07/2025;PWR_FR;S;01/03/2026;31/03/2026;971,500;MWH;96,9600;EUR;TOTALE;MATCHED
BO904861;D2605183;25/02/2026;PWR_FR;B;01/12/2026;28/02/2027;109,500;MWH;95,2020;EUR;RWE;MATCHED
BO906823;D2607262;13/04/2026;NG_PEG;B;01/12/2027;29/02/2028;126,700;MWH;36,7170;EUR;GUNVOR;MATCHED
BO906555;D2606977;21/07/2025;PWR_FR;B;01/09/2027;30/09/2027;309,600;MWH;74,9870;EUR;AXPO;MATCHED
BO906418;D2606837;13/02/2026;NG_PEG;B;01/06/2026;30/06/2026;89,800;MWH;27,0120;EUR;RWE;MATCHED
BO903215;D2603428;17/06/2026;PWR_FR;B;01/11/2027;31/01/2028;155,400;MWH;89,9930;EUR;RWE;MATCHED
BO904753;D2605065;04/12/2025;PWR_FR;B;01/06/2027;30/06/2027;80,300;MWH;70,0020;EUR;STATKR;MATCHED
BO908428;D2608968;12/06/2026;PWR_FR;S;01/08/2027;31/08/2027;61,800;MWH;54,4420;EUR;VITOL;MATCHED
BO900930;D2600982;09/03/2026;PWR_FR;S;01/05/2026;31/07/2026;278,300;MWH;82,1010;EUR;TOTALE;MATCHED
BO903602;D2603829;20/05/2026;NG_PEG;S;01/01/2026;31/01/2026;163,200;MWH;38,9530;EUR;EDF_TR;MATCHED
BO902149;D2602285;15/04/2026;PWR_FR;B;01/03/2027;29/02/2028;255,100;MWH;94,0460;EUR;STATKR;MATCHED
BO906052;D2606447;10/11/2025;PWR_FR;B;01/03/2027;31/03/2027;187,500;MWH;87,8690;EUR;RWE;MATCHED
BO902787;D2602971;19/06/2025;PWR_FR;S;01/02/2026;28/02/2026;95,900;MWH;95,2710;EUR;ICE_EN;MATCHED
BO901092;D2601162;23/06/2025;PWR_FR;B;01/06/2026;31/08/2026;429,000;MWH;64,9080;EUR;EEX_CL;MATCHED
BO900204;D2600217;23/07/2026;PWR_FR;S;01/07/2026;30/09/2026;33,200;MWH;56,9030;EUR;AXPO;MATCHED
BO907238;D2607700;02/02/2026;NG_PEG;S;01/06/2026;30/06/2026;192,600;MWH;25,3950;EUR;MERCUR;MATCHED
BO901542;D2601641;12/08/2025;NG_PEG;B;01/08/2026;31/08/2026;152,300;MWH;30,0030;EUR;MERCUR;MATCHED
BO903138;D2603346;01/08/2025;PWR_FR;S;01/05/2027;31/05/2027;136,500;MWH;73,6140;EUR;TOTALE;MATCHED
BO902425;D2602579;05/11/2025;NG_PEG;B;01/11/2026;30/11/2026;104,800;MWH;29,6480;EUR;UNIPER;MATCHED
BO900819;D2600866;29/05/2026;PWR_FR;B;01/08/2026;31/08/2026;100,900;MWH;48,4530;EUR;EEX_CL;MATCHED
BO902815;D2603001;24/06/2026;NG_PEG;S;01/05/2027;31/05/2027;99,600;MWH;27,0290;EUR;RWE;MATCHED
BO903018;D2603220;24/06/2025;NG_PEG;B;01/10/2027;31/10/2027;138,200;MWH;29,6420;EUR;EDF_TR;MATCHED
BO905498;D2605864;03/07/2025;NG_PEG;S;01/02/2026;30/04/2026;22,200;MWH;41,3120;EUR;VITOL;MATCHED
BO906911;D2607352;27/08/2025;PWR_FR;B;01/03/2026;31/03/2026;110,600;MWH;90,3090;EUR;RWE;MATCHED
BO906332;D2606747;13/06/2025;PWR_FR;S;01/06/2026;30/06/2026;99,200;MWH;63,8750;EUR;UNIPER;MATCHED
BO902920;D2603114;03/02/2026;PWR_FR;S;01/12/2027;29/02/2028;565,200;MWH;98,4320;EUR;ICE_EN;MATCHED
BO901103;D2601174;16/10/2025;PWR_FR;B;01/02/2027;28/02/2027;442,000;MWH;103,4910;EUR;ICE_EN;MATCHED
BO908617;D2603202;10/02/2026;PWR_FR;B;01/03/2026;31/05/2026;180,300;MWH;81,2100;EUR;RWE;MATCHED
BO902021;D2602151;25/06/2026;NG_PEG;S;01/02/2027;28/02/2027;209,700;MWH;36,9150;EUR;ICE_EN;MATCHED
BO900748;D2600790;06/08/2025;PWR_FR;S;01/06/2027;30/06/2027;58,600;MWH;71,2550;EUR;ICE_EN;CXL
BO900663; D2600704;05/12/2025;NG_PEG;S;01/07/2026;30/09/2026;736,000;MWH;27,2840;EUR;AXPO;MATCHED
BO905467;D2605830;20/10/2025;PWR_FR;S;01/02/2026;28/02/2026;25,500;MWH;81,8890;EUR;EDF_TR;MATCHED
BO904893;D2605215;01/06/2026;PWR_FR;B;01/01/2027;31/01/2027;175,200;MWH;86,3160;EUR;RWE;MATCHED
BO907490;D2607963;27/04/2026;NG_PEG;B;01/07/2026;31/07/2026;146,300;MWH;21,5510;EUR;EDF_TR;MATCHED
BO905656;D2606033;09/03/2026;NG_PEG;B;01/11/2026;31/01/2027;276,700;MWH;37,6350;EUR;UNIPER;MATCHED
BO907957;D2608470;18/06/2026;PWR_FR;B;01/08/2027;31/08/2027;87,300;MWH;63,1240;EUR;UNIPER;MATCHED
BO904987;D2605313;11/07/2025;PWR_FR;S;01/10/2027;31/10/2027;94,300;MWH;62,9280;EUR;EEX_CL;MATCHED
BO905625;D2606002;06/06/2025;NG_PEG;B;01/03/2027;31/03/2027;250,600;MWH;42,0370;EUR;AXPO;MATCHED
BO906852;D2607291;26/05/2026;PWR_FR;B;01/08/2027;31/10/2027;30,500;MWH;69,3480;EUR;AXPO;MATCHED
BO907517;D2607992;16/01/2026;NG_PEG;S;01/10/2026;30/09/2027;1091,100;MWH;30,2320;EUR;AXPO;MATCHED
BO908810;D2605967;16/03/2026;NG_PEG;S;01/11/2026;31/01/2027;422,500;MWH;33,5150;EUR;TOTALE;MATCHED
BO900695;D2600737;10/09/2025;PWR_FR;B;01/07/2026;30/06/2027;485,500;MWH;67,8760;EUR;AXPO;MATCHED
BO903748;D2603982;25/06/2025;NG_PEG;S;01/04/2027;30/06/2027;139,300;MWH;27,7970;EUR;SHELL_;MATCHED
BO900726;D2600768;25/06/2025;NG_PEG;B;01/08/2027;31/08/2027;111,600;MWH;24,3820;EUR;STATKR;MATCHED
BO900863;D2600913;02/09/2025;NG_PEG;B;01/04/2027;30/04/2027;424,100;MWH;25,5242;EUR;MERCUR;MATCHED
BO903241;D2603456;17/07/2025;PWR_FR;S;01/06/2026;30/06/2026;566,900;MWH;63,6080;EUR;EEX_CL;MATCHED
BO903239;D2603454;10/06/2026;PWR_FR;S;01/05/2027;31/05/2027;207,300;MWH;64,5040;EUR;GUNVOR;MATCHED
BO905574;D2605944;07/01/2026;NG_PEG;S;01/09/2026;30/11/2026;660,000;MWH;28,7690;EUR;SHELL_;CXL
BO908973;D2601008;07/04/2026;PWR_FR;B;01/05/2027;31/07/2027;50,200;MWH;77,8720;EUR;MERCUR;MATCHED
BO902664;D2602831;11/02/2026;NG_PEG;B;01/02/2026;28/02/2026;281,100;MWH;34,1140;EUR;TOTALE;MATCHED
BO900669;D2600710;12/12/2025;PWR_FR;S;01/09/2027;30/09/2027;127500,000;KWH;65,2322;EUR;GUNVOR;MATCHED
BO904412;D2604692;27/06/2025;NG_PEG;S;01/05/2027;31/05/2027;91,200;MWH;24,5060;EUR;UNIPER;MATCHED
BO901315;D2601396;08/08/2025;PWR_FR;S;01/01/2026;31/03/2026;209,600;MWH;73,8550;EUR;TOTALE;MATCHED
BO906898;D2607339;20/05/2026;PWR_FR;S;01/05/2027;31/05/2027;25,600;MWH;70,9280;EUR;STATKR;MATCHED
BO901199;D2601275;03/06/2026;NG_PEG;S;01/11/2027;30/11/2027;289,900;MWH;38,0360;EUR;EEX_CL;MATCHED
BO906557;D2606979;04/11/2025;PWR_FR;B;01/08/2027;31/08/2027;198,600;MWH;63,3930;EUR;ICE_EN;MATCHED
BO901828;D2601944;20/02/2026;PWR_FR;B;01/12/2027;31/12/2027;1121,600;MWH;81,2300;EUR;SHELL_;MATCHED
BO900836;D2600883;02/12/2025;PWR_FR;B;01/06/2027;30/06/2027;252,900;MWH;75,1440;EUR;SHELL_;MATCHED
BO902593;D2602759;24/03/2026;PWR_FR;S;01/12/2027;31/12/2027;231,200;MWH;87,4930;EUR;VITOL;MATCHED
BO908691;D2603698;15/05/2026;PWR_FR;B;01/05/2027;31/05/2027;87,000;MWH;65,3160;EUR;AXPO;MATCHED
BO907437; D2607910;26/09/2025;PWR_FR;S;01/05/2026;31/05/2026;172,800;MWH;73,1950;EUR;SHELL_;MATCHED
BO901932;D2602059;01/12/2025;PWR_FR;S;01/04/2026;30/06/2026;61,400;MWH;79,0540;EUR;TOTALE;MATCHED
BO906032;D2606427;16/01/2026;NG_PEG;B;01/05/2027;31/07/2027;104,100;MWH;28,4380;EUR;TOTALE;MATCHED
BO901111;D2601182;13/02/2026;NG_PEG;S;01/01/2027;31/03/2027;1438,300;MWH;36,2520;EUR;TOTALE;MATCHED
BO907904;D2608415;27/11/2025;NG_PEG;S;01/04/2027;30/04/2027;168,200;MWH;28,8050;EUR;RWE;MATCHED
BO905390;D2605748;03/07/2025;PWR_FR;S;01/02/2026;31/01/2027;120,100;MWH;90,0020;EUR;AXPO;MATCHED
BO900400;D2600423;16/09/2025;PWR_FR;S;01/01/2027;31/01/2027;207,300;MWH;95,8090;EUR;EDF_TR;MATCHED
BO903934;D2604180;17/10/2025;NG_PEG;S;01/09/2026;30/09/2026;179,500;MWH;23,3230;EUR;MERCUR;MATCHED
BO907554;D2608031;28/01/2026;PWR_FR;S;01/02/2027;28/02/2027;206,100;MWH;97,4320;EUR;ICE_EN;MATCHED
BO901177;D2601253;07/08/2025;NG_PEG;B;01/08/2026;31/08/2026;223,400;MWH;25,8890;EUR;GUNVOR;MATCHED
BO901663;D2601770;19/01/2026;PWR_FR;S;01/10/2026;31/10/2026;209,400;MWH;76,8010;EUR;EEX_CL;CXL
BO906874;D2607314;14/11/2025;PWR_FR;B;01/02/2026;31/01/2027;713,800;MWH;88,0190;EUR;EEX_CL;MATCHED
BO901632;D2601738;17/03/2026;NG_PEG;S;01/12/2027;31/12/2027;114,200;MWH;39,2900;EUR;EEX_CL;MATCHED
BO907721;D2608210;16/07/2025;PWR_FR;S;01/07/2026;31/07/2026;165,700;MWH;52,1670;EUR;TOTALE;MATCHED
BO905174;D2605512;08/10/2025;PWR_FR;B;01/11/2026;30/11/2026;359,600;MWH;75,3660;EUR;EDF_TR;MATCHED
BO907353;D2607822;01/08/2025;NG_PEG;B;01/07/2026;31/07/2026;310,400;MWH;21,4870;EUR;VITOL;MATCHED
BO904725;D2605034;22/04/2026;PWR_FR;S;01/03/2027;29/02/2028;507,900;MWH;81,8040;EUR;EDF_TR;CXL
BO907637;D2608124;10/11/2025;PWR_FR;S;01/03/2027;31/03/2027;43,000;MWH;94,6810;EUR;SHELL_;MATCHED
BO902260;D2602400;20/08/2025;PWR_FR;B;01/05/2027;31/05/2027;122,000;MWH;77,9260;EUR;MERCUR;MATCHED
BO902585;D2602749;13/04/2026;NG_PEG;B;01/12/2027;29/02/2028;71,000;MWH;47,7940;EUR;EDF_TR;MATCHED
BO906606;D2607031;29/01/2026;PWR_FR;B;01/10/2026;30/09/2027;126,100;MWH;74,6890;EUR;SHELL_;MATCHED
BO906239;D2606648;11/05/2026;NG_PEG;S;01/08/2026;31/10/2026;151,400;MWH;24,7630;EUR;STATKR;MATCHED
BO908143;D2608670;03/03/2026;NG_PEG;B;01/09/2027;31/08/2028;501,500;MWH;27,3660;EUR;UNIPER;MATCHED
BO906395;D2606812;18/03/2026;NG_PEG;B;01/06/2027;30/06/2027;221,200;MWH;23,4130;EUR;MERCUR;MATCHED
BO903216;D2603429;10/07/2026;PWR_FR;B;01/07/2027;31/07/2027;784,300;MWH;48,9850;EUR;GUNVOR;MATCHED
BO904208;D2604473;26/05/2026;NG_PEG;S;01/04/2027;30/04/2027;400,000;MWH;33,8279;EUR;AXPO;MATCHED
BO903208;D2603421;27/06/2025;NG_PEG;S;01/03/2027;31/05/2027;95,900;MWH;29,4310;EUR;STATKR;MATCHED
BO903621;D2603848;19/08/2025;PWR_FR;B;01/07/2026;31/07/2026;143,200;MWH;55,5760;EUR;EDF_TR;MATCHED
BO904434;D2604716;29/10/2025;NG_PEG;S;01/09/2027;30/11/2027;219,800;MWH;32,1040;EUR;EEX_CL;MATCHED
BO907440;D2607913;23/07/2026;PWR_FR;S;01/12/2027;29/02/2028;1042,900;MWH;92,9200;EUR;STATKR;MATCHED
BO904603;D2604897;24/06/2025;PWR_FR;B;01/11/2027;30/11/2027;355,600;MWH;88,8130;EUR;EEX_CL;MATCHED
BO904707;D2605015;17/02/2026;NG_PEG;B;01/01/2027;31/01/2027;176,600;MWH;40,3070;EUR;AXPO;MATCHED
BO900153;D2600163;28/04/2026;PWR_FR;B;01/12/2026;31/12/2026;1091,200;MWH;104,0970;EUR;STATKR;MATCHED
BO905086;D2605417;17/02/2026;PWR_FR;S;01/10/2027;31/10/2027;217,700;MWH;71,0590;EUR;EEX_CL;MATCHED
BO906759;D2607192;02/01/2026;NG_PEG;S;01/08/2026;31/08/2026;45,400;MWH;25,1150;EUR;RWE;MATCHED
BO905653;D2606030;18/11/2025;NG_PEG;S;01/07/2027;31/07/2027;136,200;MWH;25,3690;EUR;VITOL;MATCHED
BO908505;D2601192;15/01/2026;PWR_FR;B;01/02/2027;28/02/2027;348,700;MWH;87,9410;EUR;UNIPER;MATCHED
BO905093;D2605424;10/06/2026;PWR_FR;S;01/05/2027;31/05/2027;53,700;MWH;77,2300;EUR;MERCUR;MATCHED
BO902828;D2603015;15/10/2025;NG_PEG;S;01/02/2027;28/02/2027;233,700;MWH;39,0070;EUR;STATKR;MATCHED
BO908240;D2608771;28/08/2025;NG_PEG;S;01/09/2027;30/09/2027;205,400;MWH;23,7970;EUR;TOTALE;CXL
BO903336;D2603554;25/07/2025;NG_PEG;B;01/10/2026;31/10/2026;150,600;MWH;25,5960;EUR;VITOL;MATCHED
BO905071;D2605401;28/01/2026;PWR_FR;B;01/05/2026;31/05/2026;47,400;MWH;67,7540;EUR;SHELL_;MATCHED
BO904549;D2604839;26/05/2026;PWR_FR;B;01/03/2027;31/05/2027;270,200;MWH;77,4120;EUR;EEX_CL;MATCHED
BO900244;D2600258;22/01/2026;NG_PEG;B;01/08/2026;31/08/2026;63,600;MWH;26,2500;EUR;RWE;MATCHED
BO906867;D2607307;01/07/2026;PWR_FR;B;01/01/2026;31/01/2026;101,300;MWH;84,6880;EUR;ICE_EN;MATCHED
BO902730;D2602903;21/07/2025;PWR_FR;B;01/08/2026;31/08/2026;248,900;MWH;79,5570;EUR;AXPO;MATCHED
BO907203;D2607662;29/05/2026;PWR_FR;B;01/11/2026;31/10/2027;1076,500;MWH;86,9390;EUR;AXPO;MATCHED
BO900771;D2600813;12/01/2026;PWR_FR;S;01/09/2026;30/09/2026;123,400;MWH;65,2460;EUR;EDF_TR;MATCHED
BO901786;D2601896;09/03/2026;PWR_FR;S;01/10/2027;31/10/2027;96,900;MWH;83,9160;EUR;STATKR;MATCHED
BO907234;D2607696;30/12/2025;PWR_FR;S;01/10/2026;31/10/2026;112,000;MWH;88,9120;EUR;UNIPER;MATCHED
BO900292;D2600310;08/08/2025;PWR_FR;B;01/05/2026;31/05/2026;225,900;MWH;73,7190;EUR;UNIPER;CXL
BO901245;D2601323;20/02/2026;PWR_FR;B;01/08/2026;31/08/2026;225,000;MWH;70,9180;EUR;MERCUR;MATCHED
BO903501;D2603721;21/08/2025;PWR_FR;S;01/01/2027;31/03/2027;363,000;MWH;92,2730;EUR;GUNVOR;MATCHED
BO900721;D2600763;01/09/2025;PWR_FR;S;01/07/2027;31/07/2027;368,600;MWH;66,3820;EUR;EEX_CL;MATCHED
BO906382;D2606799;16/06/2025;PWR_FR;S;01/07/2026;31/07/2026;369,100;MWH;63,7200;EUR;SHELL_;MATCHED
BO904056;D2604313;16/07/2025;NG_PEG;B;01/10/2026;31/10/2026;150,100;MWH;31,3130;EUR;EDF_TR;MATCHED
BO901827;D2601943;29/05/2026;PWR_FR;S;01/10/2027;31/12/2027;272,800;MWH;72,3140;EUR;GUNVOR;MATCHED
BO904464;D2604748;03/03/2026;PWR_FR;S;01/09/2027;30/09/2027;202,900;MWH;85,2700;EUR;STATKR;MATCHED
BO907082;D2607535;15/07/2026;PWR_FR;S;01/05/2026;31/05/2026;113,900;MWH;81,0540;EUR;EDF_TR;MATCHED
BO907417;D2607890;07/01/2026;PWR_FR;S;01/03/2026;31/03/2026;239,900;MWH;84,8090;EUR;STATKR;MATCHED
BO901499;D2601594;18/12/2025;NG_PEG;B;01/11/2026;31/10/2027;213,400;MWH;39,4050;EUR;MERCUR;MATCHED
BO902440;D2602594;10/10/2025;NG_PEG;B;01/10/2026;31/10/2026;97,900;MWH;32,5010;EUR;MERCUR;MATCHED
BO906314;D2606727;25/12/2025;PWR_FR;B;01/04/2027;30/06/2027;103,700;MWH;79,8150;EUR;EEX_CL;MATCHED
BO904800;D2605116;09/07/2026;PWR_FR;B;01/03/2026;31/03/2026;218,600;MWH;79,3040;EUR;VITOL;CXL
BO900392;D2600415;05/06/2025;PWR_FR;S;01/02/2026;30/04/2026;459,500;MWH;106,4720;EUR;SHELL_;MATCHED
BO904714;D2605023;28/05/2026;PWR_FR;S;01/01/2027;31/03/2027;380,600;MWH;78,3670;EUR;VITOL;MATCHED
BO905861;D2606249;15/06/2026;NG_PEG;B;01/01/2027;31/01/2027;169,400;MWH;36,5080;EUR;UNIPER;MATCHED
BO905320;D2605673;06/05/2026;PWR_FR;B;01/03/2027;31/05/2027;201,300;MWH;79,4020;EUR;VITOL;MATCHED
BO903959;D2604207;18/03/2026;PWR_FR;B;01/07/2026;31/07/2026;99,200;MWH;56,5600;EUR;EEX_CL;MATCHED
BO901139;D2601214;04/06/2026;NG_PEG;B;01/04/2027;30/04/2027;88,900;MWH;30,2600;EUR;VITOL;MATCHED
BO907542;D2608017;03/07/2025;PWR_FR;B;01/11/2026;30/11/2026;3082,100;MWH;76,2530;EUR;UNIPER;CXL
BO900767;D2600809;11/11/2025;PWR_FR;B;01/03/2027;31/03/2027;550,800;MWH;88,0630;EUR;GUNVOR;MATCHED
BO905460;D2605823;15/06/2026;PWR_FR;B;01/04/2026;30/04/2026;253500,000;KWH;84,3370;EUR;EEX_CL;MATCHED
BO906800;D2607235;11/05/2026;NG_PEG;B;01/08/2027;31/10/2027;162,200;MWH;22,5150;EUR;RWE;MATCHED
BO905166;D2605501;04/07/2025;PWR_FR;B;01/10/2027;31/10/2027;674,800;MWH;76,8990;EUR;RWE;MATCHED
BO905876;D2606264;13/06/2025;PWR_FR;S;01/05/2027;31/05/2027;81,100;MWH;73,0650;EUR;EEX_CL;MATCHED
BO905420;D2605779;01/07/2025;PWR_FR;B;01/11/2026;30/11/2026;534,300;MWH;84,4310;EUR;TOTALE;MATCHED
BO990029;D9500029;03/04/2026;PWR_FR;B;01/01/2027;31/01/2027;209,700;MWH;74,9210;EUR;ICE_EN;MATCHED
BO901720;D2601828;22/05/2026;NG_PEG;S;01/05/2027;31/05/2027;122,000;MWH;28,1920;EUR;VITOL;MATCHED
BO907976;D2608490;25/03/2026;PWR_FR;B;01/06/2026;31/08/2026;557,200;MWH;60,8280;EUR;AXPO;MATCHED
BO908775;D2601501;11/05/2026;NG_PEG;B;01/02/2027;31/01/2028;390,800;MWH;33,2060;EUR;MERCUR;MATCHED
BO907851;D2608352;23/01/2026;PWR_FR;S;01/04/2027;30/04/2027;463,200;MWH;73,8760;EUR;SHELL_;MATCHED
BO903040;D2603243;02/09/2025;PWR_FR;B;01/03/2026;31/05/2026;52,700;MWH;81,2470;EUR;RWE;MATCHED
BO903503;D2603723;05/02/2026;NG_PEG;B;01/03/2026;31/03/2026;190,500;MWH;35,2010;EUR;STATKR;MATCHED
BO905191;D2605531;21/05/2026;PWR_FR;B;01/03/2026;28/02/2027;324,500;MWH;88,4730;EUR;EEX_CL;MATCHED
BO901261;D2601339;10/03/2026;PWR_FR;B;01/09/2026;30/09/2026;236,000;MWH;65,1130;EUR;RWE;MATCHED
BO906203;D2606608;30/06/2025;PWR_FR;S;01/10/2027;31/10/2027;698,000;MWH;77,7150;EUR;AXPO;MATCHED
BO906415;D2606833;08/04/2026;NG_PEG;S;01/06/2027;30/06/2027;78,700;MWH;25,5250;EUR;ICE_EN;MATCHED
BO901699;D2601807;04/06/2025;PWR_FR;B;01/06/2027;30/06/2027;171,500;MWH;56,4060;EUR;VITOL;MATCHED
BO904589;D2604882;10/06/2025;PWR_FR;B;01/04/2026;30/06/2026;110,500;MWH;75,6680;EUR;EDF_TR;MATCHED
BO907260;D2607723;06/02/2026;NG_PEG;S;01/10/2027;30/09/2028;706,600;MWH;27,8560;EUR;EDF_TR;MATCHED
BO900212;D2600225;24/12/2025;PWR_FR;B;01/01/2026;31/01/2026;890,500;MWH;97,0140;EUR;MERCUR;MATCHED
BO908500;D2608361;03/12/2025;NG_PEG;S;01/09/2026;30/11/2026;107,200;MWH;21,9750;EUR;AXPO;CXL
BO906762;D2607195;22/05/2026;PWR_FR;S;01/12/2027;29/02/2028;82,600;MWH;95,2450;EUR;TOTALE;MATCHED
BO901986;D2602114;05/02/2026;NG_PEG;B;01/12/2027;31/12/2027;341,200;MWH;33,4500;EUR;AXPO;MATCHED
BO902567;D2602730;30/01/2026;PWR_FR;S;01/11/2026;30/11/2026;321,800;MWH;80,2160;EUR;STATKR;MATCHED
BO902143;D2602279;26/03/2026;PWR_FR;S;01/02/2027;28/02/2027;54,300;MWH;104,7140;EUR;EEX_CL;MATCHED
BO908550;D2601897;03/07/2025;NG_PEG;B;01/07/2027;31/07/2027;68,800;MWH;24,0210;EUR;AXPO;MATCHED
BO905016;D2605344;06/05/2026;NG_PEG;B;01/02/2026;30/04/2026;133,800;MWH;34,2870;EUR;GUNVOR;MATCHED
BO902102;D2602236;29/08/2025;NG_PEG;S;01/04/2026;30/06/2026;220,700;MWH;27,8780;EUR;STATKR;MATCHED
BO901222;D2601299;10/02/2026;PWR_FR;B;01/09/2026;30/09/2026;77,400;MWH;75,0900;EUR;EEX_CL;MATCHED
BO904737;D2605046;24/06/2026;PWR_FR;B;01/01/2026;31/01/2026;854,200;MWH;106,5880;EUR;SHELL_;MATCHED
BO905445;D2605808;08/12/2025;PWR_FR;B;01/07/2026;31/07/2026;648,800;MWH;68,2390;EUR;TOTALE;MATCHED
BO908790;D2602956;16/10/2025;PWR_FR;B;01/06/2026;30/06/2026;139,500;MWH;63,4810;EUR;ICE_EN;MATCHED
BO900969;D2601024;15/07/2026;NG_PEG;B;01/09/2027;30/11/2027;137,500;MWH;27,9310;EUR;AXPO;MATCHED
BO907852;D2608353;15/09/2025;NG_PEG;B;01/10/2026;31/12/2026;186,000;MWH;32,9030;EUR;GUNVOR;MATCHED
BO900037;D2600040;11/05/2026;PWR_FR;S;01/02/2026;28/02/2026;228,700;MWH;94,5440;EUR;VITOL;MATCHED
BO901930;D2602057;08/07/2025;PWR_FR;S;01/01/2027;31/01/2027;236,400;MWH;90,7950;EUR;VITOL;MATCHED
BO907669;D2608156;28/01/2026;PWR_FR;B;01/01/2027;31/01/2027;308,100;MWH;79,7330;EUR;MERCUR;MATCHED
BO907911;D2608424;17/10/2025;PWR_FR;B;01/01/2027;31/03/2027;560,700;MWH;98,8450;EUR;VITOL;MATCHED
BO900445;D2600471;27/06/2025;PWR_FR;B;01/06/2027;30/06/2027;341,300;MWH;59,3010;EUR;EDF_TR;MATCHED
BO904915;D2605237;18/06/2026;PWR_FR;S;01/02/2026;28/02/2026;99,300;MWH;87,8560;EUR;EEX_CL;MATCHED
BO902895;D2603089;18/06/2025;NG_PEG;S;01/03/2027;29/02/2028;628,700;MWH;35,3260;EUR;UNIPER;MATCHED
BO906916;D2607357;27/08/2025;NG_PEG;B;01/10/2026;31/10/2026;187,400;MWH;32,4850;EUR;SHELL_;MATCHED
BO903325;D2603543;11/05/2026;PWR_FR;S;01/07/2027;31/07/2027;202,200;MWH;58,5100;EUR;GUNVOR;MATCHED
BO908534;D2604677;28/07/2025;NG_PEG;S;01/05/2026;31/05/2026;104,900;MWH;27,2490;EUR;STATKR;MATCHED
BO900039;D2600042;26/03/2026;PWR_FR;S;01/07/2026;30/09/2026;215,400;MWH;52,4500;EUR;EDF_TR;MATCHED
BO901840;D2601957;04/11/2025;PWR_FR;B;01/10/2026;30/09/2027;85,000;MWH;85,5430;EUR;EEX_CL;MATCHED
BO903884;D2604128;16/07/2026;NG_PEG;B;01/09/2027;30/09/2027;169,900;MWH;23,9490;EUR;MERCUR;MATCHED
BO902103;D2602237;18/11/2025;PWR_FR;S;01/12/2027;29/02/2028;220,900;MWH;91,3860;EUR;MERCUR;CXL
BO900876;D2600927;04/05/2026;PWR_FR;S;01/01/2026;31/01/2026;200,100;MWH;96,6820;EUR;AXPO;MATCHED
BO902719;D2602891;15/05/2026;PWR_FR;B;01/01/2027;31/01/2027;234,800;MWH;84,1190;EUR;MERCUR;MATCHED
BO905223;D2605565;06/01/2026;PWR_FR;B;01/01/2027;31/01/2027;316,600;MWH;98,3760;EUR;EDF_TR;MATCHED
BO900453;D2600480;17/09/2025;PWR_FR;B;01/02/2026;30/04/2026;127,200;MWH;99,4010;EUR;EDF_TR;MATCHED
BO900948;D2601001;12/09/2025;PWR_FR;S;01/06/2026;31/08/2026;265,500;MWH;76,6740;EUR;EDF_TR;MATCHED
BO905130;D2605464;07/07/2025;NG_PEG;B;01/06/2026;30/06/2026;263,700;MWH;22,4080;EUR;EEX_CL;MATCHED
BO903031;D2603234;23/06/2025;NG_PEG;S;01/05/2026;31/05/2026;1785,900;MWH;24,1950;EUR;STATKR;MATCHED
BO907803;D2608299;19/01/2026;PWR_FR;S;01/01/2026;31/03/2026;127,800;MWH;91,1040;EUR;UNIPER;MATCHED
BO908685;D2602897;06/05/2026;PWR_FR;B;01/02/2027;28/02/2027;52,700;MWH;83,9970;EUR;EEX_CL;MATCHED
BO908012;D2608531;09/04/2026;PWR_FR;B;01/12/2026;31/12/2026;195,400;MWH;93,4470;EUR;STATKR;MATCHED
BO904373;D2604650;19/09/2025;PWR_FR;S;01/04/2026;30/04/2026;110,700;MWH;80,3490;EUR;VITOL;MATCHED
BO906596;D2607021;16/07/2026;PWR_FR;B;01/12/2026;31/12/2026;364,000;MWH;96,9840;EUR;MERCUR;MATCHED
BO901601;D2601706;17/06/2025;NG_PEG;B;01/06/2027;30/06/2027;82,300;MWH;25,6540;EUR;SHELL_;MATCHED
BO901949;D2602076;09/12/2025;NG_PEG;S;01/11/2026;31/01/2027;80,000;MWH;39,9430;EUR;VITOL;MATCHED
BO901017;D2601079;23/09/2025;NG_PEG;B;01/12/2027;31/12/2027;107,500;MWH;38,0770;EUR;UNIPER;MATCHED
BO900864;D2600914;21/05/2026;NG_PEG;B;01/10/2027;31/10/2027;271,200;MWH;31,6490;EUR;ICE_EN;MATCHED
BO901339;D2601422;05/09/2025;PWR_FR;B;01/06/2026;30/06/2026;205,200;MWH;72,6330;EUR;UNIPER;MATCHED
BO906062;D2606458;23/07/2026;PWR_FR;B;01/12/2026;31/12/2026;215,200;MWH;91,6120;EUR;EEX_CL;MATCHED
BO908960;D2600070;10/02/2026;PWR_FR;S;01/01/2026;31/01/2026;156,100;MWH;110,1920;EUR;STATKR;MATCHED
BO900873;D2600924;08/05/2026;PWR_FR;S;01/07/2026;30/09/2026;126,300;MWH;55,2530;EUR;MERCUR;CXL
BO903846;D2604088;16/03/2026;PWR_FR;S;01/02/2027;31/01/2028;269,200;MWH;83,3950;EUR;VITOL;MATCHED
BO902312;D2602456;08/06/2026;PWR_FR;S;01/01/2026;31/01/2026;397,600;MWH;98,3890;EUR;ICE_EN;MATCHED
BO904715;D2605024;09/12/2025;PWR_FR;B;01/11/2027;30/11/2027;870,200;MWH;102,2990;EUR;STATKR;MATCHED
BO907585;D2608068;26/05/2026;NG_PEG;S;01/04/2027;30/04/2027;300,900;MWH;36,4170;EUR;MERCUR;MATCHED
BO906553;D2606975;25/11/2025;NG_PEG;S;01/11/2027;30/11/2027;72,100;MWH;42,8880;EUR;TOTALE;MATCHED
BO905765;D2606147;20/03/2026;NG_PEG;B;01/10/2026;31/10/2026;84,700;MWH;32,3480;EUR;VITOL;MATCHED
BO902847;D2603035;18/09/2025;PWR_FR;B;01/02/2026;30/04/2026;85,100;MWH;106,4040;EUR;AXPO;MATCHED
BO902125;D2602259;17/04/2026;NG_PEG;B;01/09/2027;30/09/2027;131,300;MWH;26,4500;EUR;RWE;MATCHED
BO908891;D2602961;17/09/2025;NG_PEG;S;01/02/2027;28/02/2027;147,000;MWH;33,9550;EUR;RWE;MATCHED
BO902771;D2602951;18/07/2025;PWR_FR;B;01/06/2027;30/06/2027;166,800;MWH;73,9640;EUR;SHELL_;MATCHED
BO903240;D2603455;14/05/2026;NG_PEG;B;01/11/2027;30/11/2027;202,000;MWH;27,3160;EUR;UNIPER;MATCHED
BO903292;D2603509;03/06/2026;NG_PEG;B;01/04/2026;30/04/2026;1149,600;MWH;36,4610;EUR;GUNVOR;MATCHED
BO908529;D2608264;25/06/2025;NG_PEG;B;01/02/2026;28/02/2026;420,400;MWH;35,5300;EUR;EDF_TR;MATCHED
BO906019;D2606413;10/06/2025;PWR_FR;B;01/06/2026;30/06/2026;130,600;MWH;72,0490;EUR;UNIPER;MATCHED
BO901707;D2601815;23/07/2025;NG_PEG;B;01/02/2026;28/02/2026;282,800;MWH;36,3570;EUR;VITOL;MATCHED
BO903090;D2603296;30/06/2025;PWR_FR;B;01/10/2026;31/10/2026;100,700;MWH;74,6120;EUR;ICE_EN;MATCHED
BO908668;D2603876;04/05/2026;NG_PEG;S;01/03/2027;31/03/2027;130,300;MWH;33,5340;EUR;EDF_TR;MATCHED
BO906929;D2607372;27/01/2026;PWR_FR;S;01/09/2027;30/09/2027;372,400;MWH;69,2270;EUR;GUNVOR;MATCHED
BO907548;D2608025;10/09/2025;PWR_FR;S;01/10/2027;31/10/2027;323,400;MWH;69,2560;EUR;SHELL_;MATCHED
BO901005;D2601065;05/03/2026;NG_PEG;B;01/08/2026;31/08/2026;54,100;MWH;26,7050;EUR;EEX_CL;MATCHED
BO907278;D2607742;23/07/2025;NG_PEG;B;01/02/2027;30/04/2027;146,300;MWH;37,3730;EUR;ICE_EN;MATCHED
BO904873;D2605195;09/03/2026;PWR_FR;S;01/03/2026;31/03/2026;188,300;MWH;89,0210;EUR;GUNVOR;MATCHED
BO900476;D2600507;01/12/2025;PWR_FR;B;01/04/2026;30/04/2026;154,300;MWH;89,4030;EUR;STATKR;MATCHED
BO907426;D2607899;13/10/2025;NG_PEG;B;01/02/2026;28/02/2026;217,200;MWH;32,9460;EUR;GUNVOR;MATCHED
BO907381;D2607852;16/12/2025;NG_PEG;S;01/05/2027;31/07/2027;826,800;MWH;28,8260;EUR;ICE_EN;MATCHED
BO904355;D2604630;22/01/2026;PWR_FR;S;01/11/2027;30/11/2027;378,300;MWH;77,8580;EUR;GUNVOR;MATCHED
BO901117;D2601189;02/06/2026;NG_PEG;B;01/09/2026;30/11/2026;400,600;MWH;31,5470;EUR;STATKR;MATCHED
BO903948;D2604196;29/07/2025;PWR_FR;B;01/08/2026;31/10/2026;573,200;MWH;62,5740;EUR;TOTALE;MATCHED
BO900145;D2600154;27/02/2026;NG_PEG;B;01/04/2026;30/06/2026;704,200;MWH;32,4800;EUR;SHELL_;MATCHED
BO901025;D2601088;06/05/2026;PWR_FR;B;01/09/2027;30/09/2027;290,100;MWH;69,3380;EUR;SHELL_;MATCHED
BO908806;D2600731;28/11/2025;NG_PEG;S;01/04/2027;30/04/2027;1431,200;MWH;29,1720;EUR;AXPO;CXL
BO904374;D2604651;09/10/2025;PWR_FR;S;01/10/2026;31/10/2026;383,400;MWH;68,9860;EUR;EDF_TR;CXL
BO904207;D2604471;28/10/2025;NG_PEG;B;01/09/2027;30/11/2027;73,500;MWH;30,6110;EUR;EDF_TR;MATCHED
BO906951;D2607394;20/10/2025;NG_PEG;B;01/10/2027;31/10/2027;518,000;MWH;33,6170;EUR;UNIPER;MATCHED
BO900561;D2600598;10/10/2025;PWR_FR;B;01/05/2027;31/05/2027;41,500;MWH;73,7360;EUR;RWE;MATCHED
BO902642;D2602808;19/03/2026;PWR_FR;B;01/11/2026;30/11/2026;407,900;MWH;93,5540;EUR;RWE;MATCHED
BO901031;D2601095;25/02/2026;PWR_FR;S;01/07/2027;30/06/2028;165,800;MWH;49,3320;EUR;MERCUR;MATCHED
BO907547;D2608024;12/01/2026;PWR_FR;B;01/05/2026;30/04/2027;193,500;MWH;71,9190;EUR;EDF_TR;MATCHED
BO905045;D2605374;04/05/2026;PWR_FR;S;01/03/2027;31/05/2027;29,900;MWH;79,5510;EUR;UNIPER;MATCHED
BO905555;D2605923;28/05/2026;PWR_FR;S;01/03/2027;31/03/2027;2118,900;MWH;80,7510;EUR;MERCUR;MATCHED
BO908859;D2600555;09/10/2025;PWR_FR;S;01/09/2026;30/09/2026;177,000;MWH;68,3440;EUR;EDF_TR;MATCHED
BO901942;D2602069;16/10/2025;PWR_FR;S;01/12/2026;31/12/2026;1126,500;MWH;87,7310;EUR;VITOL;MATCHED
BO907673;D2608160;10/06/2026;PWR_FR;S;01/11/2026;30/11/2026;175,600;MWH;83,8570;EUR;STATKR;MATCHED
BO902631;D2602797;06/11/2025;PWR_FR;B;01/11/2027;31/01/2028;258,200;MWH;74,7180;EUR;GUNVOR;CXL
BO907039;D2607488;04/11/2025;NG_PEG;S;01/08/2027;31/08/2027;413,500;MWH;26,0140;EUR;EEX_CL;MATCHED
BO901834;D2601950;25/06/2026;NG_PEG;B;01/02/2027;28/02/2027;247,600;MWH;40,0080;EUR;MERCUR;MATCHED
BO908971;D2600577;28/11/2025;NG_PEG;S;01/04/2027;31/03/2028;185,800;MWH;35,2430;EUR;UNIPER;MATCHED
BO908999;D2602499;01/12/2025;PWR_FR;S;01/03/2026;31/03/2026;126,900;MWH;93,1810;EUR;TOTALE;MATCHED
BO900174;D2600185;02/06/2026;NG_PEG;B;01/12/2027;29/02/2028;25,000;MWH;38,7000;EUR;TOTALE;MATCHED
BO908615;D2607509;10/10/2025;NG_PEG;B;01/06/2026;30/06/2026;224,600;MWH;28,4650;EUR;ICE_EN;MATCHED
BO903767;D2604004;23/06/2025;NG_PEG;S;01/11/2026;30/11/2026;173,100;MWH;29,6740;EUR;SHELL_;MATCHED
BO908274;D2608806;31/07/2025;NG_PEG;S;01/05/2026;31/05/2026;131,800;MWH;31,9830;EUR;ICE_EN;MATCHED
BO901815;D2601931;02/10/2025;PWR_FR;B;01/04/2027;30/04/2027;69,000;MWH;78,1900;EUR;TOTALE;MATCHED
BO901846;D2601963;07/07/2025;PWR_FR;S;01/07/2027;31/07/2027;1384,800;MWH;68,1180;EUR;SHELL_;MATCHED
BO901889;D2602013;22/01/2026;PWR_FR;B;01/09/2026;30/09/2026;135,900;MWH;72,6810;EUR;STATKR;MATCHED
BO906818;D2607256;16/12/2025;PWR_FR;S;01/08/2026;31/10/2026;174,900;MWH;52,6990;EUR;STATKR;MATCHED
BO902144;D2602280;15/09/2025;NG_PEG;S;01/03/2027;31/03/2027;135,300;MWH;33,1470;EUR;EEX_CL;MATCHED
BO907135;D2607592;17/09/2025;NG_PEG;B;01/11/2027;31/01/2028;168,800;MWH;34,7850;EUR;MERCUR;MATCHED
BO990048;D9500048;01/06/2026;NG_PEG;B;01/09/2027;30/11/2027;795,400;MWH;32,6810;EUR;VITOL;MATCHED
BO908399;D2608938;01/06/2026;PWR_FR;B;01/04/2026;30/06/2026;861,200;MWH;76,0330;EUR;TOTALE;MATCHED
BO904257;D2604525;14/04/2026;PWR_FR;B;01/10/2026;31/10/2026;240,600;MWH;73,7280;EUR;SHELL_;MATCHED
BO901054;D2601121;30/07/2025;PWR_FR;B;01/06/2026;30/06/2026;374,000;MWH;64,0360;EUR;AXPO;MATCHED
BO905437;D2605797;05/09/2025;PWR_FR;B;01/03/2027;31/03/2027;170,300;MWH;80,5620;EUR;AXPO;MATCHED
BO906559;D2606981;17/02/2026;PWR_FR;B;01/12/2027;31/12/2027;156,700;MWH;115,8140;EUR;RWE;MATCHED
BO907230;D2607692;06/02/2026;PWR_FR;S;01/05/2026;31/05/2026;400,100;MWH;61,0810;EUR;ICE_EN;MATCHED
BO906005;D2606399;16/06/2025;PWR_FR;S;01/11/2027;31/01/2028;285,600;MWH;87,0230;EUR;EDF_TR;MATCHED
BO905171;D2605508;23/07/2026;PWR_FR;B;01/03/2026;31/03/2026;106,300;MWH;85,8380;EUR;UNIPER;MATCHED
BO904618;D2604913;25/08/2025;NG_PEG;S;01/09/2027;31/08/2028;312,600;MWH;32,3970;EUR;STATKR;MATCHED
BO904623;D2604918;02/10/2025;PWR_FR;S;01/07/2027;31/07/2027;270,600;MWH;55,7910;EUR;EDF_TR;MATCHED
BO901244;D2601322;19/06/2025;PWR_FR;B;01/10/2027;31/10/2027;436,700;MWH;75,3860;EUR;EEX_CL;MATCHED
BO905424;D2605783;08/01/2026;PWR_FR;B;01/02/2027;28/02/2027;308,400;MWH;90,0600;EUR;EEX_CL;MATCHED
BO990053;D9500053;24/09/2025;NG_PEG;B;01/06/2026;30/06/2026;388,700;MWH;27,2960;EUR;MERCUR;MATCHED
BO902247;D2602386;20/08/2025;PWR_FR;B;01/04/2026;30/04/2026;414,900;MWH;77,8320;EUR;SHELL_;MATCHED
BO904304;D2604575;14/08/2025;NG_PEG;B;01/10/2027;31/10/2027;62,400;MWH;28,3700;EUR;RWE;MATCHED
BO903146;D2603354;26/01/2026;PWR_FR;B;01/06/2026;30/06/2026;110,000;MWH;64,9510;EUR;UNIPER;MATCHED
BO907590;D2608073;16/04/2026;PWR_FR;S;01/08/2026;31/08/2026;275,200;MWH;74,2400;EUR;ICE_EN;MATCHED
BO902020;D2602150;12/05/2026;PWR_FR;B;01/10/2027;31/10/2027;348,200;MWH;75,9050;EUR;MERCUR;MATCHED
BO904367;D2604643;10/06/2025;NG_PEG;B;01/04/2027;30/04/2027;748,700;MWH;27,9480;EUR;SHELL_;MATCHED
BO903312;D2603530;29/04/2026;PWR_FR;B;01/07/2026;31/07/2026;79,100;MWH;56,0820;EUR;SHELL_;MATCHED
BO906997;D2607444;06/07/2026;NG_PEG;S;01/04/2027;30/04/2027;166,800;MWH;31,6460;EUR;TOTALE;MATCHED
BO908511;D2603963;31/03/2026;NG_PEG;B;01/08/2026;31/08/2026;256,700;MWH;28,1370;EUR;RWE;MATCHED
BO907958;D2608471;15/01/2026;PWR_FR;B;01/07/2026;31/07/2026;855,200;MWH;41,0640;EUR;EDF_TR;CXL
BO900869;D2600919;04/07/2025;NG_PEG;B;01/07/2026;31/07/2026;430,600;MWH;27,6450;EUR;STATKR;MATCHED
BO904538;D2604827;10/11/2025;NG_PEG;S;01/08/2026;31/08/2026;423,800;MWH;25,2310;EUR;AXPO;MATCHED
BO900610;D2600650;01/07/2025;PWR_FR;S;01/01/2026;31/01/2026;171,200;MWH;116,5810;EUR;STATKR;MATCHED
BO903600;D2603826;26/01/2026;PWR_FR;S;01/07/2026;31/07/2026;191,800;MWH;55,6610;EUR;TOTALE;MATCHED
BO901928;D2602055;21/01/2026;PWR_FR;B;01/08/2026;31/10/2026;148,500;MWH;58,7150;EUR;RWE;MATCHED
BO906075;D2606471;10/06/2025;NG_PEG;B;01/08/2027;31/08/2027;306,100;MWH;28,0730;EUR;VITOL;MATCHED
BO902086;D2602220;24/07/2025;PWR_FR;B;01/02/2027;28/02/2027;242,000;MWH;94,7100;EUR;EEX_CL;MATCHED
BO902794;D2602979;24/11/2025;NG_PEG;B;01/11/2026;30/11/2026;270,100;MWH;35,0600;EUR;TOTALE;MATCHED
BO907413;D2607886;31/12/2025;PWR_FR;S;01/08/2026;31/10/2026;145,000;MWH;60,8480;EUR;UNIPER;MATCHED
BO900265;D2600280;02/06/2025;NG_PEG;B;01/06/2027;30/06/2027;72,300;MWH;22,2440;EUR;TOTALE;MATCHED
BO904788;D2605103;27/01/2026;NG_PEG;B;01/02/2026;28/02/2026;492,000;MWH;35,4830;EUR;GUNVOR;MATCHED
BO905587;D2605957;25/09/2025;PWR_FR;B;01/07/2027;31/07/2027;238,000;MWH;58,2740;EUR;SHELL_;MATCHED
BO901172;D2601248;27/04/2026;PWR_FR;B;01/03/2026;31/03/2026;185,000;MWH;90,3060;EUR;VITOL;MATCHED
BO904768;D2605081;30/06/2025;NG_PEG;S;01/08/2027;31/07/2028;493,000;MWH;27,2200;EUR;EDF_TR;MATCHED
BO900465;D2600493;03/03/2026;PWR_FR;S;01/02/2026;28/02/2026;713,000;MWH;94,1630;EUR;GUNVOR;MATCHED
BO908022;D2608541;16/10/2025;NG_PEG;B;01/03/2026;31/03/2026;222,900;MWH;31,6720;EUR;TOTALE;MATCHED
BO902321;D2602466;11/06/2026;NG_PEG;B;01/02/2026;30/04/2026;151,700;MWH;38,0710;EUR;EEX_CL;MATCHED
BO905790;D2606175;16/06/2025;NG_PEG;S;01/04/2026;30/04/2026;330,000;MWH;30,3060;EUR;VITOL;MATCHED
BO905244;D2605589;25/06/2026;PWR_FR;S;01/10/2027;31/10/2027;99,200;MWH;59,5290;EUR;GUNVOR;MATCHED
BO901794;D2601906;13/08/2025;PWR_FR;B;01/11/2027;30/11/2027;105,200;MWH;87,1860;EUR;MERCUR;MATCHED
BO908875;D2601044;17/09/2025;PWR_FR;B;01/12/2027;31/12/2027;277,000;MWH;102,7930;EUR;GUNVOR;MATCHED
BO908092;D2608615;31/07/2025;PWR_FR;S;01/11/2027;30/11/2027;492,600;MWH;82,1720;EUR;EDF_TR;MATCHED
BO901190;D2601266;28/04/2026;PWR_FR;B;01/05/2026;31/05/2026;113,600;MWH;71,4600;EUR;ICE_EN;MATCHED
BO905458;D2605821;02/06/2025;PWR_FR;S;01/11/2026;30/11/2026;142,700;MWH;93,4750;EUR;GUNVOR;MATCHED
BO907792;D2608288;24/02/2026;PWR_FR;B;01/12/2027;30/11/2028;198,800;MWH;94,7760;EUR;VITOL;MATCHED
BO904777;D2605091;17/04/2026;NG_PEG;S;01/11/2026;30/11/2026;45,800;MWH;25,8380;EUR;VITOL;MATCHED
BO904351;D2604626;05/02/2026;PWR_FR;B;01/07/2027;31/07/2027;254,800;MWH;64,9410;EUR;RWE;MATCHED
BO904366;D2604641;24/04/2026;NG_PEG;S;01/06/2026;31/08/2026;485,000;MWH;19,5100;EUR;UNIPER;CXL
BO902120;D2602254;10/02/2026;PWR_FR;B;01/07/2027;31/07/2027;390,500;MWH;70,3360;EUR;RWE;MATCHED
BO902547;D2602708;06/10/2025;PWR_FR;B;01/10/2027;31/10/2027;565,800;MWH;66,9780;EUR;STATKR;MATCHED
BO901692;D2601799;05/09/2025;PWR_FR;S;01/09/2027;30/09/2027;101,400;MWH;60,3400;EUR;STATKR;MATCHED
BO902715;D2602887;09/12/2025;NG_PEG;B;01/05/2026;31/05/2026;683,800;MWH;26,5470;EUR;STATKR;MATCHED
BO905357;D2605711;24/10/2025;PWR_FR;S;01/12/2026;31/12/2026;134,700;MWH;99,0490;EUR;MERCUR;MATCHED
BO900675;D2600716;27/02/2026;PWR_FR;S;01/10/2027;31/12/2027;230,200;MWH;68,9610;EUR;TOTALE;MATCHED
BO907560;D2608039;05/01/2026;PWR_FR;B;01/09/2027;30/09/2027;57,200;MWH;74,9590;EUR;AXPO;MATCHED
BO907742;D2608232;16/01/2026;NG_PEG;B;01/05/2027;31/05/2027;179,500;MWH;30,5850;EUR;RWE;MATCHED
BO905506;D2605873;22/06/2026;PWR_FR;B;01/09/2026;30/11/2026;362,500;MWH;62,7840;EUR;ICE_EN;MATCHED
BO900238;D2600252;30/12/2025;NG_PEG;S;01/02/2027;28/02/2027;156000,000;KWH;34,5220;EUR;TOTALE;MATCHED
BO908472;D2605653;10/07/2025;NG_PEG;S;01/03/2026;31/05/2026;849,400;MWH;40,8720;EUR;RWE;MATCHED
BO900921;D2600973;08/04/2026;NG_PEG;S;01/09/2027;30/09/2027;325,900;MWH;28,8510;EUR;GUNVOR;CXL
BO903290;D2603507;17/03/2026;NG_PEG;S;01/05/2026;31/05/2026;865,200;MWH;28,9340;EUR;TOTALE;MATCHED
BO907879;D2608386;01/05/2026;PWR_FR;B;01/03/2027;31/05/2027;173,000;MWH;81,3790;EUR;UNIPER;MATCHED
BO905046;D2605375;23/02/2026;NG_PEG;S;01/05/2027;31/07/2027;134,300;MWH;30,3960;EUR;ICE_EN;MATCHED
BO908553;D2600281;03/03/2026;PWR_FR;B;01/07/2026;31/07/2026;357,700;MWH;45,6730;EUR;MERCUR;MATCHED
BO901998;D2602128;14/11/2025;NG_PEG;S;01/08/2027;31/08/2027;357,600;MWH;22,2740;EUR;MERCUR;MATCHED
BO907222;D2607683;09/03/2026;PWR_FR;B;01/08/2027;31/08/2027;73,800;MWH;61,8570;EUR;UNIPER;MATCHED
BO905850;D2606238;10/12/2025;PWR_FR;B;01/10/2027;31/10/2027;330,100;MWH;74,7330;EUR;VITOL;MATCHED
BO902543;D2602704;05/05/2026;PWR_FR;S;01/06/2026;30/06/2026;399,900;MWH;63,5060;EUR;STATKR;MATCHED
BO905637;D2606014;10/03/2026;PWR_FR;S;01/12/2026;31/12/2026;290,900;MWH;85,1520;EUR;EDF_TR;MATCHED
BO900177;D2600188;11/12/2025;PWR_FR;S;01/11/2027;30/11/2027;708,800;MWH;95,2360;EUR;GUNVOR;MATCHED
BO900611;D2600651;17/03/2026;PWR_FR;S;01/09/2027;30/09/2027;537,100;MWH;61,3630;EUR;UNIPER;MATCHED
BO902084;D2602218;29/09/2025;PWR_FR;B;01/06/2027;30/06/2027;398,000;MWH;53,3070;EUR;GUNVOR;MATCHED
BO902343;D2602489;02/06/2026;PWR_FR;S;01/11/2027;30/11/2027;556,400;MWH;92,4080;EUR;UNIPER;MATCHED
BO905406;D2605765;20/01/2026;NG_PEG;S;01/11/2026;30/11/2026;399,000;MWH;32,1430;EUR;EDF_TR;CXL
BO901086;D2601156;26/03/2026;PWR_FR;S;01/04/2027;30/04/2027;575,800;MWH;91,3840;EUR;STATKR;MATCHED
BO904354;D2604629;15/06/2026;NG_PEG;S;01/12/2026;31/12/2026;159,400;MWH;41,9900;EUR;TOTALE;MATCHED
BO900462;D2600490;12/11/2025;PWR_FR;B;01/04/2027;30/04/2027;89,800;MWH;75,9800;EUR;STATKR;MATCHED
BO904708;D2605016;04/12/2025;NG_PEG;B;01/03/2026;31/03/2026;73,200;MWH;34,8570;EUR;EEX_CL;MATCHED
BO904745;D2605056;30/09/2025;PWR_FR;B;01/08/2027;31/08/2027;242,900;MWH;65,8600;EUR;VITOL;MATCHED
BO908362;D2608900;17/03/2026;NG_PEG;B;01/10/2026;31/10/2026;1193,000;MWH;33,6920;EUR;TOTALE;MATCHED
BO900473;D2600503;02/09/2025;NG_PEG;S;01/01/2027;31/01/2027;214,200;MWH;40,4960;EUR;GUNVOR;MATCHED
BO901716;D2601824;19/01/2026;PWR_FR;B;01/03/2027;29/02/2028;887,400;MWH;83,4570;EUR;GUNVOR;MATCHED
BO908280;D2608814;28/04/2026;NG_PEG;S;01/02/2026;28/02/2026;27,000;MWH;41,6930;EUR;RWE;MATCHED
BO900330;D2600350;17/04/2026;NG_PEG;B;01/07/2026;31/07/2026;67,900;MWH;27,1270;EUR;VITOL;MATCHED
BO905225;D2605567;14/07/2026;NG_PEG;B;01/01/2027;31/01/2027;72,400;MWH;37,4600;EUR;VITOL;MATCHED
BO900183;D2600194;25/07/2025;PWR_FR;B;01/06/2027;31/05/2028;400,900;MWH;65,9520;EUR;UNIPER;MATCHED
BO904530;D2604819;11/06/2025;PWR_FR;S;01/04/2027;30/06/2027;318,900;MWH;91,6480;EUR;SHELL_;MATCHED
BO901969;D2602097;26/03/2026;PWR_FR;B;01/11/2026;30/11/2026;591,700;MWH;99,0100;EUR;EDF_TR;CXL
BO908310;D2608845;23/07/2025;NG_PEG;B;01/07/2026;31/07/2026;512,500;MWH;24,2190;EUR;EEX_CL;MATCHED
BO900938;D2600991;17/06/2026;PWR_FR;S;01/06/2027;31/08/2027;1116,800;MWH;63,7910;EUR;EEX_CL;MATCHED
BO904950;D2605276;14/04/2026;PWR_FR;B;01/12/2026;31/12/2026;323,200;MWH;87,0230;EUR;ICE_EN;MATCHED
BO906779;D2607212;29/01/2026;PWR_FR;S;01/10/2026;30/09/2027;196,600;MWH;67,6870;EUR;STATKR;MATCHED
BO908616;D2606575;05/06/2026;NG_PEG;B;01/07/2026;31/07/2026;1279,100;MWH;28,7430;EUR;EEX_CL;MATCHED
BO902844;D2603032;11/06/2025;NG_PEG;S;01/02/2026;28/02/2026;143,700;MWH;36,3576;EUR;EDF_TR;MATCHED
BO902332;D2602477;11/07/2025;PWR_FR;B;01/01/2027;31/01/2027;1381,600;MWH;91,5760;EUR;EDF_TR;MATCHED
BO902017;D2602147;11/06/2025;NG_PEG;B;01/09/2027;30/09/2027;235,200;MWH;31,7710;EUR;STATKR;MATCHED
BO906041;D2606436;06/03/2026;PWR_FR;B;01/06/2026;30/06/2026;75,100;MWH;68,9820;EUR;EEX_CL;MATCHED
BO902311;D2602455;20/06/2025;PWR_FR;S;01/09/2026;30/09/2026;89,800;MWH;78,0470;EUR;VITOL;MATCHED
BO907226;D2607687;08/12/2025;NG_PEG;S;01/06/2026;31/08/2026;162,500;MWH;27,2860;EUR;SHELL_;MATCHED
BO908171;D2608698;12/01/2026;PWR_FR;S;01/01/2027;31/01/2027;52,100;MWH;98,5010;EUR;GUNVOR;MATCHED
BO904407;D2604687;27/01/2026;PWR_FR;B;01/11/2027;30/11/2027;81,900;MWH;89,8450;EUR;RWE;MATCHED
BO904661;D2604960;17/12/2025;PWR_FR;B;01/08/2026;31/07/2027;52,300;MWH;58,0890;EUR;TOTALE;MATCHED
BO905649;D2606026;28/11/2025;NG_PEG;B;01/03/2027;31/03/2027;399,800;MWH;29,7440;EUR;UNIPER;MATCHED
BO904187;D2604450;24/09/2025;PWR_FR;B;01/02/2027;30/04/2027;1071,000;MWH;93,4700;EUR;TOTALE;MATCHED
BO905267;D2605614;06/02/2026;PWR_FR;S;01/05/2027;31/07/2027;161,600;MWH;77,3860;EUR;SHELL_;MATCHED
BO900718;D2600760;14/11/2025;PWR_FR;S;01/03/2026;31/03/2026;394,800;MWH;98,4580;EUR;MERCUR;MATCHED
BO907461;D2607934;11/06/2026;PWR_FR;B;01/12/2027;31/12/2027;88,200;MWH;92,7620;EUR;EEX_CL;MATCHED
BO903780;D2604020;21/01/2026;PWR_FR;S;01/10/2026;31/10/2026;51,100;MWH;73,1800;EUR;STATKR;MATCHED
BO902643;D2602809;26/06/2026;NG_PEG;B;01/11/2027;30/11/2027;168900,000;KWH;29,4330;EUR;TOTALE;MATCHED
BO902577;D2602741;21/07/2026;NG_PEG;S;01/09/2026;30/09/2026;165,800;MWH;23,4520;EUR;ICE_EN;MATCHED
BO908105;D2608628;10/10/2025;NG_PEG;B;01/02/2026;28/02/2026;60,800;MWH;30,9860;EUR;SHELL_;MATCHED
BO905465;D2605828;30/03/2026;NG_PEG;B;01/08/2027;31/08/2027;137,100;MWH;23,2130;EUR;EEX_CL;MATCHED
BO906846;D2607285;29/08/2025;NG_PEG;S;01/03/2026;28/02/2027;53,900;MWH;33,2570;EUR;EEX_CL;MATCHED
BO902617;D2602783;15/10/2025;PWR_FR;S;01/04/2027;30/04/2027;495,700;MWH;75,2250;EUR;ICE_EN;MATCHED
BO907781;D2608275;19/09/2025;PWR_FR;B;01/11/2027;31/01/2028;245,600;MWH;75,3950;EUR;EDF_TR;MATCHED
BO903588; D2603813;09/06/2026;PWR_FR;S;01/07/2027;31/07/2027;248,200;MWH;65,7440;EUR;GUNVOR;MATCHED
BO902306; D2602450;25/09/2025;NG_PEG;B;01/01/2027;31/01/2027;238,500;MWH;40,3740;EUR;MERCUR;MATCHED
BO905673;D2606051;06/05/2026;PWR_FR;B;01/07/2026;31/07/2026;459,400;MWH;69,9630;EUR;EEX_CL;MATCHED
BO903274;D2603491;06/08/2025;PWR_FR;S;01/06/2027;31/08/2027;1296,000;MWH;56,6460;EUR;AXPO;MATCHED
BO903413; D2603631;12/06/2025;NG_PEG;B;01/10/2027;31/10/2027;386,100;MWH;31,5040;EUR;STATKR;MATCHED
BO907537;D2608012;06/04/2026;PWR_FR;B;01/12/2026;28/02/2027;232,800;MWH;90,3090;EUR;GUNVOR;MATCHED
BO903763;D2603999;08/12/2025;PWR_FR;B;01/12/2026;31/12/2026;146,100;MWH;105,9550;EUR;VITOL;MATCHED
BO905633;D2606010;29/05/2026;PWR_FR;S;01/06/2027;30/06/2027;712,200;MWH;63,2240;EUR;MERCUR;MATCHED
BO906406;D2606824;23/03/2026;NG_PEG;S;01/06/2026;30/06/2026;489,200;MWH;27,4280;EUR;VITOL;MATCHED
BO901848;D2601965;24/03/2026;PWR_FR;B;01/06/2026;30/06/2026;79,500;MWH;66,8600;EUR;AXPO;MATCHED
BO906972;D2607417;12/09/2025;PWR_FR;B;01/10/2026;31/10/2026;543,000;MWH;72,9510;EUR;VITOL;MATCHED
BO902213;D2602351;21/07/2025;PWR_FR;S;01/11/2027;30/11/2027;40,300;MWH;80,0880;EUR;AXPO;MATCHED
BO907145;D2607602;05/06/2025;PWR_FR;S;01/04/2026;30/04/2026;689,600;MWH;69,4850;EUR;GUNVOR;MATCHED
BO903490;D2603710;28/10/2025;PWR_FR;B;01/07/2026;31/07/2026;151,500;MWH;64,4980;EUR;AXPO;MATCHED
BO902221;D2602359;14/01/2026;PWR_FR;B;01/02/2026;30/04/2026;111,800;MWH;85,3360;EUR;GUNVOR;MATCHED
BO901865;D2601987;26/08/2025;PWR_FR;B;01/02/2027;28/02/2027;125,600;MWH;102,6980;EUR;SHELL_;MATCHED
BO990047;D9500047;03/06/2025;PWR_FR;S;01/07/2027;30/09/2027;130,600;MWH;63,7300;EUR;EEX_CL;MATCHED
BO901738;D2601847;22/01/2026;NG_PEG;B;01/05/2027;31/07/2027;380,800;MWH;29,7280;EUR;VITOL;MATCHED
BO902791;D2602976;07/01/2026;PWR_FR;B;01/02/2026;28/02/2026;296,600;MWH;81,5330;EUR;RWE;MATCHED
BO900811;D2600857;22/12/2025;NG_PEG;B;01/03/2027;31/03/2027;103,200;MWH;29,8630;EUR;SHELL_;MATCHED
BO900498;D2600532;18/06/2026;NG_PEG;B;01/02/2026;31/01/2027;93,000;MWH;35,9060;EUR;UNIPER;MATCHED
BO906644;D2607072;21/01/2026;NG_PEG;S;01/09/2026;30/09/2026;68,600;MWH;26,9680;EUR;EEX_CL;MATCHED
BO902816;D2603003;01/01/2026;NG_PEG;B;01/07/2026;31/07/2026;83,000;MWH;23,9940;EUR;EDF_TR;MATCHED
BO906506;D2606926;09/04/2026;PWR_FR;S;01/06/2027;30/06/2027;515,600;MWH;51,7380;EUR;SHELL_;MATCHED
BO903470;D2603688;18/07/2025;PWR_FR;B;01/01/2027;31/03/2027;111,100;MWH;93,6220;EUR;SHELL_;MATCHED
BO902099;D2602233;02/06/2025;PWR_FR;B;01/12/2027;31/12/2027;79,000;MWH;72,8480;EUR;SHELL_;MATCHED
BO902193;D2602331;04/07/2025;NG_PEG;B;01/04/2026;30/06/2026;172,000;MWH;36,6070;EUR;VITOL;MATCHED
BO900657;D2600698;05/02/2026;NG_PEG;S;01/03/2026;31/03/2026;109,600;MWH;33,7920;EUR;AXPO;MATCHED
BO901439;D2601531;27/03/2026;PWR_FR;B;01/07/2026;31/07/2026;303,700;MWH;62,0290;EUR;EDF_TR;MATCHED
BO906703;D2607135;25/07/2025;PWR_FR;S;01/05/2027;31/05/2027;192,100;MWH;65,9450;EUR;VITOL;MATCHED
BO905240;D2605584;02/06/2026;PWR_FR;B;01/02/2026;30/04/2026;403,200;MWH;94,7750;EUR;EEX_CL;MATCHED
BO907557;D2608035;26/06/2025;NG_PEG;S;01/07/2026;30/09/2026;216,600;MWH;24,1460;EUR;EDF_TR;MATCHED
BO905099;D2605431;12/12/2025;PWR_FR;B;01/02/2026;28/02/2026;221,600;MWH;103,9740;EUR;UNIPER;MATCHED
BO902118;D2602252;05/08/2025;PWR_FR;B;01/11/2027;31/10/2028;332,300;MWH;90,7710;EUR;STATKR;MATCHED
BO906310;D2606723;30/06/2025;PWR_FR;S;01/05/2026;31/07/2026;94,500;MWH;71,7410;EUR;VITOL;MATCHED
BO906129;D2606529;04/12/2025;NG_PEG;S;01/06/2026;31/08/2026;353,700;MWH;29,3640;EUR;EEX_CL;MATCHED
BO901952;D2602079;08/05/2026;NG_PEG;S;01/08/2026;31/08/2026;100,700;MWH;26,6020;EUR;VITOL;MATCHED
BO900412;D2600436;22/01/2026;NG_PEG;S;01/02/2026;28/02/2026;155,700;MWH;38,6510;EUR;SHELL_;MATCHED
BO903041;D2603244;11/09/2025;NG_PEG;S;01/10/2027;31/10/2027;63,500;MWH;31,8200;EUR;SHELL_;MATCHED
BO904511;D2604799;15/09/2025;NG_PEG;B;01/11/2026;31/01/2027;833,000;MWH;32,6950;EUR;MERCUR;MATCHED
BO903196;D2603407;04/05/2026;NG_PEG;B;01/09/2027;30/11/2027;396,900;MWH;25,9650;EUR;AXPO;MATCHED
BO906411;D2606829;14/07/2026;NG_PEG;B;01/07/2026;30/09/2026;213,100;MWH;25,5890;EUR;SHELL_;MATCHED
BO905978;D2606372;22/01/2026;PWR_FR;S;01/01/2026;31/03/2026;151,500;MWH;75,1050;EUR;TOTALE;MATCHED
BO903769;D2604006;09/01/2026;NG_PEG;S;01/12/2026;31/12/2026;63,500;MWH;33,5510;EUR;STATKR;MATCHED
BO903867;D2604111;03/06/2026;PWR_FR;B;01/04/2026;30/06/2026;619,000;MWH;52,8580;EUR;STATKR;MATCHED
BO908467;D2605803;19/02/2026;PWR_FR;S;01/08/2027;31/08/2027;198,600;MWH;68,3310;EUR;EDF_TR;MATCHED
BO906200;D2606605;09/07/2026;NG_PEG;S;01/02/2026;28/02/2026;549,700;MWH;37,1820;EUR;VITOL;MATCHED
BO902863;D2603052;17/06/2026;PWR_FR;S;01/11/2026;30/11/2026;165,200;MWH;91,2410;EUR;RWE;MATCHED
BO902482;D2602636;20/08/2025;PWR_FR;B;01/09/2026;30/09/2026;296,800;MWH;69,8000;EUR;EDF_TR;MATCHED
BO908327;D2608863;17/12/2025;PWR_FR;S;01/07/2027;30/06/2028;55,000;MWH;56,3630;EUR;TOTALE;MATCHED
BO905257;D2605603;24/06/2026;PWR_FR;B;01/01/2027;31/01/2027;64,600;MWH;100,2780;EUR;EEX_CL;MATCHED
BO907117;D2607573;05/05/2026;NG_PEG;S;01/05/2027;31/05/2027;119,000;MWH;26,8060;EUR;EEX_CL;MATCHED
BO907479;D2607952;05/11/2025;NG_PEG;S;01/05/2026;31/05/2026;154,000;MWH;31,1280;EUR;RWE;MATCHED
BO903842;D2604084;29/07/2025;NG_PEG;S;01/03/2026;31/03/2026;1023,600;MWH;43,3170;EUR;AXPO;MATCHED
BO907366;D2607835;15/08/2025;NG_PEG;B;01/09/2027;30/09/2027;153,200;MWH;24,1450;EUR;EDF_TR;MATCHED
BO904607;D2604901;02/02/2026;PWR_FR;B;01/09/2026;30/11/2026;245,400;MWH;83,4730;EUR;ICE_EN;MATCHED
BO900714;D2600756;21/07/2025;NG_PEG;B;01/02/2026;28/02/2026;698,600;MWH;36,1890;EUR;GUNVOR;MATCHED
BO904386;D2604665;13/07/2026;PWR_FR;S;01/09/2027;30/09/2027;110,500;MWH;61,3000;EUR;TOTALE;MATCHED
BO901735;D2601844;21/10/2025;PWR_FR;B;01/11/2026;30/11/2026;522,700;MWH;88,6340;EUR;GUNVOR;MATCHED
BO903016;D2603218;20/03/2026;NG_PEG;B;01/09/2027;30/11/2027;322,500;MWH;29,3650;EUR;MERCUR;MATCHED
BO900040;D2600043;02/06/2025;PWR_FR;S;01/07/2026;30/09/2026;207,900;MWH;64,5040;EUR;EDF_TR;MATCHED
BO908682;D2603860;22/05/2026;PWR_FR;B;01/12/2027;29/02/2028;71,000;MWH;85,8220;EUR;EDF_TR;MATCHED
BO903679;D2603909;14/10/2025;NG_PEG;S;01/11/2026;30/11/2026;397,800;MWH;34,8760;EUR;VITOL;MATCHED
BO907855;D2608356;18/03/2026;PWR_FR;B;01/03/2027;31/03/2027;497,800;MWH;77,5960;EUR;GUNVOR;MATCHED
BO903006;d2603208;11/11/2025;PWR_FR;B;01/02/2026;28/02/2026;80,000;MWH;75,8350;EUR;EEX_CL;MATCHED
BO900190;D02600202;09/10/2025;PWR_FR;B;01/08/2026;31/07/2027;245,100;MWH;53,8760;EUR;STATKR;MATCHED
BO901118;d2601190;02/04/2026;PWR_FR;B;01/05/2027;30/04/2028;265,000;MWH;66,2880;EUR;STATKR;MATCHED
BO908688;D2608950;09/06/2026;PWR_FR;B;01/04/2026;31/03/2027;757,500;MWH;70,2620;EUR;AXPO;MATCHED
BO901954;D2602081;25/02/2026;NG_PEG;B;01/09/2026;30/09/2026;286,800;MWH;23,6610;EUR;VITOL;MATCHED
BO903405;D2603623;27/04/2026;PWR_FR;S;01/12/2027;31/12/2027;201,100;MWH;104,9140;EUR;GUNVOR;MATCHED
BO906669;D2607100;25/12/2025;NG_PEG;S;01/08/2026;31/08/2026;111,200;MWH;20,9030;EUR;UNIPER;MATCHED
BO901612;D2601717;24/11/2025;PWR_FR;S;01/07/2027;30/09/2027;83,600;MWH;58,1420;EUR;TOTALE;MATCHED
BO903623;D2603851;17/03/2026;PWR_FR;B;01/11/2027;30/11/2027;373,300;MWH;94,1480;EUR;MERCUR;MATCHED
BO908595;D2606569;20/08/2025;PWR_FR;S;01/08/2027;31/10/2027;114,800;MWH;62,9170;EUR;EEX_CL;MATCHED
BO906585;D2607010;12/05/2026;PWR_FR;B;01/08/2027;31/08/2027;165,700;MWH;64,1610;EUR;EEX_CL;MATCHED
BO901520;D2601618;11/12/2025;PWR_FR;B;01/03/2027;29/02/2028;343,100;MWH;82,6130;EUR;EEX_CL;MATCHED
BO901398;D2601487;20/07/2026;NG_PEG;B;01/02/2027;31/01/2028;80,800;MWH;34,0210;EUR;GUNVOR;MATCHED
BO900521;D2600556;17/02/2026;NG_PEG;S;01/08/2026;31/10/2026;675,700;MWH;27,1450;EUR;RWE;MATCHED
BO903360;D2603578;24/10/2025;PWR_FR;B;01/01/2026;31/03/2026;163,200;MWH;97,0220;EUR;SHELL_;MATCHED
BO907545;D2608021;01/07/2026;PWR_FR;B;01/11/2026;30/11/2026;264,800;MWH;81,6960;EUR;EDF_TR;MATCHED
BO902697;D2602869;27/03/2026;PWR_FR;S;01/12/2027;29/02/2028;323,000;MWH;105,4300;EUR;UNIPER;MATCHED
BO901585;D2601689;22/04/2026;NG_PEG;B;01/04/2026;30/04/2026;294,600;MWH;30,3420;EUR;AXPO;MATCHED
BO905532;D2605900;21/10/2025;PWR_FR;B;01/01/2027;31/01/2027;421,400;MWH;104,0820;EUR;UNIPER;MATCHED
BO900972;D2601027;15/08/2025;PWR_FR;S;01/02/2027;30/04/2027;472,800;MWH;91,9120;EUR;GUNVOR;MATCHED
BO906339;D2606754;06/02/2026;PWR_FR;S;01/05/2027;31/07/2027;495,100;MWH;66,8160;EUR;STATKR;MATCHED
BO903379;D2603597;24/10/2025;PWR_FR;S;01/11/2027;30/11/2027;154,100;MWH;97,3790;EUR;UNIPER;MATCHED
BO902722;D2602894;27/04/2026;PWR_FR;B;01/12/2026;28/02/2027;185,400;MWH;76,8880;EUR;EEX_CL;MATCHED
BO902161;D2602297;15/04/2026;PWR_FR;B;01/11/2026;30/11/2026;220,400;MWH;95,0050;EUR;MERCUR;MATCHED
BO906346;D2606761;09/10/2025;PWR_FR;S;01/04/2026;30/04/2026;714,100;MWH;93,6990;EUR;EEX_CL;MATCHED
BO907007;D2607455;01/06/2026;PWR_FR;B;01/05/2027;31/07/2027;124,200;MWH;59,4070;EUR;GUNVOR;MATCHED
BO906262;D2606672;11/05/2026;NG_PEG;S;01/12/2026;31/12/2026;77,000;MWH;37,3510;EUR;TOTALE;MATCHED
BO902867;D2603056;01/01/2026;NG_PEG;S;01/08/2026;31/08/2026;605,500;MWH;26,9940;EUR;RWE;MATCHED
BO904159;D2604421;14/10/2025;NG_PEG;S;01/05/2026;31/05/2026;408,000;MWH;26,7421;EUR;EEX_CL;MATCHED
BO902005;D2602135;15/08/2025;PWR_FR;B;01/02/2027;28/02/2027;189,500;MWH;104,8190;EUR;VITOL;MATCHED
BO906640;D2607067;13/04/2026;PWR_FR;B;01/05/2026;31/07/2026;240,100;MWH;66,7520;EUR;UNIPER;MATCHED
BO902634;D2602800;03/09/2025;PWR_FR;S;01/09/2027;30/09/2027;65800,000;KWH;84,2720;EUR;SHELL_;MATCHED
BO905523;D2605890;13/03/2026;PWR_FR;B;01/11/2026;31/01/2027;237,600;MWH;97,9020;EUR;EEX_CL;MATCHED
BO902601;D2602767;25/08/2025;PWR_FR;S;01/09/2027;30/11/2027;1701,300;MWH;61,9280;EUR;ICE_EN;MATCHED
BO902711;D2602883;03/04/2026;PWR_FR;S;01/09/2027;30/09/2027;242,100;MWH;73,5850;EUR;RWE;MATCHED
BO901649;D2601755;03/06/2025;NG_PEG;S;01/10/2027;31/12/2027;70,600;MWH;30,9880;EUR;MERCUR;MATCHED
BO908766;D2602493;03/09/2025;PWR_FR;B;01/12/2026;31/12/2026;228,900;MWH;94,5730;EUR;AXPO;MATCHED
BO903200;D2603413;17/09/2025;PWR_FR;S;01/11/2027;30/11/2027;145,500;MWH;82,7850;EUR;VITOL;MATCHED
BO902168;D2602304;12/06/2025;PWR_FR;B;01/08/2026;31/08/2026;625,200;MWH;71,0120;EUR;TOTALE;MATCHED
BO901938;D2602065;14/10/2025;NG_PEG;S;01/01/2026;31/01/2026;284,100;MWH;41,2250;EUR;EEX_CL;MATCHED
BO904895;D2605217;31/03/2026;PWR_FR;S;01/06/2027;30/06/2027;143,900;MWH;67,1850;EUR;VITOL;MATCHED
BO902252;D2602391;26/09/2025;PWR_FR;S;01/06/2027;31/08/2027;303,400;MWH;67,8850;EUR;RWE;MATCHED
BO908159;D2608686;03/11/2025;NG_PEG;S;01/05/2027;31/05/2027;489,500;MWH;27,5820;EUR;STATKR;MATCHED
BO900555;D2600592;15/05/2026;NG_PEG;B;01/06/2027;31/08/2027;590,300;MWH;28,7410;EUR;EDF_TR;MATCHED
BO903642;D2603871;13/07/2026;NG_PEG;S;01/02/2027;30/04/2027;247,500;MWH;35,4070;EUR;AXPO;MATCHED
BO907294;D2607761;27/06/2025;PWR_FR;S;01/03/2026;31/03/2026;62,300;MWH;99,8730;EUR;AXPO;CXL
BO900285;D2600302;18/12/2025;PWR_FR;S;01/12/2027;31/12/2027;159,100;MWH;98,1720;EUR;GUNVOR;MATCHED
BO904050;D2604307;25/03/2026;PWR_FR;S;01/03/2027;31/05/2027;55,200;MWH;93,9880;EUR;STATKR;MATCHED
BO903605;D2603832;18/07/2025;PWR_FR;S;01/02/2026;28/02/2026;97,000;MWH;86,1750;EUR;GUNVOR;MATCHED
BO900853;D2600901;02/07/2026;NG_PEG;B;01/07/2026;30/09/2026;332,800;MWH;22,9010;EUR;EEX_CL;MATCHED
BO901210;D2601286;06/04/2026;NG_PEG;S;01/03/2026;31/03/2026;118,900;MWH;33,4910;EUR;RWE;MATCHED
BO908077;D2608597;24/07/2026;NG_PEG;S;01/09/2027;30/09/2027;453,200;MWH;27,5530;EUR;EEX_CL;MATCHED
BO901170;D2601246;19/08/2025;PWR_FR;B;01/03/2027;31/03/2027;187,500;MWH;98,5530;EUR;STATKR;MATCHED
BO902713;D2602885;04/05/2026;NG_PEG;S;01/12/2026;31/12/2026;39,400;MWH;41,7030;EUR;RWE;MATCHED
BO906665;D2607095;09/10/2025;NG_PEG;B;01/08/2026;31/07/2027;89,900;MWH;24,3010;EUR;SHELL_;MATCHED
BO900997;D2601056;29/04/2026;PWR_FR;B;01/11/2026;31/10/2027;430,600;MWH;90,3740;EUR;SHELL_;MATCHED
BO901933;D2602060;17/09/2025;NG_PEG;S;01/04/2027;31/03/2028;512,400;MWH;32,1840;EUR;TOTALE;MATCHED
BO900609;D2600649;20/10/2025;NG_PEG;B;01/07/2027;30/09/2027;295,400;MWH;20,7370;EUR;EEX_CL;MATCHED
BO908014;D2608533;08/09/2025;PWR_FR;B;01/01/2027;31/01/2027;730,200;MWH;91,5770;EUR;EEX_CL;MATCHED
BO902770;D2602950;28/10/2025;NG_PEG;S;01/01/2026;31/03/2026;407,300;MWH;40,3750;EUR;EDF_TR;MATCHED
BO901143;D2601218;14/10/2025;PWR_FR;B;01/02/2027;28/02/2027;77,100;MWH;90,8880;EUR;RWE;MATCHED
BO903494;D2603714;29/04/2026;PWR_FR;S;01/08/2027;31/07/2028;208,500;MWH;54,4110;EUR;UNIPER;CXL
BO902855;D2603043;25/11/2025;PWR_FR;B;01/06/2027;30/06/2027;147,300;MWH;82,1580;EUR;STATKR;MATCHED
BO901406;D2601495;23/06/2025;NG_PEG;S;01/12/2027;31/12/2027;271,100;MWH;31,1480;EUR;STATKR;MATCHED
BO907389;D2607860;10/06/2026;PWR_FR;S;01/10/2027;30/09/2028;620,100;MWH;74,9100;EUR;EDF_TR;MATCHED
BO908010;D2608529;19/06/2026;NG_PEG;B;01/09/2027;30/09/2027;565,000;MWH;26,5190;EUR;VITOL;MATCHED
BO901237;D2601314;15/09/2025;PWR_FR;S;01/05/2026;31/05/2026;119,100;MWH;62,3690;EUR;ICE_EN;MATCHED
BO900882;D2600933;03/04/2026;PWR_FR;S;01/03/2027;31/03/2027;38,700;MWH;88,5220;EUR;EDF_TR;MATCHED
BO907095;D2607549;27/05/2026;PWR_FR;B;01/05/2027;31/07/2027;147,500;MWH;56,0690;EUR;AXPO;MATCHED
BO904905;D2605227;20/02/2026;PWR_FR;B;01/10/2027;31/10/2027;64,100;MWH;77,0360;EUR;MERCUR;MATCHED
BO904520;D2604809;08/12/2025;PWR_FR;B;01/11/2026;31/01/2027;60,000;MWH;91,4160;EUR;AXPO;MATCHED
BO902447;D2602601;11/07/2025;NG_PEG;S;01/08/2026;31/10/2026;58,100;MWH;26,3260;EUR;AXPO;CXL
BO907737;D2608226;20/05/2026;PWR_FR;S;01/03/2027;31/03/2027;431,400;MWH;93,7610;EUR;UNIPER;MATCHED
BO900787;D2600829;04/09/2025;PWR_FR;S;01/10/2026;31/10/2026;807,700;MWH;76,6760;EUR;AXPO;MATCHED
BO902943;D2603138;31/07/2025;NG_PEG;B;01/02/2027;30/04/2027;185,000;MWH;33,6970;EUR;ICE_EN;MATCHED
BO907729;D2608218;09/07/2025;PWR_FR;B;01/01/2027;31/03/2027;328,800;MWH;91,1640;EUR;VITOL;MATCHED
BO902505;D2602663;09/06/2025;NG_PEG;S;01/10/2026;31/10/2026;351,500;MWH;32,7550;EUR;EDF_TR;MATCHED
BO901637;D2601743;25/09/2025;PWR_FR;S;01/10/2026;31/10/2026;249,900;MWH;74,1450;EUR;ICE_EN;MATCHED
BO908829;D2602913;09/07/2026;PWR_FR;S;01/05/2027;31/05/2027;488,800;MWH;60,9790;EUR;MERCUR;MATCHED
BO906979;D2607424;06/01/2026;PWR_FR;S;01/04/2026;30/06/2026;600,100;MWH;63,4180;EUR;GUNVOR;MATCHED
BO903548;D2603770;31/03/2026;PWR_FR;S;01/05/2026;31/05/2026;50,300;MWH;80,1210;EUR;ICE_EN;MATCHED
BO902353;D2602501;22/01/2026;PWR_FR;S;01/12/2026;31/12/2026;248,900;MWH;77,3000;EUR;UNIPER;MATCHED
BO905134;D2605468;28/05/2026;PWR_FR;B;01/04/2026;31/03/2027;139,800;MWH;101,9070;EUR;EDF_TR;MATCHED
BO901246;D2601324;06/08/2025;NG_PEG;B;01/10/2026;31/10/2026;329,500;MWH;29,6980;EUR;STATKR;MATCHED
BO905050;D2605379;28/01/2026;PWR_FR;S;01/07/2027;31/07/2027;581,000;MWH;53,2280;EUR;MERCUR;MATCHED
BO907580;D2608063;25/06/2026;PWR_FR;S;01/05/2026;31/05/2026;94,100;MWH;73,4680;EUR;AXPO;MATCHED
BO903577; D2603801;13/06/2025;PWR_FR;S;01/11/2027;30/11/2027;1042,300;MWH;82,5840;EUR;TOTALE;MATCHED
BO901196;D2601272;23/01/2026;PWR_FR;B;01/04/2026;30/06/2026;195,400;MWH;76,0170;EUR;AXPO;MATCHED
BO906445;D2606864;18/12/2025;NG_PEG;B;01/08/2026;31/08/2026;359,800;MWH;25,8390;EUR;TOTALE;MATCHED
BO904717;D2605026;22/09/2025;NG_PEG;B;01/06/2026;30/06/2026;73,400;MWH;27,0950;EUR;MERCUR;MATCHED
BO905486;D2605851;26/08/2025;NG_PEG;B;01/12/2026;28/02/2027;231,000;MWH;39,7220;EUR;STATKR;MATCHED
BO900504;D2600538;14/01/2026;PWR_FR;S;01/03/2027;31/03/2027;480,900;MWH;83,8990;EUR;UNIPER;MATCHED
BO901446;D2601538;30/03/2026;NG_PEG;S;01/12/2027;31/12/2027;144,900;MWH;33,3020;EUR;ICE_EN;MATCHED
BO903133;D2603341;20/06/2025;NG_PEG;B;01/01/2027;31/01/2027;251100,000;KWH;49,4630;EUR;RWE;MATCHED
BO902439;D2602593;11/12/2025;PWR_FR;B;01/06/2027;30/06/2027;102,300;MWH;42,3560;EUR;VITOL;MATCHED
BO904834;D2605152;21/08/2025;PWR_FR;B;01/05/2026;31/05/2026;129,800;MWH;73,8420;EUR;TOTALE;MATCHED
BO905957;D2606350;04/07/2025;PWR_FR;B;01/08/2027;31/10/2027;152,800;MWH;57,7820;EUR;AXPO;MATCHED
BO905391;D2605749;11/05/2026;PWR_FR;B;01/01/2027;31/03/2027;122,100;MWH;99,0580;EUR;TOTALE;MATCHED
BO907241;D2607703;25/11/2025;NG_PEG;B;01/12/2026;31/12/2026;188,800;MWH;43,6720;EUR;VITOL;MATCHED
BO901733;D2601842;08/06/2026;NG_PEG;B;01/03/2026;31/03/2026;164,900;MWH;32,9400;EUR;RWE;MATCHED
BO903332;D2603550;12/06/2025;NG_PEG;S;01/12/2027;29/02/2028;177,200;MWH;38,0910;EUR;RWE;MATCHED
BO900491;D2600523;11/08/2025;PWR_FR;B;01/06/2026;30/06/2026;222,400;MWH;67,4300;EUR;VITOL;MATCHED
BO906653;D2607082;07/07/2025;PWR_FR;B;01/06/2027;30/06/2027;287,500;MWH;60,2840;EUR;RWE;MATCHED
BO903887;D2604131;29/07/2025;PWR_FR;S;01/02/2027;28/02/2027;130,900;MWH;97,3040;EUR;MERCUR;MATCHED
BO902400;D2602554;27/10/2025;PWR_FR;B;01/09/2026;30/09/2026;126,400;MWH;77,5140;EUR;GUNVOR;MATCHED
BO906432;D2606851;24/02/2026;NG_PEG;B;01/07/2027;31/07/2027;1103,900;MWH;29,5780;EUR;MERCUR;MATCHED
BO900282;D2600299;10/07/2026;PWR_FR;S;01/07/2027;31/07/2027;77,500;MWH;62,6320;EUR;GUNVOR;MATCHED
BO904097;D2604355;24/07/2025;NG_PEG;S;01/11/2027;30/11/2027;215,900;MWH;35,0090;EUR;EDF_TR;MATCHED
BO904616;D2604910;15/12/2025;PWR_FR;S;01/01/2027;31/03/2027;109,500;MWH;86,8590;EUR;GUNVOR;MATCHED
BO900988;D2601045;05/05/2026;PWR_FR;S;01/02/2026;30/04/2026;633,500;MWH;73,8900;EUR;RWE;MATCHED
BO907215;D2607675;24/07/2025;NG_PEG;B;01/04/2026;30/04/2026;409,000;MWH;31,5250;EUR;EEX_CL;MATCHED
BO905452; D2605815;10/07/2025;PWR_FR;B;01/05/2026;31/07/2026;313,100;MWH;65,0770;EUR;UNIPER;MATCHED
BO906227;D2606636;20/11/2025;PWR_FR;S;01/07/2027;31/07/2027;164,500;MWH;71,2040;EUR;AXPO;MATCHED
BO903727;D2603960;20/01/2026;PWR_FR;B;01/04/2026;30/04/2026;134,400;MWH;73,4650;EUR;ICE_EN;MATCHED
BO906157;D2606558;20/03/2026;PWR_FR;S;01/01/2026;31/12/2026;486,500;MWH;90,5650;EUR;UNIPER;MATCHED
BO904425;D2604706;10/10/2025;PWR_FR;B;01/12/2026;30/11/2027;248,400;MWH;94,2550;EUR;VITOL;MATCHED
BO902605;D2602771;07/04/2026;PWR_FR;S;01/07/2027;31/07/2027;148,400;MWH;72,0070;EUR;SHELL_;MATCHED
BO902273;D2602414;02/01/2026;NG_PEG;S;01/11/2026;30/11/2026;56,200;MWH;31,2970;EUR;AXPO;MATCHED
BO904838;D2605156;09/12/2025;NG_PEG;B;01/06/2026;30/06/2026;546,600;MWH;28,4110;EUR;SHELL_;MATCHED
BO900150;D2600160;24/11/2025;PWR_FR;S;01/07/2027;31/07/2027;29,800;MWH;56,4570;EUR;VITOL;MATCHED
BO908185;D2608712;22/04/2026;NG_PEG;S;01/09/2027;30/09/2027;851,000;MWH;29,6450;EUR;GUNVOR;MATCHED
BO907474;D2607947;07/05/2026;PWR_FR;S;01/05/2027;31/07/2027;90,400;MWH;61,2960;EUR;MERCUR;MATCHED
BO906175;D2606578;13/03/2026;PWR_FR;B;01/04/2027;30/06/2027;279,700;MWH;73,5400;EUR;EEX_CL;MATCHED
BO901203;D2601279;10/09/2025;NG_PEG;S;01/05/2027;31/05/2027;134,100;MWH;28,8490;EUR;GUNVOR;MATCHED
BO907538;D2608013;16/10/2025;PWR_FR;B;01/07/2027;31/07/2027;124,700;MWH;68,2380;EUR;ICE_EN;MATCHED
BO906289;D2606700;09/02/2026;NG_PEG;B;01/11/2027;30/11/2027;627,000;MWH;35,7750;EUR;ICE_EN;MATCHED
BO906754;D2607187;29/09/2025;NG_PEG;B;01/12/2027;31/12/2027;362,900;MWH;36,5730;EUR;GUNVOR;MATCHED
BO905996;D2606390;27/01/2026;PWR_FR;B;01/05/2027;31/05/2027;172,500;MWH;80,4110;EUR;SHELL_;MATCHED
BO906471;D2606891;10/07/2025;NG_PEG;B;01/02/2026;28/02/2026;372,600;MWH;30,2920;EUR;MERCUR;MATCHED
BO900965;D2601019;04/06/2025;PWR_FR;B;01/02/2026;28/02/2026;1210,900;MWH;87,4110;EUR;UNIPER;MATCHED
BO902798;D2602983;20/05/2026;PWR_FR;S;01/05/2026;30/04/2027;104,200;MWH;84,1840;EUR;TOTALE;MATCHED
BO901228;D2601305;04/03/2026;NG_PEG;S;01/04/2027;30/04/2027;1096,100;MWH;28,1280;EUR;TOTALE;MATCHED
BO902944;D2603139;30/06/2025;PWR_FR;B;01/07/2027;31/07/2027;774,500;MWH;64,9090;EUR;ICE_EN;MATCHED
BO905562;D2605930;09/06/2026;NG_PEG;S;01/08/2026;31/08/2026;251,400;MWH;24,8060;EUR;MERCUR;MATCHED
BO906714;D2607146;05/03/2026;PWR_FR;B;01/12/2027;31/12/2027;197,200;MWH;104,1440;EUR;EEX_CL;MATCHED
BO907510;D2607984;05/11/2025;PWR_FR;S;01/10/2026;31/10/2026;382,800;MWH;79,3490;EUR;RWE;MATCHED
BO903640;D2603869;03/07/2026;PWR_FR;B;01/06/2027;31/08/2027;463,100;MWH;56,8320;EUR;AXPO;MATCHED
BO903660;D2603890;11/06/2026;PWR_FR;S;01/06/2026;30/06/2026;137,800;MWH;65,5010;EUR;RWE;MATCHED
BO900368;D2600390;07/07/2025;PWR_FR;S;01/06/2027;31/05/2028;643,100;MWH;64,8070;EUR;EEX_CL;MATCHED
BO905956;D2606349;23/07/2025;PWR_FR;S;01/03/2027;31/03/2027;243,600;MWH;71,9280;EUR;STATKR;MATCHED
BO908473;D2604645;15/12/2025;NG_PEG;S;01/04/2026;30/06/2026;317,000;MWH;31,2330;EUR;TOTALE;MATCHED
BO901606;D2601711;08/12/2025;PWR_FR;B;01/12/2027;29/02/2028;67,000;MWH;76,2680;EUR;ICE_EN;MATCHED
BO905746;D2606127;24/06/2026;NG_PEG;S;01/02/2027;28/02/2027;230,200;MWH;37,5390;EUR;RWE;MATCHED
BO904443;D2604725;01/07/2026;NG_PEG;B;01/12/2026;31/12/2026;287,400;MWH;33,9710;EUR;VITOL;MATCHED
BO903755;d2603990;08/05/2026;PWR_FR;S;01/05/2027;31/05/2027;200,200;MWH;66,3460;EUR;UNIPER;MATCHED
BO901169;D2601245;13/02/2026;NG_PEG;B;01/09/2027;30/09/2027;174,700;MWH;21,6490;EUR;EDF_TR;MATCHED
BO904693;D2605000;03/04/2026;NG_PEG;B;01/04/2026;30/04/2026;326,700;MWH;29,6090;EUR;MERCUR;MATCHED
BO908160;D2608687;26/12/2025;NG_PEG;S;01/06/2026;30/06/2026;233,400;MWH;26,3950;EUR;TOTALE;MATCHED
BO900006;D2600006;30/09/2025;PWR_FR;B;01/05/2027;31/05/2027;242,100;MWH;82,8380;EUR;VITOL;MATCHED
BO903300;D2603517;02/10/2025;PWR_FR;S;01/08/2027;31/10/2027;503,600;MWH;60,3920;EUR;GUNVOR;MATCHED
BO990089;D9500089;18/06/2025;PWR_FR;S;01/12/2026;30/11/2027;208,000;MWH;84,4040;EUR;EDF_TR;MATCHED
BO902049;D2602180;06/05/2026;PWR_FR;B;01/09/2027;30/09/2027;250,500;MWH;70,0170;EUR;MERCUR;MATCHED
BO907681;D2608168;31/10/2025;PWR_FR;B;01/04/2026;30/06/2026;414,500;MWH;67,1230;EUR;STATKR;MATCHED
BO908250;D2608781;01/12/2025;NG_PEG;S;01/02/2027;28/02/2027;267,400;MWH;44,5220;EUR;EDF_TR;MATCHED
BO906931;D2607374;12/09/2025;NG_PEG;B;01/11/2026;31/10/2027;342,200;MWH;29,9800;EUR;TOTALE;MATCHED
BO908247;D2608778;16/02/2026;PWR_FR;B;01/02/2027;28/02/2027;89,900;MWH;104,5970;EUR;UNIPER;CXL
BO900079;D2600084;02/02/2026;PWR_FR;S;01/07/2026;31/07/2026;59,700;MWH;66,8860;EUR;EDF_TR;MATCHED
BO906508;D2606928;02/12/2025;NG_PEG;B;01/06/2026;31/08/2026;346,000;MWH;28,4580;EUR;TOTALE;MATCHED
BO904163;D2604425;16/06/2026;NG_PEG;B;01/02/2026;30/04/2026;139,500;MWH;32,1520;EUR;EEX_CL;MATCHED
BO901669;D2601776;19/08/2025;PWR_FR;B;01/12/2027;31/12/2027;242500,000;KWH;105,9470;EUR;EEX_CL;MATCHED
BO907977;D2608491;11/06/2025;PWR_FR;B;01/03/2026;31/03/2026;577,300;MWH;86,8020;EUR;SHELL_;MATCHED
BO900063;D2600066;18/08/2025;PWR_FR;B;01/12/2027;31/12/2027;198,400;MWH;74,7630;EUR;SHELL_;MATCHED
BO906447;D2606866;29/01/2026;NG_PEG;B;01/09/2026;30/09/2026;752,700;MWH;28,2620;EUR;EDF_TR;MATCHED
BO901003;D2601062;12/03/2026;NG_PEG;B;01/04/2026;30/04/2026;584,300;MWH;26,8470;EUR;EDF_TR;MATCHED
BO901067;D2601135;01/09/2025;NG_PEG;S;01/05/2026;31/05/2026;89,600;MWH;25,9010;EUR;ICE_EN;MATCHED
BO900343;D2600363;15/05/2026;PWR_FR;S;01/08/2027;31/08/2027;342,800;MWH;56,7020;EUR;AXPO;MATCHED
BO904099;D2604357;23/07/2026;PWR_FR;B;01/08/2027;31/08/2027;241,700;MWH;66,8850;EUR;STATKR;MATCHED
BO901004;D2601063;10/07/2025;NG_PEG;B;01/09/2027;30/09/2027;444,800;MWH;23,1610;EUR;TOTALE;MATCHED
BO902254;D2602393;05/12/2025;NG_PEG;B;01/07/2027;30/09/2027;154,300;MWH;23,7180;EUR;EEX_CL;MATCHED
BO906056;D2606452;05/08/2025;PWR_FR;S;01/04/2026;30/04/2026;195,300;MWH;75,2390;EUR;MERCUR;MATCHED
BO904243;D2604511;16/03/2026;NG_PEG;S;01/05/2027;30/04/2028;251,700;MWH;32,1910;EUR;EEX_CL;MATCHED
BO908410;D2608949;01/05/2026;NG_PEG;S;01/04/2026;30/04/2026;691,900;MWH;29,1420;EUR;EEX_CL;MATCHED
BO907122;D2607578;13/05/2026;PWR_FR;B;01/09/2026;30/09/2026;512,800;MWH;74,4070;EUR;VITOL;MATCHED
BO906501;D2606921;27/11/2025;PWR_FR;S;01/12/2026;31/12/2026;447,100;MWH;76,4210;EUR;EEX_CL;MATCHED
BO903475;D2603694;17/07/2025;PWR_FR;B;01/11/2026;31/01/2027;94,000;MWH;88,6860;EUR;AXPO;MATCHED
BO904034;D2604288;10/07/2026;PWR_FR;S;01/05/2027;31/05/2027;706,700;MWH;68,0020;EUR;UNIPER;MATCHED
BO901262;D2601340;04/02/2026;PWR_FR;S;01/03/2027;31/05/2027;59,700;MWH;97,5350;EUR;EDF_TR;MATCHED
BO900198;D2600211;13/05/2026;PWR_FR;B;01/12/2027;30/11/2028;27,100;MWH;90,6680;EUR;GUNVOR;MATCHED
BO907293;D2607760;27/11/2025;NG_PEG;S;01/08/2027;31/08/2027;393,200;MWH;29,9630;EUR;STATKR;MATCHED
BO903781;D2604021;17/12/2025;NG_PEG;B;01/09/2026;30/11/2026;86,200;MWH;28,1390;EUR;EDF_TR;MATCHED
BO904639;D2604935;20/02/2026;PWR_FR;S;01/08/2027;31/08/2027;65,900;MWH;63,3110;EUR;SHELL_;MATCHED
BO901134;D2601209;17/07/2026;NG_PEG;B;01/06/2027;31/08/2027;538,900;MWH;20,1950;EUR;EEX_CL;MATCHED
BO902575;D2602739;29/12/2025;NG_PEG;B;01/03/2027;31/03/2027;253,000;MWH;33,0820;EUR;AXPO;MATCHED
BO906605;D2607030;21/11/2025;NG_PEG;B;01/05/2026;31/07/2026;232,200;MWH;25,9510;EUR;AXPO;MATCHED
BO900131;D2600139;19/02/2026;PWR_FR;B;01/02/2026;28/02/2026;819,600;MWH;84,6210;EUR;UNIPER;MATCHED
BO902853;D2603041;03/06/2025;PWR_FR;B;01/08/2027;31/08/2027;200100,000;KWH;68,1780;EUR;ICE_EN;MATCHED
BO904966;D2605292;19/01/2026;PWR_FR;B;01/09/2026;30/09/2026;125,800;MWH;68,9590;EUR;VITOL;MATCHED
BO908313;D2608848;16/07/2026;NG_PEG;B;01/09/2027;30/09/2027;2466,200;MWH;24,7790;EUR;GUNVOR;MATCHED
BO908893;D2607750;10/06/2026;NG_PEG;S;01/08/2027;31/08/2027;13,500;MWH;22,4130;EUR;GUNVOR;MATCHED
BO906556;D2606978;22/05/2026;NG_PEG;B;01/03/2026;31/03/2026;72,500;MWH;33,7320;EUR;VITOL;MATCHED
BO905854;D2606242;26/09/2025;PWR_FR;B;01/03/2026;31/03/2026;221,800;MWH;76,7664;EUR;AXPO;MATCHED
BO908620;D2607004;12/05/2026;NG_PEG;B;01/05/2026;31/07/2026;41,100;MWH;24,0340;EUR;EEX_CL;MATCHED
BO908003;D2608520;21/08/2025;PWR_FR;B;01/04/2027;30/04/2027;104,700;MWH;74,5240;EUR;VITOL;MATCHED
BO907646;D2608133;27/10/2025;NG_PEG;S;01/10/2027;31/10/2027;329,400;MWH;25,8640;EUR;EDF_TR;MATCHED
BO907696; D2608184;08/08/2025;PWR_FR;B;01/12/2027;31/12/2027;159,000;MWH;102,9860;EUR;TOTALE;CXL
BO908268;D2608800;19/02/2026;PWR_FR;B;01/01/2027;31/01/2027;132,700;MWH;102,8910;EUR;RWE;MATCHED
BO904746;D2605057;14/08/2025;PWR_FR;B;01/01/2026;31/01/2026;164,100;MWH;94,3020;EUR;GUNVOR;MATCHED
BO907596;D2608080;04/02/2026;PWR_FR;B;01/09/2027;30/09/2027;155,000;MWH;74,8960;EUR;EEX_CL;MATCHED
BO900779;D2600821;24/10/2025;PWR_FR;S;01/03/2026;31/03/2026;348,400;MWH;75,5000;EUR;RWE;MATCHED
BO907572;D2608052;02/06/2026;PWR_FR;B;01/04/2026;30/06/2026;474,700;MWH;77,9210;EUR;RWE;MATCHED
BO908118;D2608642;10/07/2025;NG_PEG;B;01/08/2026;31/08/2026;71,400;MWH;24,6350;EUR;STATKR;MATCHED
BO906467;D2606887;12/08/2025;NG_PEG;S;01/04/2027;30/04/2027;98,000;MWH;32,4440;EUR;TOTALE;MATCHED
BO900639;D2600679;16/09/2025;PWR_FR;B;01/06/2026;30/06/2026;3280,300;MWH;49,5680;EUR;EEX_CL;CXL
BO900374;D2600397;22/07/2026;PWR_FR;S;01/03/2026;31/03/2026;118,800;MWH;90,5050;EUR;STATKR;MATCHED
BO908270;D2608802;22/10/2025;NG_PEG;B;01/08/2027;31/07/2028;330,000;MWH;21,6680;EUR;SHELL_;MATCHED
BO907617;d2608103;12/06/2026;PWR_FR;S;01/11/2026;30/11/2026;50,900;MWH;74,7520;EUR;EDF_TR;MATCHED
BO907626;D2608112;08/07/2025;NG_PEG;S;01/06/2026;30/06/2026;1674,300;MWH;29,5310;EUR;UNIPER;MATCHED
BO905124;D2605457;01/04/2026;NG_PEG;B;01/02/2026;31/01/2027;350,200;MWH;29,2880;EUR;UNIPER;MATCHED
BO902995;D2603193;01/08/2025;PWR_FR;B;01/05/2026;31/05/2026;515,300;MWH;61,3180;EUR;UNIPER;MATCHED
BO906338;D2606753;15/07/2026;PWR_FR;B;01/12/2026;28/02/2027;816,500;MWH;99,5160;EUR;EEX_CL;MATCHED
BO903518;D2603738;23/09/2025;NG_PEG;S;01/09/2026;30/09/2026;432,700;MWH;24,4550;EUR;EEX_CL;MATCHED
BO906831;D2607270;16/10/2025;NG_PEG;S;01/07/2026;30/06/2027;509,700;MWH;24,4900;EUR;STATKR;MATCHED
BO900678;D2600719;16/02/2026;PWR_FR;S;01/05/2027;31/07/2027;72,100;MWH;69,7640;EUR;EDF_TR;MATCHED
BO905535; D2605903;23/06/2025;NG_PEG;S;01/02/2027;28/02/2027;257,800;MWH;35,7290;EUR;ICE_EN;MATCHED
BO906103;D2606502;21/07/2025;PWR_FR;S;01/12/2026;31/12/2026;214,800;MWH;82,8560;EUR;MERCUR;MATCHED
BO906316;D2606729;11/06/2025;PWR_FR;B;01/05/2026;31/05/2026;109,800;MWH;65,0780;EUR;EDF_TR;MATCHED
BO905530;D2605898;31/07/2025;PWR_FR;S;01/03/2027;31/03/2027;453,900;MWH;96,0330;EUR;VITOL;MATCHED
BO900254;D2600269;02/07/2026;PWR_FR;S;01/02/2027;31/01/2028;158,300;MWH;95,2160;EUR;RWE;MATCHED
BO908563;D2603389;07/07/2026;PWR_FR;B;01/09/2027;30/09/2027;139,400;MWH;84,0920;EUR;EDF_TR;MATCHED
BO908437;D2608977;29/05/2026;PWR_FR;S;01/02/2027;28/02/2027;470,100;MWH;102,6230;EUR;RWE;MATCHED
BO901471;D2601563;05/03/2026;PWR_FR;S;01/11/2026;31/01/2027;301,000;MWH;85,7290;EUR;ICE_EN;MATCHED
BO903201;D2603414;04/12/2025;NG_PEG;S;01/03/2027;31/03/2027;337,200;MWH;38,4150;EUR;VITOL;MATCHED
BO906115;D2606515;02/12/2025;NG_PEG;B;01/02/2026;28/02/2026;154,500;MWH;41,2450;EUR;ICE_EN;MATCHED
BO904992;D2605319;09/09/2025;NG_PEG;B;01/09/2027;30/11/2027;61,100;MWH;24,4560;EUR;SHELL_;MATCHED
BO905087;D2605418;24/03/2026;PWR_FR;B;01/12/2026;30/11/2027;246,800;MWH;85,3450;EUR;RWE;MATCHED
BO906457;D2606876;24/06/2025;PWR_FR;B;01/08/2026;31/08/2026;235,700;MWH;62,1320;EUR;EEX_CL;MATCHED
BO901236;D2601313;26/03/2026;PWR_FR;B;01/06/2027;30/06/2027;520,000;MWH;63,7520;EUR;TOTALE;MATCHED
BO906878;D2607318;01/06/2026;PWR_FR;B;01/12/2027;31/12/2027;154,000;MWH;75,3310;EUR;VITOL;MATCHED
BO906345;D2606760;17/02/2026;PWR_FR;B;01/09/2026;30/09/2026;87,300;MWH;76,4160;EUR;GUNVOR;MATCHED
BO902941;D2603136;03/07/2025;NG_PEG;B;01/09/2027;31/08/2028;108,700;MWH;34,0920;EUR;EDF_TR;MATCHED
BO908676;D2600024;04/09/2025;NG_PEG;B;01/09/2026;30/09/2026;118,100;MWH;24,5540;EUR;GUNVOR;MATCHED
BO903035;D2603238;27/10/2025;PWR_FR;B;01/06/2026;30/06/2026;190,200;MWH;66,3480;EUR;ICE_EN;MATCHED
BO907386;D2607857;17/12/2025;PWR_FR;B;01/01/2026;31/12/2026;129,700;MWH;99,8230;EUR;EEX_CL;MATCHED
BO907199;D2607657;28/01/2026;PWR_FR;B;01/11/2026;31/01/2027;728,100;MWH;105,6020;EUR;ICE_EN;MATCHED
BO906405;D2606823;13/04/2026;NG_PEG;S;01/07/2027;31/07/2027;159,900;MWH;20,4280;EUR;EDF_TR;MATCHED
BO904684;D2604988;05/03/2026;PWR_FR;S;01/12/2027;31/12/2027;260,200;MWH;109,2370;EUR;EEX_CL;MATCHED
BO906143;D2606543;30/10/2025;PWR_FR;S;01/03/2026;31/03/2026;48,100;MWH;83,0860;EUR;EEX_CL;MATCHED
BO908244;D2608775;09/04/2026;NG_PEG;B;01/08/2027;31/08/2027;21,100;MWH;21,1530;EUR;SHELL_;MATCHED
BO905399;D2605758;13/10/2025;PWR_FR;S;01/06/2026;31/05/2027;110,000;MWH;66,5940;EUR;EEX_CL;MATCHED
BO900455;D2600482;24/12/2025;NG_PEG;S;01/09/2026;30/09/2026;144,700;MWH;27,4120;EUR;SHELL_;MATCHED
BO906291;D2606702;28/11/2025;PWR_FR;B;01/10/2027;31/10/2027;383,100;MWH;67,8250;EUR;SHELL_;MATCHED
BO908368;D02608906;19/09/2025;NG_PEG;B;01/10/2026;31/10/2026;308,900;MWH;32,0200;EUR;TOTALE;MATCHED
BO902680;D2602850;01/07/2026;NG_PEG;B;01/04/2027;30/06/2027;406,700;MWH;24,3280;EUR;ICE_EN;MATCHED
BO904989;D2605315;30/09/2025;PWR_FR;S;01/04/2027;30/04/2027;401,000;MWH;66,0380;EUR;VITOL;MATCHED
BO907533;D2608008;26/05/2026;PWR_FR;S;01/11/2027;30/11/2027;376,500;MWH;77,9040;EUR;EDF_TR;CXL
BO907219;D2607679;22/06/2026;NG_PEG;S;01/03/2027;31/03/2027;397,000;MWH;30,6730;EUR;STATKR;MATCHED
BO903291;D2603508;07/08/2025;PWR_FR;B;01/06/2026;31/08/2026;55,700;MWH;60,3760;EUR;ICE_EN;MATCHED
BO907042;D2607491;02/12/2025;PWR_FR;S;01/12/2027;31/12/2027;255,700;MWH;73,5530;EUR;EDF_TR;MATCHED
BO907600;D2608084;20/07/2026;NG_PEG;B;01/06/2027;31/05/2028;942,200;MWH;24,6350;EUR;SHELL_;MATCHED
BO904288;D2604559;27/03/2026;PWR_FR;S;01/08/2026;31/10/2026;885,900;MWH;60,1800;EUR;STATKR;MATCHED
BO902414;D2602568;21/05/2026;PWR_FR;B;01/06/2027;31/08/2027;210,700;MWH;63,0510;EUR;UNIPER;MATCHED
BO906976;D2607421;10/02/2026;NG_PEG;S;01/09/2027;30/09/2027;1888,100;MWH;29,3450;EUR;AXPO;MATCHED
BO908316;D2608851;01/08/2025;NG_PEG;B;01/09/2026;30/11/2026;253,300;MWH;27,8820;EUR;UNIPER;MATCHED
BO906688;D2607120;23/04/2026;NG_PEG;B;01/08/2026;31/08/2026;258,000;MWH;25,5660;EUR;RWE;CXL
BO905806;D2606192;09/06/2025;PWR_FR;S;01/07/2027;31/07/2027;89,600;MWH;62,4220;EUR;SHELL_;MATCHED
BO901702;D2601810;04/06/2025;PWR_FR;B;01/04/2027;30/06/2027;106,000;MWH;86,3590;EUR;RWE;MATCHED
BO906048;D2606443;03/09/2025;PWR_FR;B;01/03/2027;31/03/2027;498,000;MWH;91,4010;EUR;EDF_TR;MATCHED
BO908233;D2608764;25/06/2025;PWR_FR;S;01/11/2026;30/11/2026;696,500;MWH;87,2640;EUR;RWE;MATCHED
BO906588;D2607013;03/11/2025;PWR_FR;S;01/12/2026;31/12/2026;154,800;MWH;86,1480;EUR;ICE_EN;MATCHED
BO902280;D2602422;03/06/2026;NG_PEG;S;01/06/2027;31/08/2027;239,300;MWH;26,8300;EUR;TOTALE;MATCHED
BO900210;D2600223;12/11/2025;PWR_FR;B;01/07/2026;30/09/2026;617,700;MWH;70,7650;EUR;AXPO;MATCHED
BO902830;D2603017;15/07/2026;PWR_FR;S;01/11/2026;31/10/2027;331,800;MWH;96,4550;EUR;EEX_CL;MATCHED
BO906192;D2606597;02/12/2025;NG_PEG;B;01/06/2026;31/05/2027;159,500;MWH;25,3400;EUR;UNIPER;MATCHED
BO907221;D2607681;23/12/2025;NG_PEG;S;01/11/2026;30/11/2026;120,200;MWH;32,5820;EUR;RWE;MATCHED
BO900354;D2600375;17/09/2025;NG_PEG;B;01/05/2026;30/04/2027;135,700;MWH;24,7280;EUR;TOTALE;MATCHED
BO902377;D2602529;16/07/2026;PWR_FR;B;01/03/2027;31/03/2027;227,900;MWH;89,1730;EUR;RWE;MATCHED
BO906059;D2606455;13/01/2026;PWR_FR;B;01/06/2027;30/06/2027;573,000;MWH;64,4910;EUR;EEX_CL;MATCHED
BO902604;D2602770;13/08/2025;NG_PEG;B;01/07/2026;31/07/2026;239,600;MWH;26,6540;EUR;MERCUR;MATCHED
BO905666;D2606044;11/06/2025;PWR_FR;B;01/07/2027;30/09/2027;199,800;MWH;50,5880;EUR;ICE_EN;MATCHED
BO907501;D2607975;21/04/2026;PWR_FR;B;01/11/2027;31/01/2028;325,500;MWH;78,0020;EUR;GUNVOR;MATCHED
BO905847;D2606235;13/01/2026;PWR_FR;B;01/11/2027;30/11/2027;605,800;MWH;90,5910;EUR;TOTALE;MATCHED
BO905507;D2605874;02/09/2025;PWR_FR;B;01/01/2027;31/01/2027;334,900;MWH;77,8200;EUR;RWE;MATCHED
BO901211;D2601287;04/06/2026;PWR_FR;S;01/07/2026;31/07/2026;535,000;MWH;50,2770;EUR;STATKR;MATCHED
BO905788;D2606173;14/01/2026;NG_PEG;B;01/09/2026;30/11/2026;299,200;MWH;25,5170;EUR;EEX_CL;MATCHED
BO908724;D2603449;06/01/2026;NG_PEG;B;01/07/2027;30/06/2028;26,700;MWH;18,6570;EUR;EDF_TR;MATCHED
BO907395;D2607867;21/07/2026;PWR_FR;B;01/08/2027;31/08/2027;89,000;MWH;71,2080;EUR;MERCUR;MATCHED
BO900207;D2600220;14/10/2025;PWR_FR;B;01/11/2026;30/11/2026;212,200;MWH;70,4020;EUR;EEX_CL;MATCHED
BO905053;D2605382;20/05/2026;PWR_FR;B;01/12/2026;31/12/2026;362,500;MWH;96,0150;EUR;ICE_EN;MATCHED
BO908407;D2608946;26/05/2026;PWR_FR;B;01/11/2027;31/10/2028;62,600;MWH;97,0480;EUR;MERCUR;MATCHED
BO904994;D2605322;26/02/2026;NG_PEG;B;01/08/2026;31/08/2026;400,900;MWH;22,8070;EUR;EDF_TR;MATCHED
BO902568;D2602731;23/09/2025;PWR_FR;B;01/10/2027;31/10/2027;337,600;MWH;78,3090;EUR;STATKR;MATCHED
BO902832;D2603019;02/03/2026;PWR_FR;S;01/08/2026;31/10/2026;337,900;MWH;63,8160;EUR;VITOL;MATCHED
BO906829;D2607268;13/07/2026;NG_PEG;B;01/06/2027;30/06/2027;151,200;MWH;26,4530;EUR;TOTALE;MATCHED
BO900690;D2600732;01/07/2025;PWR_FR;B;01/04/2027;30/04/2027;130,800;MWH;77,0590;EUR;RWE;MATCHED
BO904118;D2604378;01/07/2025;NG_PEG;S;01/09/2026;30/11/2026;145,100;MWH;24,4970;EUR;RWE;MATCHED
BO908025;D2608544;12/05/2026;NG_PEG;B;01/01/2026;31/03/2026;163,500;MWH;34,6880;EUR;UNIPER;MATCHED
BO904576;D2604869;13/06/2025;PWR_FR;B;01/09/2026;30/11/2026;1358,400;MWH;75,6750;EUR;EDF_TR;MATCHED
BO902610;D2602776;12/11/2025;PWR_FR;B;01/04/2026;30/04/2026;151,600;MWH;99,0400;EUR;GUNVOR;MATCHED
BO901981;D2602109;09/02/2026;NG_PEG;S;01/08/2027;31/08/2027;434,100;MWH;27,3860;EUR;EEX_CL;MATCHED
BO905311;D2605664;30/09/2025;PWR_FR;B;01/11/2027;30/11/2027;681,400;MWH;72,5850;EUR;MERCUR;MATCHED
BO900303;D2600322;19/01/2026;PWR_FR;B;01/03/2027;31/03/2027;294,100;MWH;82,0320;EUR;STATKR;MATCHED
BO900192;D2600205;09/03/2026;NG_PEG;B;01/02/2027;28/02/2027;237,600;MWH;38,7100;EUR;TOTALE;MATCHED
BO906083;D2606480;18/09/2025;NG_PEG;S;01/01/2026;31/01/2026;262,900;MWH;42,9130;EUR;VITOL;MATCHED
BO904927;D2605251;06/03/2026;PWR_FR;B;01/01/2027;31/03/2027;198,700;MWH;97,6930;EUR;TOTALE;MATCHED
BO902731;D2602904;25/11/2025;NG_PEG;S;01/10/2026;31/12/2026;160,900;MWH;28,4260;EUR;UNIPER;MATCHED
BO904164;D2604426;02/04/2026;NG_PEG;S;01/01/2026;31/01/2026;379,000;MWH;41,6090;EUR;GUNVOR;MATCHED
BO902651;D2602817;09/07/2025;PWR_FR;S;01/05/2027;31/05/2027;179,500;MWH;79,0070;EUR;UNIPER;MATCHED
BO904322;D2604593;02/07/2026;PWR_FR;B;01/04/2027;30/04/2027;583,200;MWH;79,7960;EUR;MERCUR;MATCHED
BO901185;D2601261;09/12/2025;NG_PEG;B;01/12/2027;31/12/2027;163,900;MWH;33,4070;EUR;TOTALE;MATCHED
BO901264;D2601342;26/05/2026;PWR_FR;B;01/12/2026;28/02/2027;249,100;MWH;108,0390;EUR;RWE;MATCHED
BO908485;D2602315;13/08/2025;PWR_FR;S;01/06/2027;30/06/2027;271,600;MWH;66,7760;EUR;TOTALE;MATCHED
BO903677;D2603907;22/04/2026;NG_PEG;S;01/01/2026;31/01/2026;1870,400;MWH;32,2160;EUR;SHELL_;MATCHED
BO903695;D2603927;20/01/2026;NG_PEG;B;01/04/2026;30/04/2026;214,300;MWH;27,1390;EUR;ICE_EN;MATCHED
BO905309;D2605662;16/07/2026;NG_PEG;B;01/04/2026;30/04/2026;158,800;MWH;28,1850;EUR;SHELL_;MATCHED
BO904057;D2604314;20/08/2025;NG_PEG;B;01/04/2026;30/04/2026;140,000;MWH;38,3530;EUR;EEX_CL;MATCHED
BO901410;D2601500;17/03/2026;NG_PEG;S;01/06/2026;31/08/2026;126,600;MWH;21,2280;EUR;EDF_TR;MATCHED
BO901498;D2601593;25/11/2025;PWR_FR;S;01/11/2027;30/11/2027;363,500;MWH;76,0270;EUR;STATKR;MATCHED
BO902236;D2602375;29/04/2026;PWR_FR;S;01/04/2026;30/04/2026;492,600;MWH;72,8760;EUR;GUNVOR;MATCHED
BO900667;D2600708;21/05/2026;PWR_FR;B;01/12/2027;29/02/2028;1155,500;MWH;107,3400;EUR;ICE_EN;MATCHED
BO902740;D2602915;28/11/2025;PWR_FR;B;01/04/2027;30/06/2027;509,900;MWH;85,5500;EUR;GUNVOR;MATCHED
BO904860;D2605182;30/04/2026;PWR_FR;B;01/12/2026;31/12/2026;229,000;MWH;99,5220;EUR;TOTALE;MATCHED
BO904368;D2604644;13/05/2026;NG_PEG;B;01/02/2027;28/02/2027;374,800;MWH;33,0570;EUR;STATKR;CXL
BO903021;D2603223;17/06/2026;NG_PEG;B;01/11/2026;30/11/2026;517,300;MWH;29,9580;EUR;STATKR;MATCHED
BO908275;D2608807;31/10/2025;PWR_FR;B;01/02/2027;28/02/2027;625,700;MWH;85,4150;EUR;UNIPER;MATCHED
BO908157;D2608684;10/02/2026;PWR_FR;B;01/09/2027;30/09/2027;97,400;MWH;62,1600;EUR;RWE;MATCHED
BO900242;D2600256;25/03/2026;PWR_FR;B;01/01/2027;31/03/2027;98,000;MWH;90,8300;EUR;RWE;MATCHED
BO900724;D2600766;24/06/2025;PWR_FR;S;01/11/2026;31/01/2027;93,400;MWH;90,0470;EUR;MERCUR;MATCHED
BO905329;D2605682;06/08/2025;PWR_FR;S;01/05/2027;31/05/2027;168,600;MWH;71,9040;EUR;TOTALE;MATCHED
BO900511;D2600545;14/10/2025;PWR_FR;S;01/04/2026;30/04/2026;366,500;MWH;79,9200;EUR;STATKR;MATCHED
BO902325;D2602470;09/10/2025;NG_PEG;B;01/10/2026;31/10/2026;140,400;MWH;42,4520;EUR;TOTALE;MATCHED
BO900707;D2600749;13/06/2025;NG_PEG;B;01/04/2026;30/04/2026;511,800;MWH;30,2690;EUR;SHELL_;MATCHED
BO907031;D2607480;06/11/2025;NG_PEG;B;01/04/2027;30/04/2027;60,800;MWH;31,6170;EUR;TOTALE;MATCHED
BO903956;D2604204;06/06/2025;PWR_FR;B;01/12/2027;31/12/2027;332,100;MWH;85,2430;EUR;VITOL;MATCHED
BO902900;D2603094;18/08/2025;NG_PEG;B;01/05/2026;31/05/2026;86,200;MWH;22,9620;EUR;AXPO;MATCHED
BO990004;D9500004;22/01/2026;PWR_FR;S;01/07/2027;30/09/2027;85,800;MWH;65,5590;EUR;MERCUR;MATCHED
BO908317;D2608852;19/09/2025;NG_PEG;B;01/02/2027;30/04/2027;86,400;MWH;39,2710;EUR;EEX_CL;MATCHED
BO906290;D2606701;04/03/2026;PWR_FR;B;01/10/2027;31/10/2027;148,700;MWH;65,5420;EUR;EEX_CL;MATCHED
BO903667;D2603897;26/12/2025;PWR_FR;B;01/09/2026;30/09/2026;326,300;MWH;79,8940;EUR;EEX_CL;MATCHED
BO900024;D2600027;12/02/2026;PWR_FR;S;01/06/2026;31/08/2026;71,300;MWH;63,5480;EUR;EDF_TR;MATCHED
BO901401;D2601490;18/11/2025;PWR_FR;S;01/10/2026;31/12/2026;287,700;MWH;75,8220;EUR;EEX_CL;MATCHED
BO903443;D2603661;09/02/2026;PWR_FR;B;01/06/2026;30/06/2026;588,400;MWH;76,0490;EUR;ICE_EN;MATCHED
BO903527;D2603748;24/10/2025;NG_PEG;B;01/02/2027;28/02/2027;84,100;MWH;43,9080;EUR;ICE_EN;MATCHED
BO903561;D2603783;23/07/2025;NG_PEG;B;01/02/2027;28/02/2027;930,300;MWH;40,6370;EUR;UNIPER;CXL
BO905687;D2606066;27/03/2026;PWR_FR;S;01/03/2027;31/03/2027;340,800;MWH;104,1620;EUR;ICE_EN;MATCHED
BO902808;D2602994;11/05/2026;PWR_FR;B;01/01/2027;31/12/2027;55,300;MWH;83,6500;EUR;TOTALE;MATCHED
BO904778;D2605092;25/03/2026;NG_PEG;B;01/03/2026;31/03/2026;696,200;MWH;36,3930;EUR;UNIPER;MATCHED
BO908932;D2606072;01/09/2025;NG_PEG;B;01/03/2027;31/05/2027;250,600;MWH;37,2900;EUR;UNIPER;MATCHED
BO906925;D2607368;14/05/2026;NG_PEG;B;01/06/2026;31/08/2026;282,600;MWH;22,3920;EUR;EDF_TR;MATCHED
BO902214;D2602352;13/03/2026;NG_PEG;B;01/06/2026;31/08/2026;232,100;MWH;24,9270;EUR;UNIPER;MATCHED
BO904880;D2605202;05/12/2025;PWR_FR;B;01/03/2026;31/03/2026;137,900;MWH;92,4510;EUR;GUNVOR;MATCHED
BO902508;D2602667;12/01/2026;NG_PEG;B;01/12/2026;31/12/2026;137,400;MWH;32,5610;EUR;GUNVOR;MATCHED
BO905090;D2605421;05/05/2026;NG_PEG;S;01/11/2026;30/11/2026;105,800;MWH;35,6830;EUR;SHELL_;MATCHED
BO900082;D2600087;18/11/2025;NG_PEG;S;01/06/2026;30/06/2026;117,400;MWH;23,7480;EUR;RWE;MATCHED
BO902283;D2602425;01/10/2025;NG_PEG;S;01/07/2027;31/07/2027;249,000;MWH;22,7600;EUR;UNIPER;MATCHED
BO904918;D2605240;01/04/2026;PWR_FR;S;01/11/2026;30/11/2026;551,300;MWH;89,7670;EUR;VITOL;MATCHED
BO900585;D2600624;18/11/2025;PWR_FR;B;01/10/2026;31/12/2026;463,200;MWH;86,6850;EUR;AXPO;MATCHED
BO904949;D2605275;12/01/2026;NG_PEG;B;01/11/2026;30/11/2026;1396,500;MWH;34,5170;EUR;SHELL_;CXL
BO902810;D2602996;11/07/2025;PWR_FR;B;01/09/2026;30/11/2026;250,200;MWH;78,6860;EUR;VITOL;MATCHED
BO902705;D2602877;02/06/2026;PWR_FR;B;01/04/2026;30/06/2026;190,900;MWH;66,1000;EUR;RWE;MATCHED
BO908674;D2605005;06/05/2026;PWR_FR;B;01/03/2027;31/03/2027;284,900;MWH;82,3520;EUR;STATKR;MATCHED
BO901820;D2601936;05/03/2026;NG_PEG;B;01/04/2026;30/04/2026;381,000;MWH;31,2740;EUR;TOTALE;MATCHED
BO908993;D2604164;03/10/2025;PWR_FR;B;01/08/2027;31/08/2027;182,600;MWH;60,4880;EUR;EEX_CL;MATCHED
BO905560;D2605928;06/11/2025;PWR_FR;B;01/12/2026;31/12/2026;126,400;MWH;106,9310;EUR;EDF_TR;MATCHED
BO906304;D2606717;10/03/2026;PWR_FR;B;01/05/2026;31/05/2026;697,700;MWH;60,8520;EUR;TOTALE;MATCHED
BO902906;D02603100;19/02/2026;PWR_FR;B;01/12/2027;31/12/2027;271,100;MWH;84,6130;EUR;VITOL;CXL
BO901508;D2601605;24/06/2026;PWR_FR;B;01/04/2027;30/04/2027;167,300;MWH;65,6770;EUR;EDF_TR;MATCHED
BO904255;D2604523;17/06/2026;PWR_FR;S;01/07/2027;31/07/2027;328,500;MWH;74,7840;EUR;GUNVOR;MATCHED
BO907376;D2607846;10/07/2025;PWR_FR;S;01/06/2027;31/08/2027;78,800;MWH;57,1540;EUR;EDF_TR;MATCHED
BO904188;D2604451;11/03/2026;PWR_FR;B;01/07/2026;31/07/2026;101,200;MWH;64,2950;EUR;MERCUR;MATCHED
BO903584;D2603808;03/09/2025;PWR_FR;S;01/02/2027;30/04/2027;254,700;MWH;81,0790;EUR;EDF_TR;MATCHED
BO904664;D2604963;06/06/2025;PWR_FR;B;01/05/2027;31/05/2027;349,800;MWH;64,1630;EUR;MERCUR;MATCHED
BO904435;D2604717;28/07/2025;PWR_FR;B;01/07/2027;31/07/2027;85,700;MWH;57,3420;EUR;VITOL;MATCHED
BO905002;D2605330;10/09/2025;PWR_FR;B;01/06/2027;30/06/2027;218,300;MWH;68,4110;EUR;TOTALE;MATCHED
BO905220;D2605562;14/07/2026;NG_PEG;B;01/07/2027;30/09/2027;236,400;MWH;25,7500;EUR;RWE;MATCHED
BO905127;D2605461;23/03/2026;PWR_FR;B;01/10/2027;31/10/2027;152,800;MWH;78,5970;EUR;ICE_EN;MATCHED
BO907320;D2607788;08/07/2025;NG_PEG;B;01/05/2027;31/05/2027;358500,000;KWH;22,4190;EUR;MERCUR;MATCHED
BO905500;D2605867;15/01/2026;NG_PEG;B;01/04/2027;30/06/2027;148,200;MWH;38,6260;EUR;SHELL_;MATCHED
BO903058;D2603261;10/10/2025;PWR_FR;S;01/11/2026;31/01/2027;231,800;MWH;85,9590;EUR;RWE;MATCHED
BO907495;D2607968;14/10/2025;PWR_FR;B;01/09/2026;30/09/2026;736,000;MWH;63,8160;EUR;UNIPER;MATCHED
BO906055;D2606451;27/02/2026;NG_PEG;B;01/01/2026;31/03/2026;273,500;MWH;41,5730;EUR;ICE_EN;MATCHED
BO906000;D2606394;30/10/2025;PWR_FR;S;01/03/2026;28/02/2027;346,800;MWH;87,7140;EUR;ICE_EN;MATCHED
BO906850; D2607289;11/07/2025;NG_PEG;B;01/08/2027;31/08/2027;113,200;MWH;20,6750;EUR;RWE;MATCHED
BO905027;D2605355;25/09/2025;PWR_FR;S;01/04/2027;30/04/2027;152,400;MWH;82,4340;EUR;UNIPER;MATCHED
BO900761; D2600803;01/01/2026;PWR_FR;B;01/03/2026;31/03/2026;289,800;MWH;81,8010;EUR;TOTALE;MATCHED
BO907102;D2607557;06/07/2026;PWR_FR;S;01/03/2027;31/03/2027;205,400;MWH;90,0320;EUR;ICE_EN;MATCHED
BO901810;D2601926;16/07/2026;PWR_FR;S;01/05/2026;31/07/2026;104,200;MWH;59,8880;EUR;TOTALE;MATCHED
BO901085; D2601155;08/01/2026;NG_PEG;B;01/10/2027;31/10/2027;130,700;MWH;29,9940;EUR;VITOL;MATCHED
BO902860;D2603048;22/08/2025;NG_PEG;B;01/05/2027;31/05/2027;272,500;MWH;23,1460;EUR;RWE;MATCHED
BO902866;D2603055;10/07/2026;PWR_FR;B;01/05/2027;31/05/2027;198,800;MWH;79,7300;EUR;TOTALE;MATCHED
BO904100;D2604358;26/06/2025;NG_PEG;B;01/09/2027;30/11/2027;660,600;MWH;25,5300;EUR;AXPO;MATCHED
BO901309;D2601390;13/06/2025;PWR_FR;B;01/07/2027;31/07/2027;153,900;MWH;60,2840;EUR;SHELL_;MATCHED
BO901248;D2601326;01/09/2025;NG_PEG;B;01/06/2027;30/06/2027;45,400;MWH;25,2430;EUR;AXPO;MATCHED
BO900110;D2600118;18/05/2026;PWR_FR;S;01/09/2026;30/09/2026;127,600;MWH;62,9290;EUR;RWE;MATCHED
BO907006;D2607454;15/09/2025;PWR_FR;S;01/06/2027;31/05/2028;563,600;MWH;66,2990;EUR;EDF_TR;MATCHED
BO906509;D2606929;29/04/2026;PWR_FR;B;01/05/2026;31/05/2026;676,800;MWH;69,0240;EUR;EEX_CL;MATCHED
BO907165;D2607623;07/11/2025;PWR_FR;S;01/09/2026;30/09/2026;199,400;MWH;74,8420;EUR;VITOL;MATCHED
BO907453;D2607926;07/11/2025;PWR_FR;B;01/02/2026;28/02/2026;160,400;MWH;82,1730;EUR;MERCUR;MATCHED
BO906151;D2606552;05/06/2026;PWR_FR;S;01/03/2026;31/05/2026;244,600;MWH;87,6880;EUR;EDF_TR;MATCHED
BO907929;D2608442;23/12/2025;PWR_FR;S;01/04/2026;30/04/2026;400,200;MWH;75,1100;EUR;GUNVOR;MATCHED
BO908204;D2608733;14/08/2025;PWR_FR;B;01/02/2026;28/02/2026;619,800;MWH;93,4770;EUR;ICE_EN;MATCHED
BO907369;D2607839;23/10/2025;NG_PEG;B;01/09/2026;30/09/2026;357,400;MWH;29,2400;EUR;UNIPER;MATCHED
BO901594;D2601698;11/03/2026;PWR_FR;S;01/09/2027;30/11/2027;373,500;MWH;64,0630;EUR;MERCUR;MATCHED
BO902984;D2603182;06/02/2026;NG_PEG;S;01/05/2026;31/05/2026;64,100;MWH;30,2130;EUR;RWE;MATCHED
BO903326;D2603544;13/05/2026;PWR_FR;S;01/12/2026;31/12/2026;170,900;MWH;97,3740;EUR;AXPO;MATCHED
BO903944;D2604191;05/08/2025;NG_PEG;S;01/12/2027;30/11/2028;87,400;MWH;35,7810;EUR;GUNVOR;MATCHED
BO907897;D2608407;12/02/2026;PWR_FR;B;01/12/2026;31/12/2026;543,200;MWH;96,9000;EUR;EDF_TR;MATCHED
BO904703;D2605011;15/07/2025;PWR_FR;B;01/02/2027;30/04/2027;138,300;MWH;103,3100;EUR;MERCUR;MATCHED
BO905075;D2605405;09/09/2025;NG_PEG;S;01/09/2026;30/11/2026;130,400;MWH;23,6930;EUR;GUNVOR;MATCHED
BO907558;D2608036;28/11/2025;PWR_FR;B;01/11/2027;30/11/2027;59,400;MWH;89,5000;EUR;STATKR;MATCHED
BO902949;D2603144;16/12/2025;NG_PEG;S;01/03/2027;31/03/2027;161,000;MWH;33,7390;EUR;RWE;MATCHED
BO902996;D2603194;24/06/2026;NG_PEG;B;01/09/2027;31/08/2028;66,700;MWH;25,9250;EUR;VITOL;MATCHED
BO908647;D2608810;16/07/2026;PWR_FR;B;01/06/2027;30/06/2027;833,100;MWH;66,0640;EUR;TOTALE;MATCHED
BO902529;D2602690;24/03/2026;NG_PEG;B;01/09/2026;30/09/2026;353,200;MWH;22,9830;EUR;ICE_EN;MATCHED
BO902957;D2603153;02/07/2025;NG_PEG;B;01/10/2027;31/10/2027;531,100;MWH;29,9170;EUR;ICE_EN;MATCHED
BO906417;D2606835;21/08/2025;PWR_FR;S;01/03/2026;31/03/2026;617,200;MWH;76,8650;EUR;STATKR;MATCHED
BO906960;D2607403;29/12/2025;PWR_FR;B;01/04/2027;30/06/2027;110,300;MWH;70,2570;EUR;EEX_CL;MATCHED
BO905543;D2605911;14/11/2025;PWR_FR;B;01/01/2027;31/01/2027;113,600;MWH;99,6370;EUR;EDF_TR;MATCHED
BO907683;D2608171;08/09/2025;PWR_FR;B;01/10/2026;31/10/2026;42,400;MWH;83,2130;EUR;UNIPER;MATCHED
BO900887;D2600938;18/03/2026;PWR_FR;B;01/03/2026;31/03/2026;241,900;MWH;75,7530;EUR;ICE_EN;MATCHED
BO906469;D2606889;29/08/2025;NG_PEG;S;01/08/2026;31/08/2026;574,700;MWH;26,2980;EUR;AXPO;MATCHED
BO901147;D2601222;03/07/2026;NG_PEG;B;01/04/2026;30/06/2026;265,000;MWH;36,7550;EUR;ICE_EN;MATCHED
BO906617;D2607042;01/10/2025;PWR_FR;B;01/11/2027;30/11/2027;864,400;MWH;89,8440;EUR;UNIPER;MATCHED
BO903821;D2604062;01/06/2026;NG_PEG;B;01/06/2027;31/08/2027;245,600;MWH;20,6340;EUR;STATKR;MATCHED
BO905358;D2605712;01/10/2025;PWR_FR;S;01/05/2026;31/05/2026;239,400;MWH;81,3690;EUR;AXPO;MATCHED
BO900446;D2600472;18/06/2025;NG_PEG;B;01/11/2026;30/11/2026;194,900;MWH;30,5620;EUR;STATKR;MATCHED
BO907710;D2608199;24/07/2026;PWR_FR;B;01/07/2027;31/07/2027;41,500;MWH;64,0880;EUR;RWE;MATCHED
BO902758;D2602937;25/12/2025;PWR_FR;S;01/07/2027;30/09/2027;349,900;MWH;65,9890;EUR;AXPO;MATCHED
BO901837;D2601954;24/10/2025;NG_PEG;B;01/03/2026;31/05/2026;288,500;MWH;32,7850;EUR;SHELL_;MATCHED
BO901157;D2601232;20/03/2026;NG_PEG;B;01/10/2026;31/10/2026;196,800;MWH;23,1360;EUR;TOTALE;MATCHED
BO900881;D2600932;20/02/2026;NG_PEG;B;01/02/2027;28/02/2027;209,100;MWH;35,1200;EUR;EDF_TR;MATCHED
BO907634;D2608121;14/10/2025;NG_PEG;B;01/11/2026;31/01/2027;75,700;MWH;32,7590;EUR;VITOL;MATCHED
BO904295;D2604566;18/06/2025;PWR_FR;B;01/07/2026;31/07/2026;34,000;MWH;61,6020;EUR;EEX_CL;MATCHED
BO905426;D2605785;21/08/2025;PWR_FR;S;01/11/2026;31/10/2027;1270,000;MWH;92,3890;EUR;TOTALE;MATCHED
BO900064;D2600068;23/03/2026;PWR_FR;S;01/04/2027;30/04/2027;279,600;MWH;80,8390;EUR;UNIPER;MATCHED
BO907038;D2607487;16/04/2026;NG_PEG;S;01/10/2027;30/09/2028;934,600;MWH;33,8380;EUR;ICE_EN;MATCHED
BO904868;D2605190;11/03/2026;PWR_FR;B;01/11/2027;30/11/2027;350,100;MWH;89,7150;EUR;VITOL;MATCHED
BO905057;D2605386;13/05/2026;PWR_FR;B;01/10/2027;31/12/2027;79,500;MWH;87,7070;EUR;UNIPER;MATCHED
BO907736;D2608225;26/05/2026;PWR_FR;S;01/05/2027;31/05/2027;243,400;MWH;59,1940;EUR;TOTALE;MATCHED
BO902978;D2603174;17/04/2026;NG_PEG;S;01/06/2027;31/05/2028;87,300;MWH;25,2480;EUR;ICE_EN;MATCHED
BO900065;D2600069;06/07/2026;PWR_FR;B;01/10/2026;31/10/2026;191,800;MWH;64,6940;EUR;GUNVOR;MATCHED
BO908230;D2608760;01/07/2026;NG_PEG;B;01/10/2027;31/10/2027;195,400;MWH;32,9380;EUR;AXPO;MATCHED
BO904984;D2605310;31/10/2025;NG_PEG;S;01/09/2026;30/09/2026;156,600;MWH;27,6660;EUR;VITOL;MATCHED
BO901976;D2602104;17/09/2025;PWR_FR;S;01/04/2026;30/04/2026;471,500;MWH;77,8525;EUR;SHELL_;MATCHED
BO903758;D2603993;14/10/2025;PWR_FR;B;01/10/2027;31/10/2027;38,300;MWH;89,0400;EUR;UNIPER;MATCHED
BO901990;D2602118;18/12/2025;PWR_FR;B;01/12/2026;31/12/2026;282,700;MWH;80,0000;EUR;STATKR;MATCHED
BO905528;D2605896;24/03/2026;PWR_FR;S;01/05/2026;31/05/2026;246,600;MWH;56,6910;EUR;RWE;MATCHED
BO904929;D2605253;04/07/2025;NG_PEG;S;01/06/2027;30/06/2027;517,000;MWH;24,1500;EUR;GUNVOR;MATCHED
BO905781;D2606165;27/10/2025;NG_PEG;S;01/11/2027;30/11/2027;73,900;MWH;36,0840;EUR;UNIPER;MATCHED
BO905988;D2606382;20/07/2026;PWR_FR;B;01/04/2026;30/04/2026;327,900;MWH;83,0850;EUR;MERCUR;MATCHED
BO905887;D2606275;07/04/2026;NG_PEG;B;01/12/2027;31/12/2027;410,600;MWH;38,6260;EUR;RWE;MATCHED
BO990067;D9500067;02/07/2025;NG_PEG;S;01/12/2027;31/12/2027;447,300;MWH;37,9760;EUR;UNIPER;MATCHED
BO906296;D2606709;19/05/2026;PWR_FR;S;01/06/2026;30/06/2026;2099,900;MWH;61,4500;EUR;VITOL;MATCHED
BO902510;D2602669;24/10/2025;NG_PEG;S;01/12/2026;31/12/2026;924,400;MWH;31,6870;EUR;EDF_TR;MATCHED
BO901001;D2601060;19/08/2025;PWR_FR;B;01/12/2027;31/12/2027;277,800;MWH;79,0520;EUR;EEX_CL;MATCHED
BO902291;D2602435;02/04/2026;NG_PEG;B;01/08/2027;31/08/2027;458,200;MWH;25,2080;EUR;VITOL;MATCHED
BO907912;D2608425;21/05/2026;PWR_FR;B;01/11/2026;30/11/2026;327,300;MWH;92,8170;EUR;STATKR;MATCHED
BO907318;D2607786;24/11/2025;PWR_FR;B;01/09/2027;30/09/2027;224,900;MWH;64,2530;EUR;SHELL_;MATCHED
BO907220;D2607680;31/10/2025;PWR_FR;B;01/11/2026;30/11/2026;1074,500;MWH;91,0560;EUR;SHELL_;MATCHED
BO905732;D2606113;18/11/2025;NG_PEG;S;01/10/2026;31/10/2026;210,000;MWH;33,8930;EUR;GUNVOR;MATCHED
BO902974;d2603170;27/01/2026;PWR_FR;B;01/09/2027;30/09/2027;187,600;MWH;68,4460;EUR;VITOL;MATCHED
BO906293;D2606705;07/01/2026;PWR_FR;B;01/03/2026;31/03/2026;43,600;MWH;90,6710;EUR;RWE;MATCHED
BO905991;D2606385;09/01/2026;PWR_FR;S;01/08/2027;31/08/2027;90,100;MWH;56,8430;EUR;GUNVOR;MATCHED
BO901687;D2601794;17/12/2025;PWR_FR;B;01/01/2027;31/12/2027;80,400;MWH;82,2280;EUR;SHELL_;MATCHED
BO907775;D2608268;02/10/2025;PWR_FR;B;01/09/2027;30/09/2027;440,300;MWH;67,8518;EUR;AXPO;MATCHED
BO907689;D2608177;24/02/2026;NG_PEG;B;01/07/2027;31/07/2027;541,800;MWH;24,9590;EUR;RWE;MATCHED
BO900769;D2600811;26/06/2026;NG_PEG;S;01/09/2027;30/09/2027;43,200;MWH;30,1170;EUR;EDF_TR;MATCHED
BO903019;D2603221;13/10/2025;PWR_FR;B;01/02/2027;30/04/2027;99,600;MWH;100,9130;EUR;VITOL;MATCHED
BO900231;D2600244;19/11/2025;NG_PEG;S;01/03/2027;31/03/2027;205,800;MWH;37,5400;EUR;UNIPER;MATCHED
BO905268;D2605615;11/06/2025;NG_PEG;B;01/03/2026;28/02/2027;164,500;MWH;33,7050;EUR;SHELL_;MATCHED
BO905682;D2606061;16/01/2026;NG_PEG;B;01/06/2027;30/06/2027;194,000;MWH;28,0280;EUR;EDF_TR;MATCHED
BO903013;D2603215;11/08/2025;PWR_FR;S;01/09/2026;30/11/2026;130,000;MWH;69,8100;EUR;VITOL;MATCHED
BO901665;D2601772;19/06/2026;NG_PEG;B;01/06/2027;31/08/2027;95,400;MWH;23,4220;EUR;MERCUR;MATCHED
BO903396;D2603614;05/12/2025;PWR_FR;S;01/07/2026;31/07/2026;395,600;MWH;64,3040;EUR;MERCUR;MATCHED
BO904457;D2604741;12/01/2026;NG_PEG;B;01/12/2026;28/02/2027;385,600;MWH;34,4070;EUR;UNIPER;MATCHED
BO900597;D2600636;02/06/2026;NG_PEG;B;01/01/2026;31/01/2026;604,100;MWH;40,8880;EUR;AXPO;MATCHED
BO901149;D2601224;06/11/2025;NG_PEG;S;01/10/2026;31/10/2026;167,500;MWH;27,7610;EUR;VITOL;MATCHED
BO904912;D2605234;12/01/2026;NG_PEG;S;01/07/2027;31/07/2027;533,000;MWH;20,9600;EUR;STATKR;MATCHED
BO902399;D2602553;26/12/2025;NG_PEG;B;01/04/2026;30/04/2026;151,600;MWH;31,2140;EUR;RWE;MATCHED
BO907192;D2607650;16/07/2026;PWR_FR;B;01/12/2026;31/12/2026;972,100;MWH;86,0570;EUR;AXPO;MATCHED
BO900466;D2600494;20/04/2026;PWR_FR;S;01/01/2026;31/03/2026;308,700;MWH;90,8640;EUR;RWE;MATCHED
BO901007;D2601067;12/01/2026;NG_PEG;S;01/12/2026;28/02/2027;253,600;MWH;38,3360;EUR;RWE;MATCHED
BO903849;D2604091;09/02/2026;NG_PEG;S;01/11/2026;30/11/2026;893,000;MWH;39,0100;EUR;RWE;MATCHED
BO903453;D2603671;24/07/2025;NG_PEG;B;01/09/2027;30/09/2027;113,700;MWH;28,3620;EUR;EEX_CL;MATCHED
BO902546;D2602707;28/05/2026;PWR_FR;S;01/05/2026;31/05/2026;73,300;MWH;59,7980;EUR;VITOL;MATCHED
BO905430;D2605789;01/07/2026;PWR_FR;B;01/06/2027;30/06/2027;106,900;MWH;55,3880;EUR;EEX_CL;MATCHED
BO901887;D02602011;28/05/2026;PWR_FR;S;01/10/2026;31/10/2026;405,300;MWH;78,3200;EUR;MERCUR;MATCHED
BO908906;D2605719;11/11/2025;NG_PEG;B;01/08/2027;31/08/2027;405,800;MWH;27,3140;EUR;EEX_CL;MATCHED
BO901221;D2601298;08/05/2026;PWR_FR;B;01/11/2026;31/01/2027;884,800;MWH;84,5120;EUR;TOTALE;MATCHED
BO904161;D2604423;02/12/2025;NG_PEG;S;01/10/2026;31/10/2026;36,900;MWH;25,1550;EUR;AXPO;MATCHED
BO904667;D2604968;05/06/2025;NG_PEG;S;01/05/2026;31/07/2026;616,500;MWH;26,9500;EUR;RWE;MATCHED
BO903255;D2603471;27/08/2025;PWR_FR;S;01/01/2027;31/01/2027;292,300;MWH;116,8150;EUR;EEX_CL;MATCHED
BO900732;D2600774;23/01/2026;PWR_FR;S;01/04/2026;30/06/2026;322,600;MWH;84,3730;EUR;SHELL_;MATCHED
BO905037;D2605366;24/07/2025;PWR_FR;S;01/04/2027;30/04/2027;25,300;MWH;59,8450;EUR;TOTALE;MATCHED
BO906366;D2606781;05/12/2025;PWR_FR;B;01/10/2026;31/10/2026;179,000;MWH;60,9160;EUR;RWE;MATCHED
BO905083;D2605414;27/05/2026;PWR_FR;S;01/12/2026;31/12/2026;246300,000;KWH;100,6160;EUR;RWE;MATCHED
BO905605;D2605978;09/10/2025;PWR_FR;B;01/01/2027;31/12/2027;126,900;MWH;96,7150;EUR;AXPO;MATCHED
BO903685;D2603916;27/08/2025;PWR_FR;B;01/05/2026;31/05/2026;146,600;MWH;62,1780;EUR;MERCUR;CXL
BO908938;D2607798;31/07/2025;NG_PEG;B;01/10/2027;31/12/2027;554,200;MWH;34,7560;EUR;EEX_CL;MATCHED
BO908860;D2606448;24/06/2026;PWR_FR;B;01/02/2026;28/02/2026;287,600;MWH;90,8540;EUR;TOTALE;MATCHED
BO901440;D2601532;19/05/2026;PWR_FR;S;01/08/2026;31/08/2026;24,100;MWH;55,2880;EUR;AXPO;MATCHED
BO901895;D2602019;19/01/2026;PWR_FR;S;01/09/2026;30/09/2026;153,800;MWH;76,2820;EUR;EEX_CL;MATCHED
BO901717;D2601825;22/04/2026;NG_PEG;B;01/05/2026;31/05/2026;455,500;MWH;31,5040;EUR;AXPO;MATCHED
BO906042;D2606437;17/09/2025;PWR_FR;S;01/09/2027;31/08/2028;197,100;MWH;66,7270;EUR;AXPO;MATCHED
BO908224;D2608754;17/03/2026;NG_PEG;B;01/03/2027;31/05/2027;355,400;MWH;32,8840;EUR;MERCUR;MATCHED
BO903404;D2603622;20/06/2025;PWR_FR;B;01/05/2026;30/04/2027;93,800;MWH;74,9150;EUR;EDF_TR;CXL
BO908252;D2608783;25/09/2025;PWR_FR;S;01/09/2026;30/11/2026;1638,000;MWH;80,3900;EUR;EDF_TR;MATCHED
BO903794;D2604034;05/08/2025;PWR_FR;S;01/12/2026;31/12/2026;104,500;MWH;73,4390;EUR;ICE_EN;MATCHED
BO901607;D2601712;23/03/2026;PWR_FR;B;01/07/2027;31/07/2027;192,100;MWH;71,6400;EUR;MERCUR;CXL
BO905923;D2606311;12/09/2025;NG_PEG;S;01/11/2026;30/11/2026;216,900;MWH;35,1280;EUR;VITOL;MATCHED
BO903537;D2603758;24/07/2026;PWR_FR;B;01/12/2026;28/02/2027;181,900;MWH;113,8310;EUR;RWE;MATCHED
BO900630;D2600670;15/08/2025;NG_PEG;S;01/09/2027;30/09/2027;120,500;MWH;26,2240;EUR;GUNVOR;MATCHED
BO902929;D2603124;18/08/2025;NG_PEG;B;01/06/2027;31/08/2027;581,000;MWH;21,4070;EUR;UNIPER;MATCHED
BO903184;D2603395;20/08/2025;NG_PEG;S;01/01/2026;31/03/2026;99,300;MWH;39,1020;EUR;STATKR;MATCHED
BO906939; D2607382;21/07/2026;PWR_FR;B;01/11/2027;30/11/2027;295,500;MWH;81,4980;EUR;SHELL_;MATCHED
BO905716;D2606097;03/07/2026;PWR_FR;B;01/12/2027;31/12/2027;165,000;MWH;105,0710;EUR;STATKR;MATCHED
BO905926;D2606314;18/09/2025;PWR_FR;B;01/07/2027;31/07/2027;114,600;MWH;64,4250;EUR;ICE_EN;CXL
BO904310;D2604581;16/03/2026;NG_PEG;B;01/11/2026;30/11/2026;205,400;MWH;28,3840;EUR;STATKR;MATCHED
BO907505;D2607979;02/12/2025;PWR_FR;S;01/04/2027;30/06/2027;453,200;MWH;76,7680;EUR;ICE_EN;MATCHED
BO904760;D2605072;08/01/2026;PWR_FR;S;01/05/2027;30/04/2028;213,300;MWH;79,2960;EUR;UNIPER;MATCHED
BO901364;D2601448;20/06/2025;PWR_FR;S;01/12/2027;29/02/2028;335,000;MWH;91,2490;EUR;GUNVOR;MATCHED
BO900590;D2600629;31/07/2025;PWR_FR;B;01/05/2026;31/05/2026;22,400;MWH;57,8410;EUR;MERCUR;MATCHED
BO901675;D2601782;05/01/2026;NG_PEG;S;01/11/2027;30/11/2027;278,300;MWH;31,2290;EUR;VITOL;MATCHED
BO906085;D2606482;08/10/2025;PWR_FR;B;01/01/2026;31/01/2026;181,500;MWH;106,3030;EUR;GUNVOR;MATCHED
BO901633;D2601739;28/08/2025;PWR_FR;S;01/05/2026;31/05/2026;236,000;MWH;75,1370;EUR;AXPO;MATCHED
BO904977;D2605303;19/08/2025;NG_PEG;S;01/07/2027;30/09/2027;150,300;MWH;26,8920;EUR;VITOL;MATCHED
BO903287;D2603504;10/04/2026;NG_PEG;B;01/11/2026;30/11/2026;155,200;MWH;32,7730;EUR;STATKR;MATCHED
BO902911;D2603105;24/06/2026;PWR_FR;B;01/08/2027;31/08/2027;43,300;MWH;56,1020;EUR;RWE;MATCHED
BO903692;D2603924;22/10/2025;PWR_FR;S;01/08/2026;31/08/2026;83,700;MWH;63,4260;EUR;MERCUR;MATCHED
BO901372;D2601459;25/12/2025;PWR_FR;B;01/03/2027;31/03/2027;90,900;MWH;82,4590;EUR;EEX_CL;MATCHED
BO900646;D2600687;10/02/2026;PWR_FR;B;01/08/2026;31/07/2027;151,700;MWH;69,1970;EUR;EDF_TR;MATCHED
BO907964;D2608477;26/09/2025;NG_PEG;B;01/03/2026;28/02/2027;212,200;MWH;26,4310;EUR;ICE_EN;MATCHED
BO901587;D2601691;02/03/2026;PWR_FR;S;01/10/2026;30/09/2027;88,000;MWH;76,2680;EUR;AXPO;MATCHED
BO906592;D2607017;24/04/2026;PWR_FR;S;01/04/2026;30/04/2026;735,000;MWH;85,6920;EUR;MERCUR;MATCHED
BO906995;D2607441;14/04/2026;NG_PEG;B;01/04/2027;30/04/2027;115,200;MWH;31,0590;EUR;VITOL;MATCHED
BO906233;D2606642;23/07/2025;NG_PEG;B;01/10/2026;31/10/2026;246,800;MWH;33,8480;EUR;EEX_CL;MATCHED
BO906632;D2607058;29/08/2025;NG_PEG;S;01/08/2026;31/08/2026;128,200;MWH;22,6870;EUR;GUNVOR;MATCHED
BO902955;D2603150;28/01/2026;PWR_FR;B;01/08/2026;31/08/2026;366,600;MWH;64,7130;EUR;SHELL_;MATCHED
BO907452;D2607925;22/07/2026;NG_PEG;B;01/06/2027;30/06/2027;1118,100;MWH;19,8580;EUR;UNIPER;MATCHED
BO907460; D2607933;31/03/2026;PWR_FR;B;01/06/2026;30/06/2026;205,900;MWH;62,0400;EUR;EDF_TR;MATCHED
BO907697;D2608185;27/04/2026;PWR_FR;B;01/04/2027;30/06/2027;141,200;MWH;71,6680;EUR;SHELL_;MATCHED
BO903971;D2604221;05/11/2025;PWR_FR;B;01/04/2027;30/04/2027;243300,000;KWH;82,5800;EUR;MERCUR;MATCHED
BO905937;D2606326;12/03/2026;NG_PEG;B;01/09/2026;30/09/2026;68000,000;KWH;26,8930;EUR;UNIPER;MATCHED
BO900904;D2600955;25/11/2025;NG_PEG;B;01/12/2026;31/12/2026;272,700;MWH;37,6590;EUR;UNIPER;MATCHED
BO901677;D2601784;22/09/2025;PWR_FR;B;01/10/2026;31/10/2026;77,700;MWH;70,9330;EUR;GUNVOR;MATCHED
BO906484;D2606904;24/09/2025;PWR_FR;B;01/11/2026;31/01/2027;36,500;MWH;83,7680;EUR;MERCUR;MATCHED
BO905224;D2605566;07/07/2026;PWR_FR;B;01/05/2026;31/05/2026;536,500;MWH;75,9390;EUR;AXPO;MATCHED
BO905508;D2605875;17/11/2025;NG_PEG;B;01/06/2027;30/06/2027;1057,600;MWH;19,4390;EUR;AXPO;MATCHED
BO906832;D2607271;28/05/2026;NG_PEG;B;01/09/2026;30/09/2026;1097,700;MWH;28,3200;EUR;STATKR;MATCHED
BO902215;D2602353;25/09/2025;PWR_FR;B;01/03/2027;31/03/2027;403,300;MWH;89,2820;EUR;GUNVOR;MATCHED
BO903705;D2603937;11/06/2025;PWR_FR;S;01/06/2027;30/06/2027;159,600;MWH;56,3920;EUR;TOTALE;MATCHED
BO900133;D2600141;21/04/2026;PWR_FR;S;01/10/2027;31/10/2027;287,500;MWH;79,1730;EUR;AXPO;MATCHED
BO906419;D2606838;25/11/2025;PWR_FR;S;01/07/2026;31/07/2026;196,500;MWH;60,8110;EUR;ICE_EN;MATCHED
BO901966;D2602094;01/01/2026;PWR_FR;B;01/06/2026;30/06/2026;174,000;MWH;61,5130;EUR;EEX_CL;MATCHED
BO900619;D2600659;07/07/2026;NG_PEG;S;01/01/2026;31/01/2026;607,000;MWH;33,2990;EUR;GUNVOR;MATCHED
BO908213; D2608742;02/10/2025;NG_PEG;B;01/09/2026;30/09/2026;194,000;MWH;23,2800;EUR;AXPO;MATCHED
BO901757;D2601866;05/08/2025;NG_PEG;B;01/12/2027;29/02/2028;282,700;MWH;38,8420;EUR;UNIPER;MATCHED
BO901250;D2601328;19/06/2025;NG_PEG;B;01/10/2026;31/12/2026;975,100;MWH;30,7400;EUR;GUNVOR;MATCHED
BO907163;D2607621;06/07/2026;PWR_FR;S;01/04/2027;30/04/2027;590,400;MWH;70,2520;EUR;MERCUR;MATCHED
BO902966;D2603162;11/07/2025;NG_PEG;S;01/06/2027;30/06/2027;275,600;MWH;24,7820;EUR;RWE;MATCHED
BO904225;D2604491;06/02/2026;PWR_FR;S;01/12/2026;30/11/2027;233,400;MWH;105,3910;EUR;STATKR;MATCHED
BO901238;D2601315;13/02/2026;NG_PEG;B;01/08/2027;31/08/2027;94,500;MWH;23,6130;EUR;EDF_TR;MATCHED
BO901605;D2601710;04/09/2025;PWR_FR;B;01/04/2027;30/04/2027;263,800;MWH;66,2590;EUR;AXPO;MATCHED
BO904521;d2604810;30/07/2025;NG_PEG;S;01/09/2027;30/09/2027;219,400;MWH;23,0410;EUR;GUNVOR;MATCHED
BO905683;D2606062;15/05/2026;PWR_FR;S;01/06/2027;31/08/2027;384,800;MWH;63,0040;EUR;MERCUR;MATCHED
BO904891;D2605213;10/03/2026;PWR_FR;B;01/02/2027;28/02/2027;265,600;MWH;98,8460;EUR;VITOL;MATCHED
BO903612;D2603839;27/10/2025;NG_PEG;B;01/11/2026;30/11/2026;219,100;MWH;41,5740;EUR;VITOL;MATCHED
BO901120;D2601193;06/02/2026;NG_PEG;B;01/02/2026;30/04/2026;76,000;MWH;39,5260;EUR;GUNVOR;MATCHED
BO907263;D2607727;16/12/2025;PWR_FR;B;01/08/2027;31/08/2027;459,000;MWH;67,5290;EUR;TOTALE;MATCHED
BO900522;D2600557;13/10/2025;PWR_FR;B;01/03/2027;31/05/2027;60,900;MWH;88,7500;EUR;TOTALE;CXL
BO990075;D9500075;17/06/2025;PWR_FR;S;01/02/2027;28/02/2027;201,500;MWH;77,6960;EUR;GUNVOR;MATCHED
BO903674;D2603904;03/03/2026;PWR_FR;B;01/11/2027;30/11/2027;936,300;MWH;100,9330;EUR;SHELL_;MATCHED
BO901068;D2601136;04/06/2025;PWR_FR;S;01/10/2026;31/10/2026;63,000;MWH;81,4210;EUR;EDF_TR;MATCHED
BO900559;D2600596;09/03/2026;NG_PEG;B;01/04/2026;30/06/2026;194,500;MWH;30,1390;EUR;VITOL;MATCHED
BO901913;D2602037;19/12/2025;NG_PEG;B;01/01/2026;31/01/2026;782,900;MWH;41,4900;EUR;EEX_CL;MATCHED
BO906961;D2607404;04/06/2025;PWR_FR;B;01/12/2027;31/12/2027;312,600;MWH;110,7540;EUR;MERCUR;MATCHED
BO900693;D2600735;24/10/2025;PWR_FR;B;01/01/2026;31/03/2026;159,300;MWH;93,3240;EUR;ICE_EN;MATCHED
BO902790;D2602974;26/06/2025;PWR_FR;B;01/06/2026;30/06/2026;274,100;MWH;55,2650;EUR;TOTALE;MATCHED
BO904392;D2604671;20/01/2026;PWR_FR;S;01/07/2027;31/07/2027;697,900;MWH;53,6110;EUR;STATKR;MATCHED
BO903639;D2603868;04/06/2026;PWR_FR;B;01/10/2027;31/10/2027;209,900;MWH;71,7140;EUR;TOTALE;MATCHED
BO900569;D2600607;05/03/2026;NG_PEG;B;01/03/2026;31/03/2026;60,100;MWH;32,6470;EUR;GUNVOR;MATCHED
BO902160;D2602296;25/12/2025;PWR_FR;B;01/12/2027;31/12/2027;164,600;MWH;105,5980;EUR;ICE_EN;MATCHED
BO903284;D2603501;06/08/2025;NG_PEG;S;01/09/2026;30/11/2026;257,700;MWH;28,5390;EUR;ICE_EN;MATCHED
BO900626;D2600666;22/10/2025;PWR_FR;B;01/05/2027;31/05/2027;82,200;MWH;66,0010;EUR;ICE_EN;MATCHED
BO900809;D2600855;14/01/2026;NG_PEG;B;01/09/2027;30/09/2027;201,800;MWH;27,7990;EUR;EEX_CL;MATCHED
BO906568;D2606990;06/08/2025;PWR_FR;S;01/03/2026;31/03/2026;276,700;MWH;67,6200;EUR;EDF_TR;CXL
BO906190;D2606594;22/07/2026;NG_PEG;S;01/04/2027;30/04/2027;286,000;MWH;29,4670;EUR;SHELL_;MATCHED
BO907384;D2607855;08/01/2026;PWR_FR;S;01/11/2027;30/11/2027;198,200;MWH;94,5740;EUR;EEX_CL;MATCHED
BO907854;D2608355;20/11/2025;NG_PEG;B;01/11/2027;30/11/2027;468,600;MWH;36,0650;EUR;ICE_EN;MATCHED
BO908773;D2602373;20/04/2026;PWR_FR;B;01/12/2026;31/12/2026;57,000;MWH;102,2660;EUR;EDF_TR;MATCHED
BO908780;D2601600;18/12/2025;NG_PEG;S;01/12/2027;31/12/2027;448,800;MWH;43,0580;EUR;GUNVOR;MATCHED
BO906660;D2607089;03/07/2026;NG_PEG;B;01/05/2027;31/05/2027;171,800;MWH;27,5830;EUR;GUNVOR;MATCHED
BO903507;D2603727;10/10/2025;NG_PEG;S;01/08/2027;31/07/2028;35,000;MWH;27,5660;EUR;RWE;MATCHED
BO907306;D2607773;11/02/2026;PWR_FR;S;01/08/2026;31/10/2026;216,500;MWH;73,3810;EUR;VITOL;MATCHED
BO904647;D2604944;05/02/2026;NG_PEG;B;01/04/2027;31/03/2028;71,100;MWH;33,8580;EUR;UNIPER;MATCHED
BO900332;D2600352;15/04/2026;PWR_FR;B;01/04/2027;30/04/2027;215,300;MWH;75,0690;EUR;STATKR;MATCHED
BO901226;D2601303;03/02/2026;PWR_FR;S;01/05/2027;31/05/2027;188,800;MWH;59,1110;EUR;VITOL;MATCHED
BO906845;D2607284;17/04/2026;PWR_FR;B;01/08/2026;31/07/2027;103,500;MWH;64,3330;EUR;STATKR;MATCHED
BO903575;D2603799;14/11/2025;NG_PEG;S;01/10/2027;31/12/2027;234,300;MWH;29,5160;EUR;EEX_CL;MATCHED
BO906655;D2607084;13/03/2026;PWR_FR;S;01/02/2026;28/02/2026;101,400;MWH;94,9370;EUR;EEX_CL;MATCHED
BO901648;D2601754;20/08/2025;NG_PEG;S;01/07/2026;31/07/2026;70,200;MWH;22,5580;EUR;UNIPER;MATCHED
BO904451;D2604735;30/06/2025;PWR_FR;S;01/01/2027;31/03/2027;159,500;MWH;105,2380;EUR;SHELL_;MATCHED
BO906267;D2606678;29/07/2025;PWR_FR;S;01/08/2027;31/08/2027;227,600;MWH;65,5650;EUR;EDF_TR;MATCHED
BO906402;D2606820;08/01/2026;NG_PEG;B;01/07/2027;31/07/2027;89,200;MWH;17,5690;EUR;STATKR;MATCHED
BO903366;D2603584;21/11/2025;NG_PEG;S;01/11/2026;31/10/2027;376,700;MWH;32,8810;EUR;GUNVOR;MATCHED
BO907798;D2608294;10/03/2026;PWR_FR;S;01/08/2026;31/08/2026;85,000;MWH;52,7990;EUR;VITOL;MATCHED
BO904332;D2604604;12/03/2026;NG_PEG;S;01/03/2026;31/05/2026;510,600;MWH;30,6130;EUR;RWE;MATCHED
BO903063;D2603267;13/04/2026;PWR_FR;B;01/05/2027;31/05/2027;423,500;MWH;79,2450;EUR;RWE;MATCHED
BO906311;D2606724;05/01/2026;PWR_FR;B;01/01/2026;31/01/2026;227,500;MWH;96,6100;EUR;AXPO;MATCHED
BO907377;D2607848;13/10/2025;PWR_FR;B;01/01/2027;31/01/2027;230,800;MWH;84,6100;EUR;MERCUR;MATCHED
BO903911;D2604155;04/06/2026;PWR_FR;S;01/12/2027;31/12/2027;69,900;MWH;110,4100;EUR;TOTALE;MATCHED
BO901365;D2601449;13/05/2026;NG_PEG;S;01/03/2026;28/02/2027;126,100;MWH;36,6100;EUR;GUNVOR;MATCHED
BO904018;D2604271;09/06/2026;PWR_FR;S;01/06/2026;30/06/2026;227,900;MWH;67,0810;EUR;AXPO;MATCHED
BO905504;D2605871;01/10/2025;PWR_FR;S;01/06/2026;30/06/2026;202400,000;KWH;70,9300;EUR;AXPO;MATCHED
BO905782;D2606166;03/02/2026;PWR_FR;B;01/03/2026;31/03/2026;59,100;MWH;78,1250;EUR;STATKR;MATCHED
BO904940;D2605265;02/02/2026;PWR_FR;S;01/08/2026;31/08/2026;404,100;MWH;64,5020;EUR;STATKR;MATCHED
BO902116;D2602250;30/01/2026;PWR_FR;S;01/12/2027;31/12/2027;386,800;MWH;93,8220;EUR;SHELL_;MATCHED
BO908344;D2608880;22/01/2026;NG_PEG;S;01/11/2027;30/11/2027;81,600;MWH;38,2050;EUR;VITOL;MATCHED
BO904731;D2605040;14/07/2025;NG_PEG;B;01/08/2027;31/10/2027;99,400;MWH;23,8160;EUR;EDF_TR;MATCHED
BO908583;D2600686;20/02/2026;PWR_FR;B;01/09/2027;30/09/2027;212,200;MWH;79,3030;EUR;VITOL;MATCHED
BO903085;D2603290;06/10/2025;NG_PEG;S;01/01/2026;31/12/2026;127,200;MWH;37,3430;EUR;TOTALE;MATCHED
BO903760;D2603995;16/02/2026;NG_PEG;S;01/09/2027;30/09/2027;123,100;MWH;30,6280;EUR;VITOL;MATCHED
BO900314;D2600334;13/06/2025;NG_PEG;B;01/08/2026;31/10/2026;163,600;MWH;25,0900;EUR;RWE;MATCHED
BO900950;D2601003;18/03/2026;PWR_FR;B;01/04/2026;31/03/2027;549,100;MWH;74,3860;EUR;TOTALE;MATCHED
BO902316;D2602460;29/08/2025;PWR_FR;B;01/07/2026;31/07/2026;74,300;MWH;66,5460;EUR;MERCUR;MATCHED
BO907969;D2608482;28/11/2025;NG_PEG;S;01/05/2026;31/05/2026;88,500;MWH;25,2780;EUR;SHELL_;MATCHED
BO900419;D2600443;21/07/2025;NG_PEG;B;01/12/2026;28/02/2027;103,800;MWH;42,4970;EUR;GUNVOR;MATCHED
BO904601;D2604895;16/12/2025;NG_PEG;B;01/03/2026;31/03/2026;260,700;MWH;39,6170;EUR;TOTALE;MATCHED
BO905072;D2605402;06/07/2026;NG_PEG;S;01/09/2026;30/09/2026;286,400;MWH;24,1620;EUR;VITOL;MATCHED
BO903199;D2603411;09/10/2025;PWR_FR;S;01/07/2027;30/09/2027;283,200;MWH;67,1720;EUR;SHELL_;MATCHED
BO906610;D2607035;27/04/2026;PWR_FR;B;01/05/2026;31/05/2026;189,800;MWH;59,5250;EUR;TOTALE;MATCHED
BO906029;D2606424;29/01/2026;NG_PEG;S;01/02/2027;28/02/2027;84,000;MWH;44,2790;EUR;MERCUR;MATCHED
BO905147;D2605482;20/03/2026;NG_PEG;B;01/11/2027;30/11/2027;473,200;MWH;33,8890;EUR;SHELL_;MATCHED
BO905968;D2606362;10/04/2026;PWR_FR;B;01/09/2026;31/08/2027;347,700;MWH;61,7750;EUR;EDF_TR;MATCHED
BO905280;D2605630;02/07/2025;PWR_FR;B;01/11/2026;30/11/2026;304,800;MWH;91,3600;EUR;ICE_EN;MATCHED
BO900927;d2600979;11/12/2025;PWR_FR;B;01/11/2026;31/10/2027;739,400;MWH;85,0190;EUR;EDF_TR;MATCHED
BO904739;D2605049;24/06/2026;NG_PEG;S;01/04/2027;30/06/2027;312,000;MWH;32,0880;EUR;EEX_CL;MATCHED
BO908821;D2608655;02/06/2025;NG_PEG;B;01/04/2026;30/04/2026;681,400;MWH;34,0310;EUR;SHELL_;MATCHED
BO906410;D2606828;27/02/2026;PWR_FR;S;01/07/2026;31/07/2026;207,000;MWH;63,0320;EUR;VITOL;MATCHED
BO904614;D2604908;03/09/2025;NG_PEG;S;01/03/2026;31/03/2026;210,900;MWH;34,7040;EUR;VITOL;MATCHED
BO903154;d2603363;02/02/2026;NG_PEG;B;01/12/2026;28/02/2027;70,300;MWH;34,0212;EUR;EDF_TR;MATCHED
BO900728;D2600770;02/06/2025;PWR_FR;B;01/05/2026;31/07/2026;346,200;MWH;54,4750;EUR;VITOL;MATCHED
BO904826;D2605143;01/05/2026;NG_PEG;S;01/10/2027;31/10/2027;177,200;MWH;32,2730;EUR;EDF_TR;MATCHED
BO907892;D2608401;31/07/2025;NG_PEG;S;01/08/2026;31/08/2026;93,100;MWH;24,6710;EUR;SHELL_;MATCHED
BO903955;D2604203;22/08/2025;PWR_FR;S;01/07/2027;31/07/2027;110,200;MWH;61,0940;EUR;EDF_TR;MATCHED
BO905902;D2606290;08/09/2025;PWR_FR;B;01/04/2027;30/06/2027;826,900;MWH;78,8680;EUR;GUNVOR;MATCHED
BO904447;D2604730;23/03/2026;NG_PEG;S;01/07/2026;31/07/2026;603,600;MWH;30,7040;EUR;UNIPER;MATCHED
BO904792;D2605107;06/11/2025;NG_PEG;S;01/02/2027;28/02/2027;248,000;MWH;36,9890;EUR;EDF_TR;MATCHED
BO901805;D2601919;25/05/2026;PWR_FR;B;01/01/2027;31/12/2027;324,100;MWH;81,8780;EUR;RWE;MATCHED
BO905718;D2606099;17/03/2026;PWR_FR;B;01/02/2027;30/04/2027;149,100;MWH;109,6190;EUR;ICE_EN;MATCHED
BO906297;D2606710;10/11/2025;NG_PEG;S;01/04/2026;30/04/2026;143,600;MWH;32,4300;EUR;VITOL;MATCHED
BO900349;D2600370;02/12/2025;PWR_FR;B;01/09/2027;30/09/2027;193,900;MWH;73,2350;EUR;AXPO;MATCHED
BO905262;D2605608;15/01/2026;NG_PEG;S;01/08/2026;31/08/2026;62,600;MWH;23,4190;EUR;MERCUR;MATCHED
BO902532;D2602693;17/10/2025;NG_PEG;B;01/02/2027;28/02/2027;160,900;MWH;38,8480;EUR;STATKR;MATCHED
BO901803;D2601916;12/03/2026;PWR_FR;S;01/07/2026;31/07/2026;163,100;MWH;48,4400;EUR;MERCUR;MATCHED
BO904055;D2604312;03/10/2025;NG_PEG;S;01/06/2026;31/08/2026;85,500;MWH;30,5300;EUR;RWE;CXL
BO902296;D2602440;15/05/2026;PWR_FR;S;01/07/2027;31/07/2027;782,800;MWH;62,5190;EUR;VITOL;MATCHED
BO905014;D2605342;06/01/2026;PWR_FR;B;01/04/2026;30/06/2026;74,400;MWH;83,3650;EUR;GUNVOR;MATCHED
BO908175;D2608702;20/04/2026;PWR_FR;B;01/11/2026;31/01/2027;82,000;MWH;71,4450;EUR;VITOL;MATCHED
BO905655;D2606032;22/12/2025;PWR_FR;B;01/11/2026;30/11/2026;50,000;MWH;86,2220;EUR;UNIPER;MATCHED
BO907401;D2607874;20/08/2025;PWR_FR;S;01/02/2026;30/04/2026;525,400;MWH;79,9360;EUR;SHELL_;MATCHED
BO904474;D2604758;28/05/2026;PWR_FR;B;01/05/2027;31/05/2027;131,600;MWH;85,0270;EUR;MERCUR;MATCHED
BO902800;D2602985;22/01/2026;PWR_FR;B;01/05/2026;31/05/2026;78,000;MWH;60,8700;EUR;UNIPER;MATCHED
BO908956;D2601567;16/07/2026;PWR_FR;B;01/01/2026;31/03/2026;108,000;MWH;92,2900;EUR;EDF_TR;MATCHED
BO903539;D2603760;22/06/2026;PWR_FR;S;01/11/2027;30/11/2027;211,300;MWH;86,3210;EUR;ICE_EN;MATCHED
BO907187;D2607645;31/03/2026;PWR_FR;B;01/09/2026;30/11/2026;111,700;MWH;75,1190;EUR;EDF_TR;MATCHED
BO900687;D2600728;06/10/2025;NG_PEG;B;01/12/2026;28/02/2027;438,400;MWH;46,7290;EUR;UNIPER;MATCHED
BO905004;d2605332;02/06/2026;PWR_FR;B;01/01/2027;31/12/2027;753,400;MWH;94,7470;EUR;RWE;MATCHED
BO900757;D2600799;21/11/2025;PWR_FR;S;01/12/2026;28/02/2027;257,000;MWH;101,3160;EUR;GUNVOR;MATCHED
BO904634;D2604930;18/09/2025;PWR_FR;S;01/06/2026;31/05/2027;136,500;MWH;72,0980;EUR;RWE;MATCHED
BO905163;D2605498;05/05/2026;PWR_FR;S;01/04/2027;30/04/2027;168,700;MWH;84,3290;EUR;EDF_TR;MATCHED
BO902201;D2602339;11/03/2026;NG_PEG;B;01/08/2026;31/08/2026;180,600;MWH;20,9950;EUR;GUNVOR;MATCHED
BO904477;D2604762;17/07/2025;PWR_FR;B;01/06/2027;31/08/2027;212,300;MWH;52,2620;EUR;EDF_TR;CXL
BO901047;D2601113;26/06/2025;PWR_FR;B;01/10/2027;31/10/2027;182,300;MWH;79,8090;EUR;VITOL;MATCHED
BO904749;D2605061;30/06/2026;PWR_FR;B;01/09/2026;30/09/2026;263,700;MWH;68,6520;EUR;VITOL;CXL
BO901796;D2601908;12/06/2026;NG_PEG;B;01/06/2027;31/08/2027;73,700;MWH;27,9640;EUR;STATKR;MATCHED
BO907938;D2608451;23/12/2025;NG_PEG;B;01/12/2026;31/12/2026;240,900;MWH;37,6670;EUR;STATKR;MATCHED
BO900087;D2600092;06/03/2026;NG_PEG;S;01/04/2027;30/04/2027;181,400;MWH;28,5730;EUR;VITOL;MATCHED
BO903881;D2604125;24/04/2026;NG_PEG;B;01/01/2026;31/01/2026;215,000;MWH;40,6450;EUR;TOTALE;MATCHED
BO908836;D2606621;12/06/2025;PWR_FR;S;01/04/2026;30/04/2026;249,600;MWH;94,2380;EUR;AXPO;MATCHED
BO904785;D2605100;17/10/2025;PWR_FR;B;01/06/2026;30/06/2026;109,000;MWH;58,3980;EUR;AXPO;MATCHED
BO908930;D2600387;21/07/2026;PWR_FR;S;01/01/2027;31/01/2027;463,300;MWH;94,4460;EUR;AXPO;MATCHED
BO901708;D2601816;03/06/2025;PWR_FR;S;01/12/2026;28/02/2027;548,400;MWH;90,5150;EUR;EDF_TR;MATCHED
BO907826;D2608324;23/06/2026;PWR_FR;S;01/04/2026;30/04/2026;87,300;MWH;71,9110;EUR;SHELL_;MATCHED
BO908726;D2604297;05/06/2025;NG_PEG;S;01/11/2026;30/11/2026;137,500;MWH;31,7600;EUR;TOTALE;MATCHED
BO900046;D2600049;04/06/2025;NG_PEG;B;01/02/2027;28/02/2027;1378,400;MWH;39,1030;EUR;SHELL_;MATCHED
BO908502;D2601020;29/10/2025;PWR_FR;B;01/11/2027;30/11/2027;456,600;MWH;94,0620;EUR;STATKR;MATCHED
BO902270;D2602411;26/09/2025;PWR_FR;B;01/03/2027;31/03/2027;561,600;MWH;80,2230;EUR;TOTALE;MATCHED
BO907643;D2608130;11/06/2026;PWR_FR;S;01/02/2027;28/02/2027;349300,000;KWH;92,6920;EUR;SHELL_;MATCHED
BO903156;D2603365;28/05/2026;PWR_FR;B;01/11/2027;30/11/2027;238,800;MWH;80,1300;EUR;STATKR;MATCHED
BO901126;D2601200;07/10/2025;PWR_FR;B;01/08/2026;31/10/2026;300,100;MWH;49,9570;EUR;AXPO;MATCHED
BO906869;D2607309;01/04/2026;PWR_FR;S;01/02/2026;30/04/2026;697,300;MWH;98,0820;EUR;EDF_TR;MATCHED
BO906146;D2606546;04/06/2025;NG_PEG;B;01/10/2027;30/09/2028;860,900;MWH;30,1480;EUR;UNIPER;MATCHED
BO905688;D2606067;21/10/2025;PWR_FR;S;01/02/2026;31/01/2027;163,600;MWH;99,2520;EUR;TOTALE;MATCHED
BO903896;D2604140;14/07/2025;PWR_FR;S;01/08/2026;31/08/2026;185,900;MWH;73,5530;EUR;RWE;MATCHED
BO902463;D2602617;21/04/2026;PWR_FR;S;01/03/2027;31/05/2027;214,400;MWH;75,3350;EUR;TOTALE;MATCHED
BO901273;D2601351;21/05/2026;NG_PEG;S;01/12/2027;31/12/2027;441,000;MWH;37,7550;EUR;RWE;MATCHED
BO900003;D2600003;19/08/2025;PWR_FR;B;01/08/2026;31/08/2026;190,500;MWH;52,6930;EUR;STATKR;MATCHED
BO907270;D2607734;26/12/2025;PWR_FR;B;01/03/2027;31/03/2027;215,300;MWH;84,6740;EUR;GUNVOR;MATCHED
BO903828;D2604069;22/04/2026;PWR_FR;B;01/01/2027;31/01/2027;89,200;MWH;89,3170;EUR;GUNVOR;MATCHED
BO901369;D2601454;04/11/2025;NG_PEG;S;01/08/2026;31/08/2026;211,400;MWH;28,5473;EUR;GUNVOR;MATCHED
BO900346;D2600366;14/10/2025;NG_PEG;B;01/08/2027;31/08/2027;220,400;MWH;27,4110;EUR;UNIPER;MATCHED
BO906176;D2606579;28/08/2025;NG_PEG;S;01/03/2026;31/05/2026;28,800;MWH;33,9540;EUR;TOTALE;MATCHED
BO900793;D2600837;23/03/2026;PWR_FR;S;01/06/2026;30/06/2026;115,400;MWH;67,1530;EUR;RWE;MATCHED
BO900239;D2600253;14/07/2026;PWR_FR;B;01/03/2027;31/03/2027;267,000;MWH;88,4470;EUR;VITOL;MATCHED
BO904574;D2604867;27/06/2025;PWR_FR;B;01/10/2027;31/12/2027;221,200;MWH;91,9890;EUR;TOTALE;MATCHED
BO904485;D2604771;20/02/2026;NG_PEG;S;01/09/2027;31/08/2028;140,800;MWH;28,3240;EUR;SHELL_;MATCHED
BO901853;D2601971;27/03/2026;PWR_FR;B;01/06/2026;31/08/2026;666,900;MWH;70,5200;EUR;EDF_TR;MATCHED
BO901505;D2601602;19/11/2025;NG_PEG;B;01/05/2026;31/05/2026;822,400;MWH;27,7750;EUR;UNIPER;MATCHED
BO900111;D2600119;28/07/2025;PWR_FR;S;01/02/2026;31/01/2027;316,400;MWH;89,1400;EUR;MERCUR;MATCHED
BO904204;D2604468;03/06/2026;PWR_FR;B;01/06/2026;30/06/2026;88,200;MWH;61,8240;EUR;UNIPER;MATCHED
BO900977;D2601033;22/07/2026;PWR_FR;B;01/03/2026;31/05/2026;314,400;MWH;83,2930;EUR;VITOL;MATCHED
BO902989;D2603187;21/01/2026;NG_PEG;B;01/10/2027;31/10/2027;226,300;MWH;30,5480;EUR;AXPO;MATCHED
BO908456;D2608996;04/06/2025;NG_PEG;S;01/01/2027;31/01/2027;179,600;MWH;39,4690;EUR;ICE_EN;MATCHED
BO905918;D2606306;27/10/2025;PWR_FR;S;01/01/2027;31/01/2027;206,800;MWH;91,9690;EUR;STATKR;MATCHED
BO908254;D2608785;16/09/2025;NG_PEG;B;01/11/2027;31/01/2028;147,200;MWH;38,2260;EUR;SHELL_;MATCHED
BO902346;D2602492;31/03/2026;NG_PEG;B;01/12/2026;28/02/2027;133,800;MWH;37,6600;EUR;AXPO;MATCHED
BO907207;D2607667;06/06/2025;PWR_FR;S;01/09/2027;30/09/2027;126,800;MWH;75,1680;EUR;GUNVOR;MATCHED
BO901761;D2601870;31/07/2025;NG_PEG;S;01/08/2027;31/10/2027;155,400;MWH;26,7400;EUR;RWE;MATCHED
BO907754;D2608246;01/05/2026;PWR_FR;S;01/09/2026;30/09/2026;1547,300;MWH;81,7290;EUR;VITOL;MATCHED
BO903048;D2603251;25/03/2026;NG_PEG;B;01/05/2027;31/05/2027;159,300;MWH;26,1040;EUR;MERCUR;MATCHED
BO904907;D2605229;20/06/2025;PWR_FR;S;01/04/2027;31/03/2028;80,600;MWH;81,2620;EUR;UNIPER;MATCHED
BO907824;D2608322;04/06/2026;NG_PEG;B;01/06/2027;31/08/2027;280,200;MWH;28,2030;EUR;VITOL;MATCHED
BO902500;D2602657;30/04/2026;NG_PEG;S;01/12/2027;29/02/2028;839,200;MWH;33,1770;EUR;SHELL_;MATCHED
BO901490;D2601585;19/08/2025;NG_PEG;B;01/11/2027;30/11/2027;343,100;MWH;23,1840;EUR;MERCUR;MATCHED
BO902748;D2602926;04/06/2026;NG_PEG;B;01/12/2027;29/02/2028;122,600;MWH;35,7010;EUR;STATKR;MATCHED
BO903961;D2604209;19/12/2025;NG_PEG;B;01/03/2026;31/03/2026;34,500;MWH;34,1210;EUR;UNIPER;MATCHED
BO902625;D2602791;05/09/2025;PWR_FR;S;01/04/2027;30/04/2027;585,100;MWH;67,5250;EUR;RWE;MATCHED
BO900845;D2600893;31/10/2025;PWR_FR;B;01/04/2027;30/04/2027;212,900;MWH;87,4630;EUR;TOTALE;MATCHED
BO908759;D2604923;15/05/2026;PWR_FR;B;01/08/2027;31/08/2027;394,800;MWH;46,8130;EUR;VITOL;MATCHED
BO903187;D2603398;01/06/2026;PWR_FR;B;01/05/2026;31/05/2026;264,100;MWH;81,3300;EUR;ICE_EN;MATCHED
BO903281;D2603498;20/10/2025;PWR_FR;B;01/04/2027;30/04/2027;165,600;MWH;68,3480;EUR;ICE_EN;MATCHED
BO903342;D2603560;24/03/2026;NG_PEG;S;01/10/2027;31/10/2027;29,500;MWH;24,4690;EUR;MERCUR;MATCHED
BO903673;D2603903;15/04/2026;PWR_FR;B;01/04/2027;30/06/2027;50,700;MWH;77,0920;EUR;SHELL_;MATCHED
BO901077;d2601147;22/07/2025;PWR_FR;B;01/10/2026;30/09/2027;274,500;MWH;84,7160;EUR;AXPO;MATCHED
BO906893;D2607333;28/10/2025;NG_PEG;B;01/12/2026;28/02/2027;793,800;MWH;38,4120;EUR;RWE;MATCHED
BO907607;D2608091;07/07/2025;NG_PEG;B;01/12/2026;31/12/2026;91300,000;KWH;39,2250;EUR;EEX_CL;MATCHED
BO905407;D2605766;09/12/2025;PWR_FR;B;01/05/2026;31/07/2026;123,100;MWH;70,8060;EUR;VITOL;MATCHED
BO908851;D2600111;17/07/2025;PWR_FR;B;01/09/2027;30/09/2027;131,600;MWH;73,2030;EUR;EEX_CL;MATCHED
BO906741;D2607174;21/05/2026;PWR_FR;B;01/10/2027;31/12/2027;75,300;MWH;72,9860;EUR;ICE_EN;MATCHED
BO902450;D2602604;04/02/2026;NG_PEG;B;01/09/2026;30/09/2026;99,900;MWH;26,7290;EUR;RWE;MATCHED
BO902981;D2603179;17/11/2025;PWR_FR;B;01/09/2026;30/09/2026;305,800;MWH;51,1900;EUR;MERCUR;MATCHED
BO905286;D2605637;13/04/2026;PWR_FR;B;01/10/2027;31/10/2027;419,700;MWH;77,3750;EUR;AXPO;MATCHED
BO903891;D2604135;17/10/2025;PWR_FR;B;01/09/2027;30/09/2027;708,500;MWH;53,8320;EUR;EDF_TR;MATCHED
BO902011;D2602141;22/01/2026;NG_PEG;S;01/07/2026;31/07/2026;375,400;MWH;26,4020;EUR;ICE_EN;MATCHED
BO903065;D2603269;15/06/2026;NG_PEG;B;01/03/2026;31/03/2026;355,000;MWH;37,3890;EUR;UNIPER;MATCHED
BO905029;D2605357;06/07/2026;NG_PEG;B;01/01/2026;31/01/2026;176,900;MWH;42,0140;EUR;EEX_CL;MATCHED
BO907064;D2607515;08/06/2026;PWR_FR;B;01/08/2026;31/08/2026;264,900;MWH;61,7450;EUR;EDF_TR;MATCHED
BO904537;D02604826;16/04/2026;PWR_FR;B;01/04/2026;30/04/2026;193,300;MWH;76,1850;EUR;TOTALE;MATCHED
BO905627;D2606004;18/06/2025;PWR_FR;B;01/07/2027;31/07/2027;54,500;MWH;63,1280;EUR;EDF_TR;MATCHED
BO905976;D2606370;22/07/2025;PWR_FR;S;01/03/2027;31/03/2027;39,000;MWH;103,4920;EUR;STATKR;MATCHED
BO908218;D2608747;09/01/2026;NG_PEG;B;01/08/2027;31/08/2027;126,600;MWH;22,1810;EUR;EDF_TR;MATCHED
BO901897;D2602021;29/04/2026;PWR_FR;S;01/02/2027;28/02/2027;259,400;MWH;101,7800;EUR;EEX_CL;MATCHED
BO900266;D2600282;05/03/2026;PWR_FR;S;01/10/2027;30/09/2028;280,400;MWH;80,6470;EUR;MERCUR;MATCHED
BO902453;D2602607;30/07/2025;PWR_FR;S;01/03/2027;31/03/2027;303,900;MWH;99,4820;EUR;EDF_TR;MATCHED
BO903541;D2603762;23/07/2025;PWR_FR;B;01/11/2026;30/11/2026;371,200;MWH;79,4390;EUR;SHELL_;CXL
BO902434;D2602588;16/12/2025;PWR_FR;S;01/10/2026;31/10/2026;643,000;MWH;64,2570;EUR;ICE_EN;MATCHED
BO904379;D2604656;22/07/2025;PWR_FR;S;01/12/2027;31/12/2027;492,700;MWH;83,5520;EUR;STATKR;MATCHED
BO906180;D2606583;29/08/2025;PWR_FR;S;01/06/2027;31/08/2027;890,400;MWH;69,3950;EUR;VITOL;MATCHED
BO901252;D2601330;11/02/2026;NG_PEG;S;01/11/2026;30/11/2026;163,100;MWH;42,2540;EUR;RWE;MATCHED
BO904217;D2604482;20/08/2025;NG_PEG;B;01/10/2026;31/10/2026;757,800;MWH;33,6420;EUR;TOTALE;MATCHED
BO907750;D2608241;01/07/2025;NG_PEG;B;01/09/2027;30/11/2027;431,300;MWH;27,0600;EUR;MERCUR;MATCHED
BO901896;D2602020;19/05/2026;PWR_FR;S;01/11/2026;31/01/2027;150,900;MWH;80,5620;EUR;GUNVOR;MATCHED
BO906171;D2606573;08/05/2026;NG_PEG;B;01/03/2026;31/03/2026;179,700;MWH;33,2900;EUR;AXPO;MATCHED
BO903214;D2603427;15/04/2026;NG_PEG;B;01/10/2026;31/10/2026;423,800;MWH;37,8460;EUR;RWE;MATCHED
BO902314;D2602458;27/02/2026;NG_PEG;B;01/11/2027;31/01/2028;61,400;MWH;36,7612;EUR;GUNVOR;MATCHED
BO900571;D2600609;17/02/2026;PWR_FR;B;01/01/2026;31/01/2026;1522,500;MWH;73,6380;EUR;TOTALE;MATCHED
BO904636;D2604932;06/02/2026;PWR_FR;B;01/05/2026;30/04/2027;140,400;MWH;78,7140;EUR;MERCUR;MATCHED
BO901333;D2601416;08/09/2025;NG_PEG;B;01/12/2027;29/02/2028;117,000;MWH;42,4950;EUR;MERCUR;MATCHED
BO907471;D2607944;04/11/2025;PWR_FR;S;01/10/2027;31/10/2027;422,600;MWH;76,7090;EUR;STATKR;MATCHED
BO907588;D2608071;09/10/2025;PWR_FR;S;01/10/2027;31/12/2027;119,200;MWH;79,8280;EUR;MERCUR;MATCHED
BO906298;D2606711;10/10/2025;PWR_FR;B;01/09/2026;30/09/2026;70,900;MWH;69,5820;EUR;SHELL_;MATCHED
BO904003;D2604254;24/09/2025;NG_PEG;S;01/12/2026;31/12/2026;907,600;MWH;27,3580;EUR;ICE_EN;MATCHED
BO901304;D2601383;19/09/2025;PWR_FR;S;01/08/2026;31/08/2026;292,100;MWH;72,8470;EUR;STATKR;CXL
BO908764;D2600498;22/08/2025;NG_PEG;B;01/05/2026;30/04/2027;165,400;MWH;25,7550;EUR;TOTALE;MATCHED
BO902550;D2602711;30/10/2025;NG_PEG;S;01/12/2026;31/12/2026;280100,000;KWH;29,9410;EUR;VITOL;MATCHED
BO906319;D2606732;08/12/2025;NG_PEG;S;01/06/2026;30/06/2026;130,700;MWH;25,4890;EUR;VITOL;MATCHED
BO901138;D2601213;06/10/2025;PWR_FR;B;01/04/2026;31/03/2027;106,600;MWH;81,7270;EUR;EDF_TR;MATCHED
BO904190;D2604454;13/04/2026;NG_PEG;B;01/07/2026;30/09/2026;61,000;MWH;26,5050;EUR;GUNVOR;MATCHED
BO900679;D2600720;17/06/2026;PWR_FR;B;01/07/2027;31/07/2027;63,300;MWH;57,8150;EUR;GUNVOR;MATCHED
BO907398;D2607870;12/06/2025;PWR_FR;S;01/06/2027;30/06/2027;246,200;MWH;70,4600;EUR;EDF_TR;MATCHED
BO900621;D2600661;06/04/2026;PWR_FR;B;01/11/2026;31/01/2027;455,400;MWH;83,2510;EUR;GUNVOR;MATCHED
BO903977;D2604227;17/10/2025;PWR_FR;S;01/03/2027;31/03/2027;196,400;MWH;83,9280;EUR;EDF_TR;MATCHED
BO907528;D2608003;25/03/2026;PWR_FR;S;01/03/2026;31/03/2026;24,900;MWH;102,5650;EUR;VITOL;MATCHED
BO902905;D2603099;24/09/2025;NG_PEG;S;01/03/2026;31/03/2026;621,600;MWH;30,5460;EUR;GUNVOR;MATCHED
BO908656;D2608495;21/04/2026;NG_PEG;B;01/04/2026;30/04/2026;442,600;MWH;24,8350;EUR;MERCUR;MATCHED
BO906271;D2606682;15/09/2025;NG_PEG;S;01/05/2027;31/05/2027;392,100;MWH;33,5440;EUR;VITOL;MATCHED
BO902442;D2602596;07/07/2026;NG_PEG;S;01/12/2026;31/12/2026;30,400;MWH;36,4260;EUR;GUNVOR;MATCHED
BO902476;D2602630;17/09/2025;PWR_FR;B;01/08/2027;31/08/2027;853,000;MWH;64,7450;EUR;EEX_CL;MATCHED
BO903143;d2603351;05/03/2026;PWR_FR;B;01/03/2026;31/03/2026;213,800;MWH;91,7290;EUR;MERCUR;MATCHED
BO900776;D2600818;08/08/2025;PWR_FR;B;01/06/2026;31/08/2026;816,100;MWH;50,1460;EUR;EEX_CL;MATCHED
BO906937;D2607380;18/07/2025;PWR_FR;S;01/09/2026;31/08/2027;166,100;MWH;73,6150;EUR;ICE_EN;MATCHED
BO902971;D2603167;20/08/2025;PWR_FR;B;01/02/2027;28/02/2027;112,100;MWH;87,3630;EUR;TOTALE;MATCHED
BO904145;D2604407;19/08/2025;NG_PEG;S;01/03/2026;31/05/2026;481,300;MWH;32,1080;EUR;SHELL_;MATCHED
BO906928;D2607371;31/03/2026;NG_PEG;S;01/03/2026;31/05/2026;188,100;MWH;32,4190;EUR;TOTALE;MATCHED
BO908004;D2608522;18/03/2026;NG_PEG;B;01/03/2027;31/05/2027;448,000;MWH;43,1400;EUR;STATKR;MATCHED
BO906659;D2607088;14/07/2026;NG_PEG;B;01/12/2027;29/02/2028;401,700;MWH;41,7400;EUR;STATKR;MATCHED
BO905576;D2605946;01/07/2025;NG_PEG;B;01/02/2026;28/02/2026;291,200;MWH;42,2450;EUR;RWE;MATCHED
BO904598;D2604892;15/10/2025;NG_PEG;B;01/01/2026;31/12/2026;419,000;MWH;35,1860;EUR;GUNVOR;MATCHED
BO900027;D2600030;17/09/2025;PWR_FR;B;01/10/2026;31/10/2026;402,100;MWH;89,7350;EUR;ICE_EN;MATCHED
BO902347;D2602494;17/12/2025;NG_PEG;B;01/01/2026;31/12/2026;259,500;MWH;38,4680;EUR;EDF_TR;MATCHED
BO903892;D2604136;23/10/2025;PWR_FR;S;01/11/2027;30/11/2027;107,600;MWH;67,8760;EUR;SHELL_;MATCHED
BO907888;D2608396;08/04/2026;PWR_FR;B;01/01/2027;31/01/2027;1080,100;MWH;97,0380;EUR;STATKR;MATCHED
BO907231;D2607693;27/04/2026;PWR_FR;S;01/09/2026;30/09/2026;338,900;MWH;74,0850;EUR;AXPO;MATCHED
BO905831;D2606219;18/09/2025;PWR_FR;B;01/06/2027;30/06/2027;232,000;MWH;61,6850;EUR;UNIPER;MATCHED
BO908636;D2607552;29/08/2025;PWR_FR;S;01/02/2027;28/02/2027;203,300;MWH;101,6450;EUR;ICE_EN;MATCHED
BO907841;D2608342;24/06/2025;NG_PEG;B;01/06/2026;30/06/2026;463,400;MWH;23,1230;EUR;VITOL;MATCHED
BO902874;D2603063;22/12/2025;NG_PEG;S;01/02/2027;28/02/2027;236,700;MWH;35,6520;EUR;ICE_EN;MATCHED
BO906007;D2606401;11/02/2026;PWR_FR;B;01/04/2027;30/04/2027;149,300;MWH;79,0360;EUR;TOTALE;MATCHED
BO901531;D2601629;14/07/2025;PWR_FR;S;01/11/2026;30/11/2026;134,000;MWH;92,4130;EUR;EEX_CL;MATCHED
BO907944;D2608457;25/11/2025;NG_PEG;S;01/06/2026;30/06/2026;333,900;MWH;24,6860;EUR;UNIPER;MATCHED
BO908915;D2608397;15/07/2026;PWR_FR;B;01/01/2026;31/12/2026;50,100;MWH;91,4550;EUR;UNIPER;MATCHED
BO904421;D2604702;05/05/2026;NG_PEG;B;01/10/2027;31/10/2027;109,800;MWH;33,7670;EUR;VITOL;MATCHED
BO907602;D2608086;19/02/2026;NG_PEG;B;01/04/2027;30/04/2027;117,400;MWH;30,4970;EUR;TOTALE;MATCHED
BO908927;D2608417;16/10/2025;PWR_FR;S;01/07/2027;30/06/2028;129,900;MWH;61,9670;EUR;UNIPER;MATCHED
BO905446;D2605809;07/11/2025;PWR_FR;S;01/01/2027;31/01/2027;137,500;MWH;101,1750;EUR;AXPO;MATCHED
BO906815;D2607253;20/07/2026;PWR_FR;S;01/04/2026;31/03/2027;263,900;MWH;78,3640;EUR;TOTALE;MATCHED
BO903632;D2603861;02/03/2026;NG_PEG;S;01/08/2027;31/08/2027;304,900;MWH;24,1940;EUR;EEX_CL;MATCHED
BO908470;D2608273;30/07/2025;PWR_FR;S;01/07/2027;31/07/2027;476,100;MWH;72,2660;EUR;VITOL;CXL
BO906030;D2606425;24/07/2026;PWR_FR;B;01/12/2027;31/12/2027;161,200;MWH;114,7720;EUR;EDF_TR;MATCHED
BO901402;D2601491;23/02/2026;PWR_FR;S;01/06/2027;31/05/2028;93,200;MWH;62,7860;EUR;STATKR;MATCHED
BO905114;D2605446;23/02/2026;PWR_FR;S;01/01/2026;31/12/2026;112,900;MWH;112,9770;EUR;GUNVOR;MATCHED
BO900847;D2600895;13/02/2026;PWR_FR;B;01/11/2026;30/11/2026;550,100;MWH;103,0580;EUR;ICE_EN;MATCHED
BO906756;D2607189;10/12/2025;PWR_FR;B;01/12/2027;31/12/2027;319,900;MWH;104,7250;EUR;EEX_CL;MATCHED
BO908586;D2605836;23/09/2025;NG_PEG;S;01/07/2026;31/07/2026;171,500;MWH;24,1300;EUR;EDF_TR;MATCHED
BO901879;D2602001;16/12/2025;PWR_FR;S;01/01/2026;31/01/2026;426,100;MWH;88,2280;EUR;AXPO;MATCHED
BO903549;D2603771;16/04/2026;PWR_FR;B;01/07/2027;31/07/2027;968,700;MWH;67,9130;EUR;EDF_TR;MATCHED
BO907956;D2608469;03/11/2025;PWR_FR;S;01/05/2027;31/05/2027;291,900;MWH;75,3160;EUR;SHELL_;MATCHED
BO908060;D2608580;13/05/2026;PWR_FR;S;01/03/2026;31/03/2026;391,200;MWH;92,0780;EUR;MERCUR;MATCHED
BO908198;D2608727;05/06/2025;PWR_FR;B;01/04/2026;31/03/2027;1993,700;MWH;77,5360;EUR;TOTALE;MATCHED
BO907536;D2608011;04/02/2026;NG_PEG;B;01/07/2027;31/07/2027;189,800;MWH;21,3450;EUR;EEX_CL;MATCHED
BO901136;D2601211;25/08/2025;PWR_FR;S;01/10/2027;31/10/2027;58,600;MWH;92,5240;EUR;ICE_EN;MATCHED
BO906389;D2606806;16/06/2025;PWR_FR;S;01/10/2027;31/10/2027;377,300;MWH;82,3120;EUR;MERCUR;MATCHED
BO900942;D2600995;14/07/2025;NG_PEG;S;01/03/2026;31/03/2026;109,500;MWH;27,3790;EUR;SHELL_;MATCHED
BO906948;D2607391;23/06/2026;NG_PEG;B;01/03/2027;31/03/2027;104,900;MWH;30,7030;EUR;SHELL_;MATCHED
BO900232;D2600245;23/10/2025;PWR_FR;B;01/01/2026;31/12/2026;110,500;MWH;73,2220;EUR;EEX_CL;MATCHED
BO901582;D2601685;26/03/2026;PWR_FR;S;01/09/2026;30/09/2026;448,900;MWH;69,1740;EUR;RWE;MATCHED
BO904526;D2604815;29/09/2025;NG_PEG;B;01/12/2027;30/11/2028;271,700;MWH;31,5450;EUR;RWE;MATCHED
BO907641;D2608128;23/07/2026;NG_PEG;B;01/04/2026;30/04/2026;187,300;MWH;31,6390;EUR;TOTALE;MATCHED
BO907172;D2607630;28/11/2025;PWR_FR;B;01/08/2026;31/10/2026;79,200;MWH;61,2910;EUR;AXPO;MATCHED
BO905261;D2605607;21/01/2026;NG_PEG;B;01/05/2027;31/05/2027;34,000;MWH;29,6380;EUR;ICE_EN;MATCHED
BO906872;D2607312;05/09/2025;PWR_FR;S;01/01/2026;31/03/2026;191,300;MWH;103,3570;EUR;EEX_CL;MATCHED
BO901572;D2601674;03/10/2025;PWR_FR;S;01/08/2026;31/08/2026;87,600;MWH;58,6270;EUR;AXPO;MATCHED
BO907785;D2608280;17/12/2025;NG_PEG;S;01/05/2027;31/05/2027;375,600;MWH;30,9020;EUR;RWE;MATCHED
BO905040;D2605369;26/11/2025;NG_PEG;B;01/04/2027;30/04/2027;154,700;MWH;28,9670;EUR;EDF_TR;MATCHED
BO901726;D2601835;27/01/2026;NG_PEG;S;01/12/2027;29/02/2028;49,700;MWH;30,8400;EUR;RWE;MATCHED
BO900113;D2600121;16/03/2026;NG_PEG;B;01/08/2027;31/08/2027;615,200;MWH;27,8370;EUR;ICE_EN;MATCHED
BO904103;D2604361;27/01/2026;PWR_FR;B;01/06/2026;31/05/2027;780,400;MWH;58,0960;EUR;AXPO;MATCHED
BO905231;D2605573;11/07/2025;NG_PEG;S;01/04/2027;30/04/2027;116,400;MWH;31,5450;EUR;MERCUR;MATCHED
BO908188;D2608716;19/12/2025;NG_PEG;B;01/02/2026;31/01/2027;109,400;MWH;35,6120;EUR;STATKR;MATCHED
BO907676;D2608163;04/02/2026;NG_PEG;S;01/06/2027;30/06/2027;397,500;MWH;22,0680;EUR;EEX_CL;MATCHED
BO905792;D2606177;19/06/2026;PWR_FR;B;01/05/2026;31/05/2026;361,000;MWH;68,2920;EUR;UNIPER;MATCHED
BO906480;D2606900;06/05/2026;PWR_FR;B;01/03/2027;31/03/2027;212,500;MWH;99,6670;EUR;ICE_EN;MATCHED
BO908902;D2601092;17/06/2025;NG_PEG;B;01/04/2026;30/04/2026;123,100;MWH;27,2490;EUR;SHELL_;MATCHED
BO906496;D2606916;26/08/2025;NG_PEG;S;01/02/2027;31/01/2028;51,600;MWH;32,2400;EUR;VITOL;MATCHED
BO908152;D2608679;18/12/2025;PWR_FR;B;01/08/2027;31/10/2027;171,900;MWH;78,5860;EUR;MERCUR;MATCHED
BO908662;D2604017;03/06/2025;PWR_FR;B;01/09/2026;31/08/2027;91,700;MWH;73,5800;EUR;GUNVOR;MATCHED
BO903168;D2603377;21/07/2026;PWR_FR;B;01/06/2027;31/08/2027;125,000;MWH;69,3610;EUR;ICE_EN;MATCHED
BO901778;D2601888;17/10/2025;NG_PEG;S;01/10/2026;31/10/2026;89,200;MWH;34,8660;EUR;ICE_EN;MATCHED
BO908151;D2608678;13/03/2026;NG_PEG;B;01/06/2027;31/08/2027;271,700;MWH;23,4910;EUR;EEX_CL;MATCHED
BO903420;D02603638;28/01/2026;PWR_FR;B;01/12/2027;29/02/2028;122,000;MWH;95,7070;EUR;SHELL_;MATCHED
BO905285;D2605636;17/07/2026;PWR_FR;B;01/06/2027;30/06/2027;109,700;MWH;64,1660;EUR;UNIPER;MATCHED
BO903707;D2603939;13/07/2026;NG_PEG;B;01/03/2027;31/05/2027;659,300;MWH;36,7490;EUR;GUNVOR;MATCHED
BO908972;D2605523;12/08/2025;PWR_FR;S;01/02/2027;28/02/2027;164,900;MWH;89,7930;EUR;ICE_EN;MATCHED
BO906876;D2607316;23/07/2025;PWR_FR;B;01/03/2027;31/03/2027;56,800;MWH;85,2090;EUR;STATKR;MATCHED
BO902875;D2603064;26/09/2025;PWR_FR;B;01/12/2027;31/12/2027;234,400;MWH;97,3040;EUR;TOTALE;MATCHED
BO908425;D2608965;04/12/2025;NG_PEG;B;01/06/2026;30/06/2026;237,400;MWH;27,7790;EUR;TOTALE;MATCHED
BO908947;D2601384;19/01/2026;PWR_FR;S;01/12/2027;31/12/2027;1075,000;MWH;104,0510;EUR;GUNVOR;CXL
BO901614;D2601719;11/09/2025;PWR_FR;B;01/02/2027;28/02/2027;374,600;MWH;94,4790;EUR;AXPO;MATCHED
BO906803;D2607240;30/03/2026;NG_PEG;B;01/03/2027;31/03/2027;117,100;MWH;30,8160;EUR;GUNVOR;MATCHED
BO904289;D2604560;25/09/2025;PWR_FR;B;01/04/2027;30/04/2027;139,200;MWH;92,4050;EUR;MERCUR;MATCHED
BO908450;D2608990;18/09/2025;PWR_FR;S;01/06/2026;30/06/2026;362,500;MWH;65,0270;EUR;GUNVOR;MATCHED
BO903834;D2604075;09/04/2026;NG_PEG;B;01/09/2027;30/09/2027;56,300;MWH;31,1780;EUR;MERCUR;MATCHED
BO904535;D2604824;09/06/2026;NG_PEG;B;01/07/2026;31/07/2026;156,500;MWH;24,2800;EUR;UNIPER;MATCHED
BO902473;D2602627;07/05/2026;PWR_FR;S;01/07/2027;30/09/2027;254,300;MWH;58,7310;EUR;EEX_CL;MATCHED
BO905092;D2605423;22/07/2025;PWR_FR;B;01/08/2026;31/08/2026;166,600;MWH;44,2260;EUR;RWE;MATCHED
BO902883;D2603075;16/07/2026;PWR_FR;B;01/03/2027;31/05/2027;33,300;MWH;106,9790;EUR;RWE;MATCHED
BO906240;D2606649;11/06/2026;PWR_FR;S;01/11/2026;30/11/2026;50,600;MWH;89,7000;EUR;EDF_TR;MATCHED
BO906049;D2606444;12/03/2026;NG_PEG;S;01/08/2027;31/08/2027;80,700;MWH;19,7500;EUR;ICE_EN;MATCHED
BO902255;D2602394;10/07/2025;PWR_FR;B;01/03/2026;31/03/2026;318,700;MWH;87,0210;EUR;VITOL;MATCHED
BO906796;D2607230;07/07/2025;PWR_FR;S;01/09/2027;30/09/2027;217,800;MWH;66,2440;EUR;STATKR;MATCHED
BO906133;D2606533;07/07/2026;NG_PEG;B;01/04/2026;30/04/2026;338,500;MWH;33,2190;EUR;RWE;MATCHED
BO901292;D2601371;17/06/2026;PWR_FR;B;01/10/2026;31/10/2026;331,300;MWH;89,0630;EUR;GUNVOR;MATCHED
BO900072;D2600077;16/06/2026;PWR_FR;S;01/03/2026;31/03/2026;411,400;MWH;87,2130;EUR;RWE;MATCHED
BO902531;D2602692;18/06/2026;NG_PEG;S;01/04/2027;30/06/2027;174,300;MWH;31,0620;EUR;STATKR;MATCHED
BO904095;D2604353;28/05/2026;NG_PEG;S;01/11/2026;31/01/2027;106,900;MWH;26,8130;EUR;VITOL;MATCHED
BO905164;D2605499;31/10/2025;PWR_FR;B;01/08/2026;31/08/2026;354,100;MWH;49,1540;EUR;AXPO;MATCHED
BO902403;D2602557;18/12/2025;PWR_FR;S;01/08/2027;31/08/2027;372,700;MWH;58,3590;EUR;AXPO;MATCHED
BO908848;D2608365;22/08/2025;PWR_FR;B;01/03/2026;31/03/2026;27,200;MWH;90,9460;EUR;AXPO;MATCHED
BO903084;D2603289;20/04/2026;PWR_FR;B;01/11/2026;30/11/2026;145,000;MWH;77,9300;EUR;EDF_TR;MATCHED
BO907415;D2607888;03/09/2025;NG_PEG;B;01/07/2026;31/07/2026;298,500;MWH;19,7980;EUR;STATKR;MATCHED
BO903615;D2603842;16/09/2025;PWR_FR;B;01/06/2026;30/06/2026;357,700;MWH;60,8120;EUR;GUNVOR;MATCHED
BO904724;D2605033;23/06/2025;PWR_FR;B;01/04/2026;31/03/2027;321,300;MWH;66,8140;EUR;TOTALE;MATCHED
BO905340;D2605693;09/09/2025;NG_PEG;S;01/01/2026;31/01/2026;212,900;MWH;41,6532;EUR;TOTALE;MATCHED
BO905235;D2605579;04/03/2026;PWR_FR;S;01/02/2027;28/02/2027;395,600;MWH;89,6710;EUR;EDF_TR;MATCHED
BO902050;D2602181;02/07/2026;PWR_FR;B;01/03/2026;31/03/2026;82,400;MWH;85,1540;EUR;GUNVOR;CXL
BO901251;D2601329;02/06/2026;PWR_FR;B;01/11/2026;30/11/2026;120,400;MWH;84,2900;EUR;RWE;MATCHED
BO900399;D2600422;13/08/2025;PWR_FR;S;01/02/2026;28/02/2026;54,000;MWH;99,9320;EUR;TOTALE;MATCHED
BO907289;D2607755;26/08/2025;NG_PEG;S;01/12/2026;31/12/2026;460,500;MWH;37,3880;EUR;GUNVOR;MATCHED
BO908984;D2606213;06/07/2026;PWR_FR;S;01/09/2026;30/09/2026;117,000;MWH;71,4290;EUR;STATKR;MATCHED
BO905404;D2605763;09/01/2026;PWR_FR;B;01/02/2027;28/02/2027;147,700;MWH;73,1020;EUR;RWE;MATCHED
BO903827;D2604068;11/06/2025;PWR_FR;S;01/08/2026;31/08/2026;396,200;MWH;61,3590;EUR;SHELL_;MATCHED
BO907089;D2607542;19/01/2026;NG_PEG;S;01/07/2026;30/09/2026;113,400;MWH;24,4980;EUR;GUNVOR;MATCHED
BO907445;D2607918;22/04/2026;NG_PEG;S;01/11/2026;30/11/2026;142,300;MWH;36,0560;EUR;VITOL;MATCHED
BO900716;D2600758;04/02/2026;PWR_FR;S;01/04/2026;30/04/2026;227,300;MWH;88,1820;EUR;GUNVOR;MATCHED
BO905382;D2605740;10/07/2025;NG_PEG;S;01/04/2027;30/06/2027;550,900;MWH;30,9240;EUR;UNIPER;MATCHED
BO902728;D2602901;04/08/2025;PWR_FR;B;01/12/2026;28/02/2027;334,100;MWH;85,7930;EUR;MERCUR;MATCHED
BO902465;D2602619;21/01/2026;PWR_FR;S;01/05/2026;31/05/2026;60,400;MWH;79,6440;EUR;MERCUR;CXL
BO907930;D2608443;24/03/2026;PWR_FR;B;01/08/2027;31/08/2027;49,100;MWH;70,5050;EUR;EEX_CL;CXL
BO901533;D2601631;15/07/2025;PWR_FR;S;01/12/2027;30/11/2028;234,500;MWH;79,6080;EUR;TOTALE;MATCHED
BO907843;D2608344;20/04/2026;PWR_FR;B;01/10/2027;31/10/2027;557,400;MWH;78,6830;EUR;ICE_EN;MATCHED
BO904696;D2605003;13/05/2026;PWR_FR;S;01/01/2027;31/03/2027;408,200;MWH;93,3990;EUR;VITOL;MATCHED
BO906994;D2607440;25/12/2025;NG_PEG;B;01/12/2027;29/02/2028;378,100;MWH;35,0550;EUR;TOTALE;MATCHED
BO905870;D2606258;17/07/2026;NG_PEG;B;01/10/2027;31/10/2027;152,300;MWH;32,4640;EUR;RWE;MATCHED
BO905661;D2606039;29/06/2026;PWR_FR;S;01/08/2027;31/08/2027;142,000;MWH;60,0290;EUR;MERCUR;MATCHED
BO907663;D2608150;29/12/2025;PWR_FR;S;01/05/2027;31/07/2027;519,000;MWH;64,3980;EUR;TOTALE;MATCHED
BO906522;D2606943;29/07/2025;NG_PEG;S;01/02/2027;30/04/2027;93,700;MWH;37,5650;EUR;STATKR;MATCHED
BO900441;D2600467;26/03/2026;PWR_FR;B;01/10/2027;31/10/2027;217,800;MWH;83,0820;EUR;EDF_TR;MATCHED
BO904733;D2605042;02/03/2026;NG_PEG;B;01/04/2027;30/04/2027;535,700;MWH;25,1360;EUR;UNIPER;MATCHED
BO903759;D2603994;13/03/2026;PWR_FR;B;01/06/2026;30/06/2026;108,800;MWH;62,7310;EUR;ICE_EN;MATCHED
BO908578;D2606351;16/09/2025;PWR_FR;B;01/09/2027;30/09/2027;103,200;MWH;69,2860;EUR;MERCUR;MATCHED
BO904476;D2604761;21/08/2025;PWR_FR;B;01/01/2027;31/03/2027;684,500;MWH;90,8440;EUR;VITOL;MATCHED
BO908484;D2604954;05/05/2026;PWR_FR;S;01/11/2026;30/11/2026;89,100;MWH;75,2200;EUR;TOTALE;MATCHED
BO908391;D2608930;25/08/2025;PWR_FR;S;01/08/2026;31/08/2026;195,800;MWH;64,5200;EUR;RWE;MATCHED
BO903045;D2603248;31/10/2025;NG_PEG;B;01/07/2027;31/07/2027;356,000;MWH;24,4650;EUR;EDF_TR;MATCHED
BO902893;D2603087;25/06/2026;PWR_FR;S;01/02/2026;28/02/2026;507,300;MWH;113,8170;EUR;AXPO;MATCHED
BO904271;D2604540;08/07/2025;PWR_FR;S;01/02/2027;28/02/2027;464,800;MWH;113,8200;EUR;AXPO;MATCHED
BO907712;D2608201;25/05/2026;NG_PEG;B;01/06/2027;30/06/2027;321,800;MWH;26,8210;EUR;EEX_CL;MATCHED
BO900312;D2600332;31/12/2025;PWR_FR;B;01/03/2026;31/03/2026;213,400;MWH;85,1100;EUR;RWE;MATCHED
BO906723;D2607155;20/02/2026;NG_PEG;B;01/08/2026;31/10/2026;437,400;MWH;28,9240;EUR;EDF_TR;MATCHED
BO906988;D2607434;02/04/2026;PWR_FR;S;01/04/2027;30/06/2027;285,900;MWH;84,9780;EUR;TOTALE;MATCHED
BO907298;D2607765;22/04/2026;NG_PEG;B;01/07/2026;30/09/2026;340,900;MWH;27,6460;EUR;VITOL;MATCHED
BO905702;D2606083;25/11/2025;PWR_FR;S;01/09/2027;30/09/2027;581,700;MWH;71,2870;EUR;AXPO;MATCHED
BO903929;D2604175;07/07/2025;NG_PEG;S;01/04/2026;30/06/2026;144,400;MWH;27,2650;EUR;SHELL_;MATCHED
BO905047;D2605376;16/01/2026;PWR_FR;B;01/07/2026;31/07/2026;63,900;MWH;47,6090;EUR;EDF_TR;MATCHED
BO903165;D2603374;04/03/2026;PWR_FR;B;01/05/2027;31/05/2027;240,200;MWH;72,0260;EUR;SHELL_;MATCHED
BO908492;D2607847;25/09/2025;NG_PEG;S;01/12/2026;28/02/2027;35,700;MWH;38,4210;EUR;EEX_CL;MATCHED
BO902607;D2602773;24/12/2025;PWR_FR;B;01/04/2027;30/06/2027;265,800;MWH;84,1060;EUR;UNIPER;MATCHED
BO902124;D2602258;17/09/2025;PWR_FR;S;01/03/2026;31/03/2026;260,300;MWH;99,6000;EUR;VITOL;MATCHED
BO903646;D2603875;04/07/2025;NG_PEG;B;01/05/2026;30/04/2027;227,400;MWH;29,2640;EUR;EEX_CL;MATCHED
BO900612;D2600652;07/08/2025;NG_PEG;B;01/02/2026;28/02/2026;232,400;MWH;39,5030;EUR;STATKR;CXL
BO902565;D2602728;28/07/2025;NG_PEG;S;01/07/2026;31/07/2026;845,500;MWH;26,0610;EUR;STATKR;MATCHED
BO908068;D2608588;30/03/2026;PWR_FR;S;01/04/2027;30/04/2027;199,400;MWH;65,7890;EUR;EDF_TR;MATCHED
BO902072;D2602205;28/01/2026;PWR_FR;B;01/02/2027;30/04/2027;277,000;MWH;97,3190;EUR;EEX_CL;MATCHED
BO906120;D2606520;08/12/2025;NG_PEG;B;01/03/2026;31/03/2026;520,500;MWH;37,8510;EUR;STATKR;MATCHED
BO900821;D2600868;08/06/2026;PWR_FR;B;01/05/2026;31/05/2026;332,900;MWH;58,3600;EUR;SHELL_;MATCHED
BO906483;D2606903;14/07/2025;PWR_FR;B;01/08/2026;31/08/2026;151,800;MWH;86,9310;EUR;SHELL_;MATCHED
BO900129;D2600137;21/07/2026;PWR_FR;B;01/04/2026;30/04/2026;81,100;MWH;76,3580;EUR;GUNVOR;MATCHED
BO900959;D2601013;24/11/2025;PWR_FR;B;01/02/2027;31/01/2028;246,700;MWH;88,2870;EUR;RWE;MATCHED
BO902520;D02602680;08/12/2025;PWR_FR;S;01/01/2026;31/03/2026;338,800;MWH;92,6950;EUR;VITOL;MATCHED
BO907188;D2607646;03/12/2025;NG_PEG;S;01/01/2027;31/03/2027;63,200;MWH;35,7210;EUR;VITOL;MATCHED
BO903678;D2603908;10/11/2025;NG_PEG;S;01/01/2027;31/01/2027;1043,500;MWH;29,9870;EUR;TOTALE;MATCHED
BO906078;D2606475;15/10/2025;NG_PEG;S;01/08/2026;31/08/2026;108,200;MWH;23,8200;EUR;SHELL_;MATCHED
BO905724;D2606105;15/08/2025;PWR_FR;S;01/03/2027;31/05/2027;205,100;MWH;85,1340;EUR;ICE_EN;MATCHED
BO907149;D2607606;26/09/2025;NG_PEG;B;01/10/2027;31/10/2027;105,100;MWH;31,1710;EUR;AXPO;MATCHED
BO901609;D2601714;27/08/2025;PWR_FR;S;01/11/2027;30/11/2027;94,800;MWH;85,9020;EUR;RWE;MATCHED
BO904344;D2604618;01/04/2026;PWR_FR;B;01/07/2027;31/07/2027;125,200;MWH;58,0480;EUR;VITOL;MATCHED
BO908689;D2600396;27/03/2026;NG_PEG;B;01/10/2026;30/09/2027;78,400;MWH;34,4460;EUR;STATKR;MATCHED
BO902467;D2602621;09/12/2025;PWR_FR;S;01/04/2027;30/04/2027;255,500;MWH;78,4560;EUR;MERCUR;MATCHED
BO903400;D2603618;04/08/2025;NG_PEG;S;01/02/2027;30/04/2027;160,000;MWH;35,2510;EUR;TOTALE;MATCHED
BO908029;D2608548;11/09/2025;PWR_FR;S;01/05/2026;31/05/2026;179,100;MWH;86,7090;EUR;STATKR;MATCHED
BO907774;D2608267;08/07/2025;PWR_FR;B;01/06/2027;30/06/2027;78,000;MWH;62,1100;EUR;ICE_EN;MATCHED
BO904045;D2604302;29/06/2026;PWR_FR;B;01/09/2026;30/11/2026;76,600;MWH;72,6900;EUR;SHELL_;MATCHED
BO905005;D2605333;13/08/2025;PWR_FR;S;01/12/2026;31/12/2026;330,700;MWH;85,7550;EUR;AXPO;MATCHED
BO902428;D2602582;19/12/2025;PWR_FR;B;01/01/2026;31/01/2026;370,000;MWH;88,8300;EUR;GUNVOR;MATCHED
BO904180;D2604443;24/02/2026;PWR_FR;B;01/02/2026;30/04/2026;111,000;MWH;91,7640;EUR;UNIPER;MATCHED
BO902538;D2602699;19/06/2026;PWR_FR;S;01/12/2027;31/12/2027;283,100;MWH;92,1240;EUR;ICE_EN;MATCHED
BO906377;D2606792;17/10/2025;PWR_FR;B;01/02/2026;28/02/2026;107,900;MWH;87,9010;EUR;EDF_TR;MATCHED
BO904903;D2605225;01/06/2026;PWR_FR;S;01/11/2027;30/11/2027;122,400;MWH;85,3870;EUR;MERCUR;MATCHED
BO907799;D2608295;01/06/2026;PWR_FR;S;01/11/2027;31/01/2028;76,000;MWH;83,3690;EUR;RWE;MATCHED
BO902968;D2603164;15/08/2025;NG_PEG;S;01/09/2026;30/09/2026;233,800;MWH;28,7880;EUR;SHELL_;MATCHED
BO904165;D2604427;20/07/2026;PWR_FR;B;01/11/2026;30/11/2026;98,900;MWH;84,6120;EUR;ICE_EN;MATCHED
BO901456;D2601548;05/12/2025;PWR_FR;B;01/07/2027;31/07/2027;82,100;MWH;65,5520;EUR;SHELL_;MATCHED
BO907493;D2607966;02/03/2026;PWR_FR;S;01/04/2027;30/04/2027;308,900;MWH;76,1750;EUR;TOTALE;MATCHED
BO900077;D2600082;11/06/2025;NG_PEG;S;01/05/2027;31/05/2027;482,200;MWH;25,6580;EUR;EEX_CL;MATCHED
BO990062;D9500062;27/06/2025;NG_PEG;B;01/04/2027;30/06/2027;677,600;MWH;38,8600;EUR;ICE_EN;MATCHED
BO906805;D2607243;20/02/2026;PWR_FR;B;01/08/2026;31/08/2026;763,200;MWH;65,1050;EUR;TOTALE;MATCHED
BO904625;D2604920;20/04/2026;PWR_FR;B;01/07/2026;31/07/2026;79,500;MWH;72,6860;EUR;TOTALE;MATCHED
BO901712;D2601820;20/04/2026;PWR_FR;S;01/07/2027;30/09/2027;70,800;MWH;59,9540;EUR;EDF_TR;MATCHED
BO900931;D2600984;04/07/2025;PWR_FR;S;01/02/2027;28/02/2027;206,100;MWH;116,9420;EUR;UNIPER;MATCHED
BO905577;D2605947;27/03/2026;PWR_FR;B;01/07/2026;31/07/2026;986,900;MWH;48,2910;EUR;ICE_EN;MATCHED
BO902077;D2602211;03/06/2025;PWR_FR;B;01/12/2026;31/12/2026;495,600;MWH;89,2320;EUR;STATKR;MATCHED
BO905872;D2606260;12/02/2026;PWR_FR;S;01/02/2027;28/02/2027;449,900;MWH;96,9750;EUR;ICE_EN;MATCHED
BO990090;D9500090;24/06/2025;PWR_FR;B;01/09/2027;30/11/2027;507,700;MWH;69,5960;EUR;VITOL;MATCHED
BO904176;D2604439;10/06/2026;NG_PEG;B;01/07/2027;30/06/2028;59,300;MWH;27,2460;EUR;SHELL_;MATCHED
BO901322;D2601404;23/06/2025;NG_PEG;B;01/11/2027;30/11/2027;202,400;MWH;36,2880;EUR;RWE;MATCHED
BO904350;D2604624;17/09/2025;PWR_FR;S;01/01/2026;31/01/2026;58,900;MWH;96,3530;EUR;VITOL;MATCHED
BO906266;D2606677;10/03/2026;PWR_FR;B;01/05/2026;31/05/2026;64,300;MWH;65,5330;EUR;MERCUR;MATCHED
BO907514;D2607989;13/06/2025;NG_PEG;B;01/07/2027;31/07/2027;499,100;MWH;28,3100;EUR;EDF_TR;MATCHED
BO908177;D2608704;16/07/2025;PWR_FR;S;01/10/2026;31/10/2026;88,700;MWH;69,2200;EUR;AXPO;MATCHED
BO903406;D2603624;15/09/2025;NG_PEG;B;01/04/2026;30/04/2026;124,400;MWH;33,7560;EUR;VITOL;MATCHED
BO907937;D2608450;03/07/2025;PWR_FR;B;01/01/2026;31/03/2026;115,000;MWH;98,7660;EUR;GUNVOR;MATCHED
BO908558;d2601646;09/06/2025;PWR_FR;S;01/06/2026;30/06/2026;60600,000;KWH;55,2770;EUR;MERCUR;MATCHED
BO903178;D2603388;06/11/2025;PWR_FR;B;01/08/2027;31/08/2027;258,000;MWH;65,7770;EUR;SHELL_;MATCHED
BO905051;D2605380;25/05/2026;NG_PEG;S;01/01/2027;31/03/2027;492,400;MWH;34,9970;EUR;STATKR;MATCHED
BO902147;D2602283;04/12/2025;NG_PEG;S;01/05/2026;31/05/2026;338,000;MWH;24,6940;EUR;UNIPER;MATCHED
BO903260;D2603476;22/10/2025;NG_PEG;S;01/10/2026;31/10/2026;133,100;MWH;28,6820;EUR;MERCUR;MATCHED
BO905300;D2605651;10/06/2026;PWR_FR;B;01/06/2026;30/06/2026;233,900;MWH;70,1700;EUR;EDF_TR;MATCHED
BO904738;D2605047;08/07/2025;PWR_FR;B;01/03/2027;31/03/2027;114,600;MWH;95,4620;EUR;TOTALE;MATCHED
BO905042;D2605371;29/10/2025;PWR_FR;B;01/10/2027;31/12/2027;83,600;MWH;87,0970;EUR;SHELL_;MATCHED
BO905727;D2606108;19/06/2026;PWR_FR;B;01/04/2026;30/06/2026;953,700;MWH;67,5100;EUR;UNIPER;MATCHED
BO900478;D2600509;02/07/2026;PWR_FR;S;01/05/2027;31/07/2027;211,200;MWH;68,7800;EUR;TOTALE;MATCHED
BO906679;D2607111;09/10/2025;PWR_FR;S;01/02/2026;28/02/2026;639,500;MWH;82,5640;EUR;STATKR;CXL
BO900628;D2600668;20/03/2026;PWR_FR;S;01/07/2026;31/07/2026;174,800;MWH;55,9710;EUR;EDF_TR;MATCHED
BO905660;D2606038;05/09/2025;PWR_FR;B;01/11/2027;31/10/2028;223,800;MWH;96,7490;EUR;GUNVOR;MATCHED
BO906357;D2606772;30/12/2025;PWR_FR;B;01/05/2027;31/05/2027;75,100;MWH;65,2120;EUR;UNIPER;MATCHED
BO901475;D2601569;29/10/2025;NG_PEG;B;01/10/2027;31/10/2027;1262,800;MWH;30,6220;EUR;RWE;MATCHED
BO905622;D2605999;30/07/2025;PWR_FR;S;01/05/2026;31/07/2026;148,800;MWH;66,6890;EUR;UNIPER;MATCHED
BO905592;D2605962;17/07/2025;PWR_FR;B;01/01/2026;31/01/2026;1189,600;MWH;85,8950;EUR;MERCUR;MATCHED
BO908594;D2600850;30/10/2025;PWR_FR;S;01/02/2027;28/02/2027;108,300;MWH;83,2940;EUR;EDF_TR;MATCHED
BO901795;D2601907;16/04/2026;PWR_FR;S;01/09/2026;30/09/2026;1108,400;MWH;64,5940;EUR;VITOL;MATCHED
BO901679;D2601786;02/12/2025;PWR_FR;B;01/12/2026;31/12/2026;252,600;MWH;100,6950;EUR;SHELL_;MATCHED
BO905126;D2605459;05/11/2025;PWR_FR;B;01/09/2027;30/09/2027;23,000;MWH;68,6380;EUR;STATKR;MATCHED
BO903353;D2603571;23/12/2025;NG_PEG;S;01/09/2026;30/11/2026;285,800;MWH;29,2900;EUR;EDF_TR;MATCHED
BO907148;D2607605;10/02/2026;PWR_FR;B;01/02/2027;28/02/2027;125,700;MWH;64,9120;EUR;RWE;MATCHED
BO901779;D2601889;22/05/2026;PWR_FR;B;01/07/2027;31/07/2027;172,000;MWH;55,3000;EUR;GUNVOR;MATCHED
BO901682;D2601789;17/11/2025;PWR_FR;B;01/08/2026;31/08/2026;236,100;MWH;51,3740;EUR;EDF_TR;MATCHED
BO908710;D2608335;06/03/2026;PWR_FR;B;01/01/2027;31/12/2027;366,300;MWH;82,9270;EUR;AXPO;MATCHED
BO907734;D2608223;30/07/2025;PWR_FR;B;01/11/2026;30/11/2026;165,700;MWH;112,5700;EUR;RWE;MATCHED
BO900243;D2600257;09/03/2026;PWR_FR;S;01/02/2027;28/02/2027;183,200;MWH;91,2690;EUR;RWE;MATCHED
BO901151;D2601226;21/05/2026;PWR_FR;B;01/06/2027;30/06/2027;553,900;MWH;62,3360;EUR;SHELL_;MATCHED
BO906724;D2607156;27/01/2026;PWR_FR;B;01/08/2027;31/08/2027;190,000;MWH;64,7300;EUR;TOTALE;MATCHED
BO903416;D2603634;28/07/2025;NG_PEG;S;01/06/2026;30/06/2026;33,900;MWH;25,4350;EUR;STATKR;MATCHED
BO907828;D2608327;14/10/2025;PWR_FR;S;01/09/2027;30/09/2027;174,600;MWH;63,7690;EUR;AXPO;MATCHED
BO906784;D2607217;24/06/2025;PWR_FR;S;01/04/2027;30/04/2027;358,900;MWH;89,2670;EUR;ICE_EN;MATCHED
BO901924;D2602050;08/05/2026;PWR_FR;B;01/03/2027;31/03/2027;429,500;MWH;90,8970;EUR;RWE;MATCHED
BO908799;D2604642;12/12/2025;NG_PEG;B;01/03/2026;31/05/2026;729,800;MWH;31,6610;EUR;UNIPER;MATCHED
BO904871;D2605193;02/07/2026;PWR_FR;B;01/11/2027;30/11/2027;183,100;MWH;80,9190;EUR;VITOL;MATCHED
BO901859;D2601979;01/07/2026;NG_PEG;S;01/07/2026;31/07/2026;588,000;MWH;25,7310;EUR;VITOL;MATCHED
BO901536;D2601635;27/11/2025;PWR_FR;S;01/02/2026;28/02/2026;386,700;MWH;84,8640;EUR;SHELL_;MATCHED
BO904512;D2604800;31/03/2026;PWR_FR;S;01/03/2027;31/03/2027;136,900;MWH;85,8510;EUR;ICE_EN;MATCHED
BO907071;D2607522;22/12/2025;PWR_FR;S;01/03/2026;31/03/2026;357,500;MWH;102,8170;EUR;EEX_CL;MATCHED
BO907614;D2608099;12/02/2026;NG_PEG;S;01/11/2026;30/11/2026;46,400;MWH;34,3380;EUR;AXPO;MATCHED
BO906344;D2606759;22/12/2025;PWR_FR;B;01/08/2027;31/08/2027;166,000;MWH;62,2650;EUR;TOTALE;MATCHED
BO990005;D9500005;26/05/2026;PWR_FR;S;01/05/2027;31/05/2027;243,400;MWH;59,1940;EUR;TOTALE;MATCHED
BO902171;D2602307;02/12/2025;NG_PEG;S;01/11/2026;30/11/2026;196,300;MWH;37,2970;EUR;EDF_TR;MATCHED
BO906439;D2606858;13/01/2026;PWR_FR;B;01/11/2027;31/01/2028;611,000;MWH;84,9450;EUR;ICE_EN;MATCHED
BO906936;D2607379;24/06/2026;PWR_FR;B;01/11/2027;30/11/2027;595,000;MWH;93,2310;EUR;MERCUR;MATCHED
BO902848;D2603036;11/08/2025;PWR_FR;S;01/07/2026;31/07/2026;97,900;MWH;59,7220;EUR;EEX_CL;MATCHED
BO903797;D2604037;22/12/2025;NG_PEG;B;01/01/2026;31/01/2026;327,700;MWH;41,6340;EUR;MERCUR;MATCHED
BO904305;D2604576;05/12/2025;NG_PEG;S;01/01/2027;31/01/2027;2150,500;MWH;31,1670;EUR;RWE;MATCHED
BO901907;D2602031;01/10/2025;NG_PEG;S;01/03/2027;31/05/2027;1109,000;MWH;31,6310;EUR;TOTALE;MATCHED
BO903442;D2603660;23/06/2025;NG_PEG;B;01/05/2027;30/04/2028;100,200;MWH;28,2470;EUR;GUNVOR;MATCHED
BO906260;D2606670;24/03/2026;PWR_FR;B;01/12/2027;31/12/2027;710,700;MWH;103,5310;EUR;GUNVOR;MATCHED
BO901045;D2601110;20/03/2026;NG_PEG;B;01/12/2026;31/12/2026;470,500;MWH;38,0260;EUR;SHELL_;MATCHED
BO906983;D2607429;13/08/2025;NG_PEG;S;01/08/2027;31/08/2027;140,700;MWH;29,8320;EUR;MERCUR;MATCHED
BO904624;D2604919;16/06/2025;PWR_FR;S;01/08/2027;31/08/2027;163,100;MWH;58,8520;EUR;VITOL;MATCHED
BO907543;D2608018;12/02/2026;PWR_FR;S;01/11/2026;31/01/2027;326,700;MWH;80,9390;EUR;EDF_TR;MATCHED
BO904111;D2604371;02/07/2025;NG_PEG;B;01/09/2026;30/09/2026;770,100;MWH;30,4600;EUR;EEX_CL;MATCHED
BO903718;D2603951;23/09/2025;NG_PEG;B;01/03/2027;31/05/2027;110,200;MWH;36,0140;EUR;UNIPER;MATCHED
BO903482;D2603702;27/02/2026;PWR_FR;S;01/12/2027;31/12/2027;291,800;MWH;81,1270;EUR;EDF_TR;MATCHED
BO907638;D2608125;06/01/2026;NG_PEG;B;01/07/2026;30/09/2026;341300,000;KWH;23,8300;EUR;EDF_TR;MATCHED
BO906481;D2606901;17/11/2025;PWR_FR;S;01/02/2027;30/04/2027;1171,200;MWH;94,9590;EUR;UNIPER;MATCHED
BO900167;D2600178;15/07/2026;NG_PEG;B;01/07/2027;30/06/2028;111,100;MWH;28,2540;EUR;RWE;MATCHED
BO908126;D2608650;23/12/2025;PWR_FR;S;01/10/2027;31/10/2027;218,000;MWH;82,9220;EUR;EDF_TR;MATCHED
BO900946;D2600999;20/04/2026;NG_PEG;B;01/02/2026;28/02/2026;182,800;MWH;27,7700;EUR;UNIPER;MATCHED
BO902251;D2602390;20/01/2026;PWR_FR;B;01/01/2027;31/01/2027;1225,600;MWH;92,6400;EUR;ICE_EN;MATCHED
BO907312;D2607779;02/10/2025;NG_PEG;S;01/11/2026;30/11/2026;158,700;MWH;30,3110;EUR;ICE_EN;MATCHED
BO905696;D2606077;05/08/2025;NG_PEG;B;01/04/2026;30/06/2026;312,700;MWH;38,2980;EUR;ICE_EN;MATCHED
BO900664;D2600705;09/01/2026;PWR_FR;S;01/07/2026;30/06/2027;477,900;MWH;60,9650;EUR;AXPO;MATCHED
BO905900;D2606288;11/09/2025;NG_PEG;S;01/07/2027;31/07/2027;224,700;MWH;27,5640;EUR;UNIPER;MATCHED
BO907411;D2607884;23/07/2025;NG_PEG;S;01/07/2027;31/07/2027;426,700;MWH;25,1790;EUR;GUNVOR;MATCHED
BO905752;D2606133;17/07/2026;PWR_FR;S;01/01/2027;31/01/2027;338,500;MWH;96,4760;EUR;AXPO;MATCHED
BO902549;D2602710;12/03/2026;NG_PEG;S;01/07/2027;31/07/2027;155,000;MWH;22,5700;EUR;AXPO;MATCHED
BO905179;D2605517;21/11/2025;PWR_FR;B;01/12/2027;31/12/2027;297,900;MWH;86,9740;EUR;MERCUR;MATCHED
BO908319;D2608854;28/07/2025;NG_PEG;S;01/05/2027;30/04/2028;247,900;MWH;24,5770;EUR;STATKR;MATCHED
BO902110;D2602244;22/04/2026;NG_PEG;B;01/12/2027;31/12/2027;292,700;MWH;34,5880;EUR;EDF_TR;MATCHED
BO902877;D02603066;12/06/2025;PWR_FR;S;01/12/2026;31/12/2026;503,000;MWH;89,5260;EUR;MERCUR;MATCHED
BO901127;D2601202;09/02/2026;NG_PEG;B;01/12/2026;31/12/2026;247,800;MWH;31,5500;EUR;UNIPER;MATCHED
BO903732;D2603966;14/05/2026;PWR_FR;S;01/01/2026;31/01/2026;182,100;MWH;101,5600;EUR;VITOL;MATCHED
BO905849;D2606237;02/09/2025;PWR_FR;B;01/04/2026;30/04/2026;488,900;MWH;79,9540;EUR;VITOL;MATCHED
BO908680;D2600368;08/08/2025;NG_PEG;B;01/10/2026;31/10/2026;526,700;MWH;27,5470;EUR;RWE;MATCHED
BO901570;D2601672;26/09/2025;PWR_FR;B;01/03/2026;31/05/2026;751,800;MWH;83,5480;EUR;ICE_EN;MATCHED
BO900257;D2600272;23/04/2026;NG_PEG;B;01/07/2026;31/07/2026;138,100;MWH;22,0110;EUR;VITOL;MATCHED
BO908805;D2601924;28/11/2025;PWR_FR;S;01/02/2027;28/02/2027;349,200;MWH;102,7150;EUR;EDF_TR;MATCHED
BO990003;D9500003;02/07/2025;PWR_FR;B;01/11/2027;30/11/2027;328,700;MWH;77,3600;EUR;EDF_TR;MATCHED
BO905336;D2605689;08/12/2025;NG_PEG;B;01/01/2026;31/01/2026;809,700;MWH;40,9340;EUR;MERCUR;MATCHED
BO905245;D2605590;04/06/2026;PWR_FR;B;01/02/2027;28/02/2027;377,100;MWH;87,2770;EUR;RWE;MATCHED
BO901565;D2601667;05/02/2026;PWR_FR;S;01/01/2026;31/01/2026;206,700;MWH;104,4710;EUR;EDF_TR;MATCHED
BO905121;D2605453;06/05/2026;NG_PEG;S;01/06/2027;31/05/2028;623,600;MWH;22,1710;EUR;EEX_CL;MATCHED
BO905345;D2605698;09/10/2025;NG_PEG;S;01/05/2026;31/07/2026;950,100;MWH;30,6660;EUR;UNIPER;MATCHED
BO906058;D2606454;04/06/2025;PWR_FR;B;01/07/2026;30/09/2026;150,000;MWH;61,7620;EUR;VITOL;MATCHED
BO903293;D2603510;21/07/2025;PWR_FR;B;01/10/2027;31/10/2027;276,000;MWH;67,4690;EUR;AXPO;MATCHED
BO902584;D2602748;02/01/2026;NG_PEG;B;01/02/2026;28/02/2026;129,500;MWH;43,2810;EUR;EEX_CL;MATCHED
BO900700;D2600742;25/11/2025;NG_PEG;B;01/10/2026;31/12/2026;1056,500;MWH;28,9070;EUR;RWE;MATCHED
BO902772;D2602953;15/12/2025;NG_PEG;S;01/02/2027;28/02/2027;614,300;MWH;33,3630;EUR;VITOL;MATCHED
BO907040;D2607489;12/12/2025;PWR_FR;S;01/06/2026;31/08/2026;130,100;MWH;78,3010;EUR;STATKR;MATCHED
BO908433;D2608973;15/09/2025;PWR_FR;S;01/08/2027;31/08/2027;126,900;MWH;72,2550;EUR;MERCUR;MATCHED
BO908540;D2605986;26/12/2025;NG_PEG;S;01/08/2026;31/08/2026;2025,400;MWH;24,0290;EUR;GUNVOR;MATCHED
BO905757;D2606138;01/05/2026;PWR_FR;S;01/08/2027;31/10/2027;162,300;MWH;51,9890;EUR;EEX_CL;MATCHED
BO903435;D2603653;02/06/2025;NG_PEG;S;01/10/2026;31/12/2026;133,600;MWH;26,0160;EUR;TOTALE;MATCHED
BO904040;D2604296;04/03/2026;NG_PEG;B;01/02/2026;31/01/2027;90,700;MWH;40,9280;EUR;VITOL;MATCHED
BO907985;D2608502;14/07/2025;NG_PEG;B;01/04/2027;30/04/2027;99,800;MWH;26,7810;EUR;GUNVOR;MATCHED
BO901826;D2601942;30/03/2026;PWR_FR;B;01/09/2027;30/09/2027;72,400;MWH;65,5600;EUR;UNIPER;MATCHED
BO900637;D2600677;05/08/2025;NG_PEG;S;01/11/2027;30/11/2027;1151,500;MWH;39,4250;EUR;AXPO;MATCHED
BO906922;D2607365;22/06/2026;NG_PEG;B;01/05/2026;31/07/2026;81,400;MWH;29,1010;EUR;EDF_TR;MATCHED
BO904761;D2605073;27/08/2025;NG_PEG;B;01/02/2027;28/02/2027;359,000;MWH;42,8700;EUR;UNIPER;MATCHED
BO906663;D2607092;26/11/2025;NG_PEG;B;01/11/2026;30/11/2026;272,200;MWH;31,0440;EUR;ICE_EN;CXL
BO907473;D2607946;15/06/2026;PWR_FR;B;01/12/2027;31/12/2027;87,200;MWH;104,7780;EUR;AXPO;MATCHED
BO901195;D2601271;25/11/2025;PWR_FR;S;01/06/2027;30/06/2027;175,900;MWH;75,0770;EUR;AXPO;MATCHED
BO900348;D2600369;24/07/2025;PWR_FR;B;01/12/2027;31/12/2027;813,900;MWH;103,4500;EUR;EEX_CL;MATCHED
BO907833;D2608332;04/02/2026;PWR_FR;S;01/12/2027;31/12/2027;342,600;MWH;73,6240;EUR;MERCUR;MATCHED
BO901875;D2601997;23/09/2025;PWR_FR;S;01/05/2027;31/05/2027;291,500;MWH;71,8140;EUR;RWE;MATCHED
BO906811;D2607249;21/05/2026;NG_PEG;S;01/03/2026;31/03/2026;268,600;MWH;32,3570;EUR;SHELL_;MATCHED
BO907530;D2608005;03/09/2025;NG_PEG;B;01/02/2026;31/01/2027;998,100;MWH;39,7480;EUR;VITOL;MATCHED
BO908051;D2608571;24/10/2025;PWR_FR;B;01/03/2026;31/05/2026;284,300;MWH;96,3320;EUR;EDF_TR;MATCHED
BO900470;D2600499;17/11/2025;PWR_FR;S;01/11/2027;30/11/2027;86,400;MWH;88,6320;EUR;STATKR;MATCHED
BO901065;D2601133;23/02/2026;PWR_FR;S;01/03/2026;31/03/2026;538,900;MWH;71,9860;EUR;VITOL;MATCHED
BO901131;D2601206;26/03/2026;PWR_FR;B;01/11/2027;30/11/2027;124,400;MWH;76,9220;EUR;STATKR;MATCHED
BO902619;D02602785;03/06/2026;NG_PEG;S;01/03/2026;31/03/2026;363,200;MWH;32,5630;EUR;MERCUR;MATCHED
BO905821;D2606207;26/03/2026;PWR_FR;B;01/10/2027;31/10/2027;452,200;MWH;68,8870;EUR;EEX_CL;MATCHED
BO905596;D2605966;08/08/2025;PWR_FR;S;01/08/2026;31/08/2026;141,900;MWH;65,9890;EUR;MERCUR;MATCHED
BO908478;D2606036;07/08/2025;PWR_FR;B;01/12/2026;28/02/2027;518,000;MWH;86,8060;EUR;STATKR;MATCHED
BO905333;D2605686;24/09/2025;PWR_FR;S;01/08/2026;31/08/2026;142,200;MWH;74,7420;EUR;EEX_CL;MATCHED
BO905526;D2605894;09/03/2026;PWR_FR;B;01/06/2026;30/06/2026;285,500;MWH;55,2040;EUR;VITOL;MATCHED
BO908059;D2608579;25/11/2025;NG_PEG;B;01/09/2027;30/09/2027;51,100;MWH;27,9900;EUR;EDF_TR;MATCHED
BO900317;D2600337;06/05/2026;PWR_FR;B;01/08/2027;31/08/2027;170,700;MWH;76,3910;EUR;SHELL_;MATCHED
BO907665;D2608152;30/03/2026;NG_PEG;S;01/12/2026;30/11/2027;377,400;MWH;40,6970;EUR;TOTALE;MATCHED
BO900582;D2600620;15/09/2025;PWR_FR;S;01/08/2027;31/10/2027;248,400;MWH;60,0480;EUR;AXPO;MATCHED
BO903403;D2603621;16/01/2026;PWR_FR;S;01/03/2027;31/03/2027;148,100;MWH;99,3520;EUR;STATKR;MATCHED
BO900136;D2600144;02/06/2025;PWR_FR;B;01/08/2027;31/08/2027;105,000;MWH;52,3300;EUR;UNIPER;MATCHED
BO906500;D2606920;11/08/2025;PWR_FR;B;01/04/2027;30/04/2027;261,700;MWH;82,6260;EUR;RWE;MATCHED
BO907285;D2607751;16/01/2026;NG_PEG;B;01/06/2026;30/06/2026;98,500;MWH;22,0640;EUR;ICE_EN;MATCHED
BO908863;D2602852;26/03/2026;NG_PEG;B;01/04/2026;30/06/2026;48,200;MWH;30,3800;EUR;VITOL;MATCHED
BO901541;D2601640;07/07/2026;NG_PEG;B;01/02/2027;30/04/2027;145,300;MWH;37,6080;EUR;ICE_EN;MATCHED
BO900377;D2600400;05/06/2026;PWR_FR;S;01/04/2026;30/06/2026;292,800;MWH;91,9020;EUR;GUNVOR;MATCHED
BO901763;D2601872;20/08/2025;PWR_FR;B;01/03/2026;31/03/2026;585,100;MWH;106,7470;EUR;ICE_EN;MATCHED
BO902272;D2602413;25/02/2026;PWR_FR;B;01/10/2027;31/10/2027;287,400;MWH;93,3120;EUR;UNIPER;MATCHED
BO903927;D2604173;09/06/2025;NG_PEG;B;01/05/2027;31/05/2027;138,100;MWH;23,0760;EUR;AXPO;MATCHED
BO908850;D2600849;19/06/2025;NG_PEG;B;01/05/2026;31/05/2026;40,200;MWH;27,7960;EUR;EEX_CL;MATCHED
BO901276;D2601354;26/03/2026;NG_PEG;B;01/09/2026;30/09/2026;405,900;MWH;27,3460;EUR;UNIPER;MATCHED
BO903805;D2604045;26/01/2026;PWR_FR;S;01/06/2027;30/06/2027;274,900;MWH;61,3440;EUR;UNIPER;MATCHED
BO900205;D2600218;30/06/2025;PWR_FR;B;01/07/2026;30/09/2026;73,800;MWH;66,0350;EUR;ICE_EN;MATCHED
BO901683;D2601790;20/11/2025;PWR_FR;B;01/06/2027;30/06/2027;197,500;MWH;62,7680;EUR;RWE;MATCHED
BO907678;D2608165;29/01/2026;PWR_FR;S;01/01/2026;31/12/2026;155,000;MWH;95,5890;EUR;TOTALE;MATCHED
BO902233;D2602371;07/10/2025;NG_PEG;B;01/06/2027;30/06/2027;340,700;MWH;27,5000;EUR;TOTALE;MATCHED
BO901864;D2601986;16/03/2026;PWR_FR;S;01/12/2027;30/11/2028;132,100;MWH;89,2200;EUR;VITOL;MATCHED
BO908343;D2608879;17/02/2026;PWR_FR;B;01/10/2027;31/10/2027;101,400;MWH;71,7080;EUR;VITOL;MATCHED
BO908940;D2602165;29/12/2025;NG_PEG;B;01/02/2026;28/02/2026;1080,400;MWH;33,9770;EUR;AXPO;MATCHED
BO904270;D2604539;22/06/2026;PWR_FR;B;01/11/2026;30/11/2026;311,300;MWH;86,0690;EUR;GUNVOR;MATCHED
BO908458;D2608998;30/09/2025;PWR_FR;B;01/05/2026;31/07/2026;912,900;MWH;75,0070;EUR;GUNVOR;MATCHED
BO901806;D2601921;07/11/2025;NG_PEG;B;01/09/2026;30/09/2026;151,700;MWH;28,9630;EUR;TOTALE;MATCHED
BO902024;D2602154;13/03/2026;PWR_FR;B;01/07/2026;31/07/2026;236,500;MWH;64,6170;EUR;TOTALE;MATCHED
BO908132;D2608657;06/05/2026;PWR_FR;B;01/04/2026;30/04/2026;162,600;MWH;91,7770;EUR;MERCUR;MATCHED
BO904167;D2604429;02/02/2026;PWR_FR;B;01/11/2026;30/11/2026;38,500;MWH;89,8270;EUR;EDF_TR;MATCHED
BO900439;D2600465;28/01/2026;PWR_FR;B;01/04/2026;30/04/2026;108,600;MWH;80,7140;EUR;AXPO;MATCHED
BO906257;D2606667;21/07/2026;NG_PEG;S;01/11/2026;30/11/2026;547,700;MWH;35,3660;EUR;STATKR;MATCHED
BO904439;D2604721;08/04/2026;PWR_FR;B;01/03/2026;31/03/2026;854,700;MWH;83,0180;EUR;AXPO;MATCHED
BO908609;D2606662;17/07/2026;NG_PEG;S;01/06/2026;31/08/2026;1292,000;MWH;24,1620;EUR;VITOL;MATCHED
BO902471;D2602625;13/06/2025;NG_PEG;S;01/09/2027;30/09/2027;159,000;MWH;26,6490;EUR;EDF_TR;MATCHED
BO908272;D2608804;16/09/2025;PWR_FR;B;01/05/2027;31/05/2027;204,300;MWH;59,5040;EUR;GUNVOR;MATCHED
BO901225;D2601302;26/03/2026;PWR_FR;B;01/05/2027;30/04/2028;1662,600;MWH;54,7110;EUR;VITOL;MATCHED
BO903984;D2604235;05/02/2026;PWR_FR;S;01/04/2027;30/04/2027;88,300;MWH;55,6320;EUR;EDF_TR;MATCHED
BO905620;D2605995;02/09/2025;NG_PEG;B;01/09/2027;30/09/2027;307,000;MWH;27,7580;EUR;UNIPER;MATCHED
BO904219;D2604484;26/05/2026;PWR_FR;S;01/01/2027;31/01/2027;206,000;MWH;115,3970;EUR;STATKR;MATCHED
BO903968;D2604217;05/06/2026;PWR_FR;S;01/10/2027;31/10/2027;150,800;MWH;80,6420;EUR;EDF_TR;MATCHED
BO907644;D2608131;06/10/2025;PWR_FR;S;01/02/2026;28/02/2026;206,800;MWH;75,6280;EUR;STATKR;MATCHED
BO906436;D2606855;04/09/2025;NG_PEG;S;01/03/2026;31/05/2026;159,200;MWH;40,0500;EUR;STATKR;MATCHED
BO902324;D2602469;03/12/2025;PWR_FR;S;01/04/2026;31/03/2027;434,600;MWH;69,8460;EUR;MERCUR;MATCHED
BO900889;D2600940;03/06/2025;PWR_FR;S;01/01/2027;31/03/2027;876,400;MWH;93,4500;EUR;UNIPER;MATCHED
BO905537;D2605905;18/07/2025;PWR_FR;B;01/11/2027;30/11/2027;25,000;MWH;83,5090;EUR;TOTALE;MATCHED
BO905556;D2605924;22/10/2025;PWR_FR;B;01/03/2026;31/03/2026;41,300;MWH;80,1160;EUR;UNIPER;MATCHED
BO902574;D2602738;03/06/2025;PWR_FR;S;01/07/2027;30/09/2027;130,600;MWH;63,7300;EUR;EEX_CL;MATCHED
BO904680;D2604984;19/06/2026;PWR_FR;B;01/10/2026;31/10/2026;280,900;MWH;81,2700;EUR;VITOL;MATCHED
BO906611;D2607036;13/02/2026;PWR_FR;S;01/08/2027;31/07/2028;54,800;MWH;57,1100;EUR;RWE;MATCHED
BO907316;D2607784;30/01/2026;NG_PEG;B;01/05/2027;31/05/2027;551,000;MWH;21,6800;EUR;TOTALE;MATCHED
BO903658;D2603888;15/12/2025;NG_PEG;S;01/11/2026;30/11/2026;304,900;MWH;34,0740;EUR;RWE;MATCHED
BO904066;D2604323;10/04/2026;PWR_FR;S;01/12/2026;31/12/2026;57,000;MWH;114,5370;EUR;STATKR;MATCHED
BO903951;D2604199;11/06/2026;NG_PEG;B;01/11/2027;31/01/2028;80,800;MWH;34,6820;EUR;EEX_CL;MATCHED
BO908460;D2604989;03/04/2026;NG_PEG;S;01/11/2026;31/01/2027;211,800;MWH;35,2250;EUR;EEX_CL;MATCHED
BO907492;D2607965;06/06/2025;NG_PEG;B;01/02/2026;28/02/2026;747,100;MWH;30,9910;EUR;RWE;MATCHED
BO905693;D2606074;28/01/2026;NG_PEG;B;01/04/2026;30/06/2026;147,400;MWH;32,1270;EUR;RWE;MATCHED
BO900215;D2600228;11/12/2025;NG_PEG;B;01/05/2027;31/05/2027;82,300;MWH;28,3070;EUR;TOTALE;MATCHED
BO908650;D2600175;03/11/2025;PWR_FR;B;01/07/2026;31/07/2026;280,000;MWH;64,4180;EUR;GUNVOR;MATCHED
BO900932;D2600985;27/02/2026;PWR_FR;S;01/09/2026;30/09/2026;132,700;MWH;60,3720;EUR;STATKR;MATCHED
BO905509;D2605876;01/10/2025;NG_PEG;B;01/12/2027;31/12/2027;883,300;MWH;40,1970;EUR;STATKR;MATCHED
BO907946;D2608459;16/04/2026;NG_PEG;S;01/02/2027;28/02/2027;885,200;MWH;35,9520;EUR;EDF_TR;MATCHED
BO905065;D2605394;01/07/2025;PWR_FR;B;01/10/2027;30/09/2028;451,700;MWH;73,4210;EUR;SHELL_;MATCHED
BO904548;D2604838;23/01/2026;PWR_FR;B;01/12/2026;31/12/2026;77,100;MWH;94,3520;EUR;MERCUR;MATCHED
BO901240;D2601318;01/01/2026;PWR_FR;S;01/12/2027;31/12/2027;82,800;MWH;99,4650;EUR;SHELL_;MATCHED
BO904471;D2604755;11/12/2025;NG_PEG;S;01/09/2026;30/09/2026;2139,800;MWH;25,7740;EUR;EDF_TR;MATCHED
BO907735;D2608224;27/01/2026;NG_PEG;S;01/04/2027;30/06/2027;65,700;MWH;38,7220;EUR;AXPO;MATCHED
BO902310;D2602454;04/08/2025;PWR_FR;S;01/08/2027;31/08/2027;109,600;MWH;54,3600;EUR;UNIPER;MATCHED
BO905733;D2606114;19/06/2026;NG_PEG;S;01/12/2026;31/12/2026;256,100;MWH;31,4520;EUR;VITOL;MATCHED
BO900755;D2600797;25/02/2026;PWR_FR;B;01/02/2026;28/02/2026;312,000;MWH;93,0380;EUR;TOTALE;MATCHED
BO907193;D2607651;13/06/2025;PWR_FR;S;01/09/2026;30/09/2026;53,600;MWH;63,7490;EUR;MERCUR;MATCHED
BO905033;D2605362;28/01/2026;NG_PEG;B;01/08/2027;31/08/2027;54,300;MWH;25,2730;EUR;STATKR;MATCHED
BO904286;D2604557;25/02/2026;NG_PEG;S;01/02/2027;28/02/2027;334,500;MWH;41,7110;EUR;MERCUR;MATCHED
BO900653;D2600694;20/03/2026;PWR_FR;S;01/10/2026;31/10/2026;26,000;MWH;75,3830;EUR;UNIPER;MATCHED
BO906905;D2607346;18/11/2025;NG_PEG;B;01/03/2026;31/03/2026;150,900;MWH;33,5050;EUR;GUNVOR;MATCHED
BO908145;D2608672;29/06/2026;PWR_FR;B;01/05/2027;31/05/2027;269,500;MWH;72,4000;EUR;MERCUR;MATCHED
BO908603;D2601075;20/03/2026;NG_PEG;S;01/01/2027;31/01/2027;240,200;MWH;30,1280;EUR;TOTALE;MATCHED
BO906328;D2606742;07/01/2026;NG_PEG;S;01/03/2027;31/03/2027;256,600;MWH;37,9850;EUR;VITOL;MATCHED
BO901517;D2601615;15/07/2025;PWR_FR;B;01/05/2027;31/05/2027;177,000;MWH;68,6310;EUR;GUNVOR;MATCHED
BO907568;D2608047;09/06/2025;PWR_FR;S;01/12/2027;31/12/2027;449800,000;KWH;94,8200;EUR;TOTALE;MATCHED
BO907248;D2607711;30/07/2025;NG_PEG;B;01/03/2027;29/02/2028;389,800;MWH;30,8330;EUR;AXPO;MATCHED
BO906798;D2607233;13/01/2026;PWR_FR;B;01/07/2027;31/07/2027;257,600;MWH;62,4270;EUR;AXPO;MATCHED
BO905779;D2606163;22/05/2026;PWR_FR;B;01/09/2026;30/09/2026;380,600;MWH;65,7770;EUR;UNIPER;MATCHED
BO902587;D2602752;29/10/2025;PWR_FR;B;01/10/2026;31/10/2026;1184,800;MWH;95,7700;EUR;STATKR;MATCHED
BO901705;D2601813;26/12/2025;NG_PEG;B;01/08/2027;31/08/2027;296,700;MWH;25,0470;EUR;EDF_TR;MATCHED
BO904090;D2604348;02/03/2026;PWR_FR;S;01/02/2026;28/02/2026;316,400;MWH;112,4230;EUR;UNIPER;MATCHED
BO907036;D2607485;08/09/2025;PWR_FR;B;01/06/2026;30/06/2026;806,100;MWH;62,9600;EUR;RWE;MATCHED
BO905239;D2605583;09/07/2025;PWR_FR;S;01/04/2027;30/04/2027;36,800;MWH;79,1060;EUR;SHELL_;MATCHED
BO900123;D2600131;11/08/2025;NG_PEG;B;01/02/2027;30/04/2027;52,100;MWH;35,8050;EUR;RWE;MATCHED
BO901553;D2601654;01/06/2026;PWR_FR;B;01/02/2026;28/02/2026;323,500;MWH;84,6250;EUR;EEX_CL;MATCHED
BO903197;D2603408;16/03/2026;NG_PEG;B;01/10/2026;31/10/2026;54,400;MWH;31,4420;EUR;SHELL_;MATCHED
BO901274;D2601352;09/01/2026;PWR_FR;S;01/09/2027;30/09/2027;133,700;MWH;70,6830;EUR;MERCUR;MATCHED
BO900825;D2600872;13/04/2026;PWR_FR;S;01/02/2026;28/02/2026;55,400;MWH;98,0760;EUR;SHELL_;MATCHED
BO906791;D2607225;20/11/2025;PWR_FR;S;01/04/2027;30/04/2027;1069,000;MWH;84,2340;EUR;TOTALE;MATCHED
BO902738;D2602912;10/07/2026;PWR_FR;S;01/10/2027;31/10/2027;214,700;MWH;79,3400;EUR;ICE_EN;MATCHED
BO903913;D2604157;07/07/2025;NG_PEG;B;01/10/2027;31/12/2027;162,400;MWH;31,0860;EUR;MERCUR;MATCHED
BO900912;D2600963;09/04/2026;PWR_FR;B;01/08/2027;31/08/2027;69,900;MWH;63,7900;EUR;EDF_TR;MATCHED
BO907237;D2607699;05/09/2025;PWR_FR;B;01/11/2026;30/11/2026;303,600;MWH;77,7450;EUR;AXPO;MATCHED
BO905323;D2605676;19/06/2026;PWR_FR;B;01/02/2027;28/02/2027;62,600;MWH;80,4600;EUR;TOTALE;MATCHED
BO903983;D2604233;19/08/2025;PWR_FR;S;01/12/2026;31/12/2026;95,500;MWH;81,2600;EUR;UNIPER;MATCHED
BO907133;D2607590;28/05/2026;PWR_FR;S;01/01/2026;31/01/2026;87,300;MWH;80,0880;EUR;ICE_EN;MATCHED
BO902767;D2602946;03/03/2026;NG_PEG;B;01/07/2027;31/07/2027;237,600;MWH;26,3470;EUR;EDF_TR;CXL
BO904930;D2605254;23/12/2025;PWR_FR;B;01/08/2026;31/10/2026;394,900;MWH;57,7580;EUR;RWE;MATCHED
BO904854;D2605174;30/03/2026;PWR_FR;B;01/08/2026;31/07/2027;279,500;MWH;78,9700;EUR;EDF_TR;MATCHED
BO906010;D2606404;30/06/2026;PWR_FR;B;01/07/2027;31/07/2027;381,500;MWH;52,5470;EUR;RWE;MATCHED
BO904515;D2604804;15/07/2025;NG_PEG;S;01/11/2027;30/11/2027;279,300;MWH;29,2460;EUR;VITOL;MATCHED
BO900351;D2600372;01/12/2025;NG_PEG;B;01/12/2027;29/02/2028;149,700;MWH;36,8170;EUR;AXPO;MATCHED
BO906047;D2606442;01/07/2026;PWR_FR;S;01/08/2027;31/10/2027;343,500;MWH;59,5040;EUR;MERCUR;MATCHED
BO903580;D2603804;08/05/2026;NG_PEG;B;01/11/2026;30/11/2026;58,100;MWH;33,6280;EUR;MERCUR;MATCHED
BO908788;D2601524;13/02/2026;PWR_FR;B;01/05/2026;31/05/2026;23,600;MWH;85,2410;EUR;RWE;MATCHED
BO901477;D2601571;29/04/2026;PWR_FR;B;01/05/2027;31/05/2027;160,800;MWH;57,8870;EUR;SHELL_;MATCHED
BO900677;D2600718;03/07/2025;PWR_FR;B;01/09/2027;30/09/2027;89,300;MWH;62,7920;EUR;UNIPER;CXL
BO901418;D2601509;18/03/2026;PWR_FR;B;01/10/2027;31/10/2027;219,800;MWH;87,7010;EUR;RWE;MATCHED
BO907262;D2607726;09/01/2026;PWR_FR;S;01/06/2026;30/06/2026;401,500;MWH;61,5820;EUR;STATKR;MATCHED
BO908663;D2606797;11/02/2026;PWR_FR;B;01/08/2026;31/08/2026;81,700;MWH;73,1490;EUR;EEX_CL;MATCHED
BO906810;D2607248;05/11/2025;PWR_FR;S;01/02/2027;28/02/2027;320,200;MWH;93,6690;EUR;UNIPER;MATCHED
BO908654;D2601614;16/07/2025;PWR_FR;B;01/09/2027;30/09/2027;504,500;MWH;75,5270;EUR;SHELL_;MATCHED
BO903607;D2603834;23/10/2025;PWR_FR;S;01/09/2026;30/11/2026;533,600;MWH;69,7610;EUR;STATKR;MATCHED
BO901026;D2601089;09/12/2025;NG_PEG;S;01/12/2026;31/12/2026;284,100;MWH;43,5490;EUR;SHELL_;MATCHED
BO904075;D2604333;13/11/2025;NG_PEG;B;01/05/2026;31/05/2026;252,400;MWH;30,0230;EUR;MERCUR;MATCHED
BO900703;D2600745;09/07/2025;NG_PEG;S;01/06/2027;31/05/2028;249,300;MWH;24,2910;EUR;EDF_TR;CXL
BO908907;D2603200;09/07/2026;PWR_FR;B;01/08/2026;31/08/2026;75,600;MWH;52,6240;EUR;UNIPER;MATCHED
BO903562;D2603784;12/11/2025;PWR_FR;S;01/08/2027;31/08/2027;219,400;MWH;72,9470;EUR;EEX_CL;MATCHED
BO901579;D2601682;19/05/2026;PWR_FR;B;01/10/2026;31/12/2026;364,200;MWH;77,7880;EUR;TOTALE;MATCHED
BO901791;D2601902;22/09/2025;NG_PEG;S;01/09/2027;30/11/2027;174,400;MWH;30,9610;EUR;GUNVOR;MATCHED
BO903720;D2603953;12/11/2025;PWR_FR;B;01/09/2026;30/09/2026;69,300;MWH;61,3240;EUR;VITOL;MATCHED
BO901014;D2601076;02/09/2025;PWR_FR;B;01/03/2027;31/03/2027;137,900;MWH;90,5020;EUR;ICE_EN;MATCHED
BO901052;D2601118;19/12/2025;PWR_FR;S;01/08/2026;31/08/2026;90,900;MWH;63,8550;EUR;STATKR;MATCHED
BO904032;D2604286;03/04/2026;PWR_FR;S;01/09/2027;30/09/2027;286,100;MWH;53,3020;EUR;EEX_CL;MATCHED
BO901377;D2601464;14/07/2026;NG_PEG;B;01/06/2027;30/06/2027;636,200;MWH;23,0180;EUR;STATKR;MATCHED
BO908517;D2601966;02/07/2025;NG_PEG;B;01/10/2026;31/10/2026;292,100;MWH;31,4170;EUR;RWE;MATCHED
BO905701;D2606082;26/09/2025;NG_PEG;S;01/02/2027;28/02/2027;177,600;MWH;33,1925;EUR;GUNVOR;MATCHED
BO908255;D2608787;24/04/2026;PWR_FR;S;01/07/2026;31/07/2026;214,700;MWH;62,7580;EUR;TOTALE;MATCHED
BO908564;D2605242;24/07/2026;NG_PEG;B;01/04/2027;30/04/2027;207,700;MWH;33,1180;EUR;EEX_CL;MATCHED
BO904948;D2605274;09/09/2025;NG_PEG;S;01/12/2026;31/12/2026;161,500;MWH;52,0000;EUR;ICE_EN;MATCHED
BO906478;D2606898;03/07/2026;NG_PEG;B;01/02/2027;28/02/2027;524,200;MWH;36,8400;EUR;EEX_CL;MATCHED
BO907714;D2608203;28/08/2025;PWR_FR;B;01/11/2027;30/11/2027;65,800;MWH;87,3620;EUR;MERCUR;MATCHED
BO905753;D2606134;19/11/2025;NG_PEG;S;01/10/2026;31/12/2026;1310,500;MWH;29,4330;EUR;ICE_EN;MATCHED
BO901659;D2601766;26/06/2026;PWR_FR;B;01/07/2026;31/07/2026;242,800;MWH;69,2350;EUR;RWE;MATCHED
BO990031;D9500031;29/06/2026;PWR_FR;B;01/11/2027;30/11/2027;120,400;MWH;68,3490;EUR;ICE_EN;MATCHED
BO907002;D2607449;08/07/2026;PWR_FR;B;01/09/2026;30/09/2026;68,800;MWH;66,1130;EUR;STATKR;MATCHED
BO903753;D2603987;15/12/2025;PWR_FR;B;01/09/2026;30/11/2026;269,200;MWH;72,6010;EUR;STATKR;MATCHED
BO907652;D2608139;08/08/2025;NG_PEG;S;01/08/2026;31/08/2026;198,500;MWH;22,1480;EUR;ICE_EN;MATCHED
BO904818;D2605135;19/06/2025;PWR_FR;B;01/04/2027;30/04/2027;387,300;MWH;69,8410;EUR;AXPO;MATCHED
BO907301;D2607768;03/04/2026;PWR_FR;B;01/09/2027;30/09/2027;242,200;MWH;74,3920;EUR;EDF_TR;MATCHED
BO902745;D2602923;30/06/2026;NG_PEG;S;01/12/2026;31/12/2026;156,300;MWH;33,9150;EUR;STATKR;MATCHED
BO906582;D2607007;09/07/2025;NG_PEG;B;01/04/2027;30/04/2027;337,000;MWH;33,2840;EUR;AXPO;MATCHED
BO907695;D2608183;24/09/2025;PWR_FR;S;01/11/2026;30/11/2026;521,700;MWH;93,1890;EUR;VITOL;MATCHED
BO902527;D2602688;07/04/2026;PWR_FR;S;01/08/2026;31/10/2026;459,800;MWH;63,1240;EUR;AXPO;MATCHED
BO904585;D2604878;15/07/2025;PWR_FR;B;01/05/2026;31/07/2026;292,900;MWH;70,9120;EUR;TOTALE;MATCHED
BO902922;D2603116;12/02/2026;PWR_FR;S;01/02/2026;28/02/2026;444,200;MWH;96,7210;EUR;EEX_CL;MATCHED
BO902037;D2602168;10/11/2025;PWR_FR;S;01/07/2027;31/07/2027;300,300;MWH;58,0020;EUR;AXPO;MATCHED
BO907922;D2608435;28/10/2025;PWR_FR;B;01/09/2026;30/09/2026;626,800;MWH;68,7840;EUR;VITOL;MATCHED
BO908892;D02605425;05/06/2026;PWR_FR;S;01/02/2027;31/01/2028;106,300;MWH;93,2130;EUR;GUNVOR;MATCHED
BO902661;D2602828;14/11/2025;PWR_FR;S;01/09/2026;30/09/2026;405,000;MWH;56,9010;EUR;ICE_EN;MATCHED
BO908958;D2602921;09/02/2026;NG_PEG;S;01/11/2027;31/01/2028;57,600;MWH;32,2340;EUR;MERCUR;MATCHED
BO902180;D2602317;19/11/2025;NG_PEG;B;01/03/2026;31/05/2026;52,000;MWH;40,0690;EUR;TOTALE;MATCHED
BO905928;D2606316;22/04/2026;PWR_FR;B;01/12/2027;31/12/2027;335,900;MWH;122,5940;EUR;SHELL_;CXL
BO905740;D2606121;16/01/2026;NG_PEG;B;01/03/2027;31/03/2027;277,000;MWH;29,0480;EUR;AXPO;MATCHED
BO900022;D2600023;11/07/2025;NG_PEG;B;01/10/2026;31/10/2026;183,200;MWH;30,1240;EUR;AXPO;MATCHED
BO901809;D2601925;01/09/2025;NG_PEG;B;01/06/2027;30/06/2027;241,800;MWH;27,4720;EUR;AXPO;MATCHED
BO907860;D2608364;30/03/2026;PWR_FR;S;01/11/2027;31/01/2028;105,900;MWH;83,4800;EUR;STATKR;MATCHED
BO901824;d2601940;19/06/2025;PWR_FR;B;01/11/2026;30/11/2026;77,600;MWH;85,0210;EUR;GUNVOR;MATCHED
BO901597;D2601701;29/12/2025;NG_PEG;S;01/07/2027;31/07/2027;1030,700;MWH;23,2610;EUR;RWE;MATCHED
BO902130;D2602264;21/07/2026;NG_PEG;B;01/11/2027;31/01/2028;195,100;MWH;37,1440;EUR;MERCUR;MATCHED
BO900362;D2600383;01/07/2025;NG_PEG;S;01/08/2026;31/08/2026;262,500;MWH;23,2340;EUR;EDF_TR;MATCHED
BO904655;D2604953;01/08/2025;PWR_FR;S;01/05/2027;31/05/2027;287,300;MWH;77,9780;EUR;UNIPER;MATCHED
BO900181;D2600192;12/02/2026;NG_PEG;S;01/04/2027;30/04/2027;129,600;MWH;37,4110;EUR;AXPO;MATCHED
BO908191;D2608719;10/07/2026;PWR_FR;B;01/12/2027;29/02/2028;158,600;MWH;103,5380;EUR;STATKR;MATCHED
BO903744;D2603978;28/11/2025;NG_PEG;S;01/12/2027;31/12/2027;1395,200;MWH;41,9140;EUR;UNIPER;MATCHED
BO906270;D2606681;13/11/2025;PWR_FR;B;01/04/2027;30/06/2027;445,000;MWH;84,5660;EUR;UNIPER;MATCHED
BO900583;D2600621;22/04/2026;PWR_FR;B;01/02/2026;28/02/2026;756,900;MWH;92,0740;EUR;GUNVOR;MATCHED
BO904119;D2604379;30/01/2026;PWR_FR;S;01/09/2027;30/09/2027;413,700;MWH;68,1640;EUR;TOTALE;MATCHED
BO903996;D2604247;29/08/2025;PWR_FR;S;01/01/2027;31/03/2027;216,400;MWH;106,0960;EUR;EDF_TR;MATCHED
BO902554;D2602715;19/11/2025;NG_PEG;S;01/07/2026;31/07/2026;1103,900;MWH;25,4670;EUR;VITOL;MATCHED
BO902282;D2602424;08/12/2025;NG_PEG;B;01/10/2027;31/10/2027;453,900;MWH;31,6570;EUR;ICE_EN;MATCHED
BO908694;D2605804;07/08/2025;NG_PEG;S;01/04/2026;30/04/2026;123,500;MWH;26,1840;EUR;SHELL_;MATCHED
BO904010;D2604262;30/10/2025;PWR_FR;S;01/03/2027;31/03/2027;145,700;MWH;87,6390;EUR;EDF_TR;MATCHED
BO904952;D2605278;15/08/2025;PWR_FR;B;01/03/2026;31/03/2026;24,300;MWH;98,3710;EUR;GUNVOR;MATCHED
BO903516;D2603736;24/06/2025;PWR_FR;S;01/12/2027;31/12/2027;231,200;MWH;97,4060;EUR;ICE_EN;MATCHED
BO904494;D2604780;06/02/2026;NG_PEG;B;01/02/2027;30/04/2027;184,300;MWH;37,9640;EUR;SHELL_;MATCHED
BO906806;D2607244;29/10/2025;NG_PEG;B;01/08/2027;31/10/2027;104,100;MWH;23,1600;EUR;EDF_TR;MATCHED
BO906581;D2607006;10/10/2025;PWR_FR;S;01/06/2026;30/06/2026;234,900;MWH;72,3900;EUR;AXPO;MATCHED
BO900849;D2600897;24/12/2025;NG_PEG;B;01/10/2027;30/09/2028;80,700;MWH;34,8630;EUR;AXPO;MATCHED
BO908898;D2604828;08/07/2025;NG_PEG;B;01/03/2026;31/03/2026;106,900;MWH;32,5990;EUR;UNIPER;MATCHED
BO906255;D2606665;11/12/2025;PWR_FR;B;01/07/2026;31/07/2026;117,900;MWH;71,7990;EUR;STATKR;MATCHED
BO902859;D2603047;28/04/2026;PWR_FR;S;01/11/2027;30/11/2027;283,800;MWH;83,6540;EUR;GUNVOR;MATCHED
BO990024;D9500024;11/07/2025;NG_PEG;B;01/04/2027;30/04/2027;373,000;MWH;28,6550;EUR;RWE;MATCHED
BO908908;D2604529;12/03/2026;PWR_FR;S;01/07/2027;30/09/2027;1124,800;MWH;61,1900;EUR;UNIPER;MATCHED
BO906859;D2607299;03/02/2026;PWR_FR;B;01/01/2026;31/03/2026;510,500;MWH;97,5000;EUR;GUNVOR;MATCHED
BO900384;D2600407;18/07/2025;NG_PEG;B;01/11/2026;31/10/2027;106,500;MWH;33,7320;EUR;UNIPER;MATCHED
BO906955;D2607398;17/02/2026;PWR_FR;B;01/08/2026;31/08/2026;264,700;MWH;60,5020;EUR;VITOL;MATCHED
BO906564;D2606986;23/06/2025;NG_PEG;S;01/08/2026;31/08/2026;82,000;MWH;23,0880;EUR;AXPO;MATCHED
BO905234;D2605577;20/07/2026;NG_PEG;B;01/08/2026;31/08/2026;128,500;MWH;21,7520;EUR;ICE_EN;MATCHED
BO908985;D2606704;07/07/2026;NG_PEG;B;01/01/2026;31/01/2026;29,200;MWH;40,7890;EUR;VITOL;MATCHED
BO905501;D2605868;02/02/2026;PWR_FR;S;01/01/2027;31/01/2027;91,800;MWH;95,9580;EUR;ICE_EN;MATCHED
BO906329;D2606743;09/09/2025;PWR_FR;B;01/06/2026;30/06/2026;545,100;MWH;66,3620;EUR;ICE_EN;MATCHED
BO906629;D2607054;18/12/2025;PWR_FR;B;01/03/2026;31/05/2026;1610,100;MWH;79,4950;EUR;EEX_CL;MATCHED
BO905680;D2606059;09/07/2026;PWR_FR;B;01/12/2027;31/12/2027;898200,000;KWH;73,6730;EUR;UNIPER;MATCHED
BO906991;D2607437;08/06/2026;PWR_FR;B;01/05/2027;31/05/2027;253,100;MWH;67,1660;EUR;STATKR;MATCHED
BO903708;D2603940;17/12/2025;NG_PEG;S;01/06/2027;30/06/2027;120,800;MWH;26,4140;EUR;RWE;MATCHED
BO903515;D2603735;02/09/2025;PWR_FR;B;01/10/2027;31/10/2027;166,200;MWH;84,2390;EUR;VITOL;MATCHED
BO906963;D2607406;06/05/2026;PWR_FR;S;01/03/2026;31/03/2026;155,700;MWH;82,2860;EUR;MERCUR;MATCHED
BO903181;D2603392;28/10/2025;PWR_FR;B;01/07/2027;30/09/2027;226,600;MWH;65,4020;EUR;MERCUR;MATCHED
BO908045;D2608565;23/07/2026;PWR_FR;B;01/09/2027;30/09/2027;174,800;MWH;70,0460;EUR;RWE;MATCHED
BO900951;D2601004;22/04/2026;PWR_FR;B;01/07/2027;31/07/2027;524,200;MWH;63,1980;EUR;STATKR;MATCHED
BO903049;D2603252;09/07/2026;NG_PEG;B;01/05/2026;31/05/2026;85,400;MWH;25,2000;EUR;SHELL_;MATCHED
BO908559;D2602428;23/02/2026;PWR_FR;B;01/02/2026;28/02/2026;223,400;MWH;83,9720;EUR;SHELL_;MATCHED
BO906891;D2607331;02/04/2026;NG_PEG;S;01/06/2026;30/06/2026;152,400;MWH;25,5930;EUR;RWE;MATCHED
BO902308;D2602452;07/07/2025;NG_PEG;S;01/10/2027;31/10/2027;259,100;MWH;25,2030;EUR;EDF_TR;MATCHED
BO901241;D2601319;28/08/2025;NG_PEG;B;01/03/2026;31/05/2026;1023,100;MWH;34,0710;EUR;ICE_EN;MATCHED
BO902402;D2602556;10/07/2026;PWR_FR;S;01/12/2026;31/12/2026;83,700;MWH;92,2310;EUR;AXPO;MATCHED
BO906252;D2606661;05/09/2025;NG_PEG;B;01/06/2027;30/06/2027;133,700;MWH;28,5930;EUR;VITOL;MATCHED
BO907771;D2608263;30/06/2025;PWR_FR;S;01/04/2027;30/06/2027;775,400;MWH;69,8100;EUR;ICE_EN;MATCHED
BO902039;D2602170;20/02/2026;PWR_FR;B;01/12/2027;31/12/2027;118,400;MWH;99,9550;EUR;ICE_EN;MATCHED
BO907550;D2608027;03/07/2026;PWR_FR;B;01/02/2026;28/02/2026;93,600;MWH;107,8580;EUR;STATKR;MATCHED
BO901616;D2601721;23/07/2026;NG_PEG;S;01/11/2026;30/11/2026;174,600;MWH;32,2010;EUR;VITOL;MATCHED
BO907295;D2607762;21/05/2026;NG_PEG;S;01/04/2026;30/04/2026;490,600;MWH;32,9720;EUR;STATKR;CXL
BO908801;D2605048;08/07/2025;PWR_FR;S;01/01/2026;31/01/2026;99,100;MWH;93,7550;EUR;STATKR;MATCHED
BO906494;D2606914;20/02/2026;PWR_FR;S;01/05/2027;31/05/2027;43,000;MWH;72,0700;EUR;ICE_EN;MATCHED
BO904149;D2604411;01/01/2026;NG_PEG;S;01/11/2027;31/01/2028;123,800;MWH;31,5020;EUR;STATKR;CXL
BO904986;D2605312;19/12/2025;NG_PEG;B;01/08/2026;31/08/2026;937,300;MWH;21,3970;EUR;VITOL;MATCHED
BO904842;D2605160;27/06/2025;PWR_FR;B;01/08/2027;31/10/2027;490,400;MWH;62,0650;EUR;UNIPER;MATCHED
BO906999;D2607446;04/06/2026;NG_PEG;B;01/09/2026;30/09/2026;164,300;MWH;29,2660;EUR;VITOL;MATCHED
BO901467;D2601559;02/12/2025;NG_PEG;S;01/01/2026;31/01/2026;865,800;MWH;38,6460;EUR;GUNVOR;MATCHED
BO906068;D2606464;12/02/2026;PWR_FR;S;01/07/2027;30/06/2028;348,700;MWH;46,0710;EUR;TOTALE;MATCHED
BO901804;D2601917;13/04/2026;PWR_FR;B;01/01/2027;31/03/2027;359,600;MWH;97,0540;EUR;AXPO;MATCHED
BO907525;D2608000;07/10/2025;PWR_FR;B;01/10/2027;31/10/2027;74,700;MWH;69,7270;EUR;EEX_CL;MATCHED
BO907425;D2607898;05/12/2025;NG_PEG;B;01/01/2027;31/01/2027;201,400;MWH;35,8810;EUR;SHELL_;MATCHED
BO901961;D2602089;17/10/2025;NG_PEG;B;01/08/2027;31/08/2027;59,200;MWH;25,9060;EUR;EEX_CL;MATCHED
BO905048;D2605377;12/02/2026;PWR_FR;S;01/03/2026;31/05/2026;381,200;MWH;97,7760;EUR;TOTALE;MATCHED
BO901709;D2601817;11/02/2026;PWR_FR;S;01/08/2027;31/08/2027;179,500;MWH;59,2220;EUR;EDF_TR;MATCHED
BO907008;D2607456;20/08/2025;PWR_FR;S;01/01/2027;31/01/2027;65,500;MWH;109,6430;EUR;SHELL_;MATCHED
BO908287;D2608821;15/06/2026;PWR_FR;B;01/04/2026;30/04/2026;180,400;MWH;61,5160;EUR;VITOL;MATCHED
BO900457;D2600484;01/12/2025;PWR_FR;B;01/10/2026;31/10/2026;311,800;MWH;78,6340;EUR;GUNVOR;MATCHED
BO903991;D2604242;07/07/2026;PWR_FR;B;01/04/2027;30/04/2027;61,800;MWH;87,5430;EUR;UNIPER;MATCHED
BO908172;D2608699;06/05/2026;NG_PEG;S;01/05/2027;31/05/2027;292,800;MWH;27,5390;EUR;EEX_CL;MATCHED
BO901107;D2601178;06/06/2025;NG_PEG;S;01/05/2026;31/07/2026;219,000;MWH;27,5240;EUR;UNIPER;MATCHED
BO906866;D2607306;13/08/2025;PWR_FR;B;01/10/2026;31/10/2026;175,500;MWH;92,4780;EUR;SHELL_;MATCHED
BO907213;D2607673;12/02/2026;PWR_FR;S;01/03/2027;31/03/2027;684,500;MWH;72,4080;EUR;EDF_TR;MATCHED
BO907829;D2608328;30/06/2025;NG_PEG;B;01/11/2026;30/11/2026;310,500;MWH;36,0140;EUR;EEX_CL;MATCHED
BO904551;D2604842;06/02/2026;PWR_FR;S;01/09/2026;30/09/2026;164,600;MWH;76,6400;EUR;TOTALE;MATCHED
BO908697;D2606510;18/06/2025;NG_PEG;S;01/04/2027;30/04/2027;279,700;MWH;32,4510;EUR;EDF_TR;MATCHED
BO900909;D2600960;18/05/2026;NG_PEG;S;01/06/2026;30/06/2026;418,100;MWH;22,8970;EUR;EEX_CL;MATCHED
BO900321;D2600341;21/05/2026;PWR_FR;B;01/04/2027;30/04/2027;412,600;MWH;89,3650;EUR;SHELL_;MATCHED
BO903322;D2603540;23/09/2025;NG_PEG;B;01/10/2026;31/12/2026;417,400;MWH;37,6170;EUR;AXPO;MATCHED
BO904157;D2604419;17/07/2026;PWR_FR;S;01/08/2027;31/08/2027;1196,700;MWH;65,3070;EUR;EEX_CL;MATCHED
BO900118;D2600126;22/07/2025;NG_PEG;S;01/12/2026;31/12/2026;757,100;MWH;34,8930;EUR;TOTALE;MATCHED
BO901093;D2601163;26/05/2026;NG_PEG;B;01/11/2027;30/11/2027;153,800;MWH;27,6040;EUR;TOTALE;MATCHED
BO902275;D2602417;29/08/2025;PWR_FR;B;01/08/2027;31/08/2027;321,700;MWH;61,1410;EUR;ICE_EN;MATCHED
BO903009;D2603211;24/04/2026;NG_PEG;B;01/01/2026;31/03/2026;71,500;MWH;39,5800;EUR;UNIPER;MATCHED
BO902313;D2602457;18/06/2026;PWR_FR;B;01/04/2026;30/04/2026;138,300;MWH;71,6630;EUR;EEX_CL;MATCHED
BO905525;D2605893;01/01/2026;NG_PEG;B;01/12/2026;31/12/2026;299,900;MWH;38,6480;EUR;GUNVOR;MATCHED
BO902295;D2602439;10/09/2025;PWR_FR;B;01/03/2026;31/03/2026;370,900;MWH;96,6970;EUR;TOTALE;MATCHED
BO905672;D2606050;05/05/2026;NG_PEG;B;01/01/2027;31/01/2027;127,400;MWH;38,1010;EUR;ICE_EN;MATCHED
BO904890;D2605212;11/07/2025;NG_PEG;S;01/09/2026;30/09/2026;156,000;MWH;32,2050;EUR;EEX_CL;MATCHED
BO901821;D2601937;22/08/2025;PWR_FR;B;01/12/2027;30/11/2028;183,400;MWH;98,5870;EUR;RWE;MATCHED
BO900218;D2600231;15/05/2026;NG_PEG;B;01/07/2026;31/07/2026;899,400;MWH;29,2610;EUR;STATKR;MATCHED
BO904969;D2605295;26/02/2026;NG_PEG;S;01/03/2026;31/03/2026;246,800;MWH;34,8670;EUR;EEX_CL;MATCHED
BO904000;D2604251;05/06/2025;PWR_FR;S;01/12/2026;31/12/2026;168,400;MWH;71,8490;EUR;TOTALE;MATCHED
BO907026;D2607475;29/06/2026;PWR_FR;B;01/01/2026;31/01/2026;235,300;MWH;84,4530;EUR;MERCUR;MATCHED
BO902237;D2602376;26/11/2025;PWR_FR;S;01/08/2026;31/08/2026;49,900;MWH;59,6820;EUR;AXPO;MATCHED
BO901559;D2601661;17/06/2026;PWR_FR;S;01/11/2026;31/01/2027;252,200;MWH;86,2330;EUR;EEX_CL;MATCHED
BO990069;D9500069;17/06/2025;NG_PEG;B;01/05/2026;31/05/2026;1238,700;MWH;23,9900;EUR;EEX_CL;MATCHED
BO904306;D2604577;10/06/2026;PWR_FR;B;01/07/2026;31/07/2026;118,900;MWH;58,6200;EUR;EDF_TR;MATCHED
BO901023;D2601086;02/03/2026;PWR_FR;S;01/11/2026;31/01/2027;75,700;MWH;91,5950;EUR;EDF_TR;CXL
BO901160;D2601236;05/03/2026;PWR_FR;S;01/07/2027;31/07/2027;187,000;MWH;61,9370;EUR;RWE;MATCHED
BO901227;D2601304;11/07/2025;PWR_FR;B;01/07/2026;30/09/2026;206,300;MWH;68,7810;EUR;GUNVOR;MATCHED
BO901470;D2601562;23/04/2026;PWR_FR;B;01/04/2026;30/04/2026;234,200;MWH;79,2750;EUR;ICE_EN;MATCHED
BO907491;D2607964;12/11/2025;PWR_FR;B;01/08/2027;31/08/2027;41,600;MWH;67,2530;EUR;AXPO;MATCHED
BO908634;D2602845;28/01/2026;NG_PEG;B;01/04/2027;31/03/2028;348,500;MWH;28,6040;EUR;UNIPER;MATCHED
BO908127;D2608651;19/12/2025;NG_PEG;S;01/05/2027;31/05/2027;110,000;MWH;28,8780;EUR;RWE;MATCHED
BO904796;D2605112;18/11/2025;PWR_FR;S;01/12/2027;30/11/2028;130,500;MWH;92,6050;EUR;MERCUR;MATCHED
BO901750;D2601859;01/09/2025;NG_PEG;S;01/12/2026;31/12/2026;121,300;MWH;37,4470;EUR;GUNVOR;MATCHED
BO900329;D2600349;06/07/2026;PWR_FR;B;01/11/2027;30/11/2027;64,100;MWH;96,3160;EUR;AXPO;MATCHED
BO903970;D2604219;16/01/2026;PWR_FR;B;01/01/2027;31/01/2027;495,200;MWH;85,7070;EUR;VITOL;MATCHED
BO904019;D2604272;26/11/2025;PWR_FR;B;01/02/2027;28/02/2027;167,500;MWH;86,0870;EUR;RWE;MATCHED
BO905339;D2605692;01/05/2026;NG_PEG;B;01/05/2026;31/05/2026;142,700;MWH;27,8310;EUR;EEX_CL;MATCHED
BO901789;D2601900;10/06/2025;PWR_FR;B;01/11/2026;30/11/2026;86,500;MWH;94,2100;EUR;SHELL_;MATCHED
BO900289;D2600306;07/05/2026;NG_PEG;B;01/04/2027;30/04/2027;738,000;MWH;36,1920;EUR;GUNVOR;MATCHED
BO902331;D2602476;04/08/2025;PWR_FR;S;01/08/2026;31/08/2026;182,700;MWH;60,5690;EUR;ICE_EN;MATCHED
BO905945;D2606336;16/01/2026;PWR_FR;B;01/04/2026;30/04/2026;534,400;MWH;80,4890;EUR;STATKR;MATCHED
BO903103;D2603309;13/07/2026;PWR_FR;B;01/11/2027;31/01/2028;189,900;MWH;90,0290;EUR;VITOL;MATCHED
BO907153;D2607610;17/06/2025;PWR_FR;S;01/02/2027;28/02/2027;201,500;MWH;77,6960;EUR;GUNVOR;MATCHED
BO906119;D2606519;17/09/2025;PWR_FR;B;01/12/2026;31/12/2026;107,300;MWH;95,9160;EUR;AXPO;MATCHED
BO908210;D2608739;21/05/2026;NG_PEG;S;01/02/2027;28/02/2027;2215,500;MWH;37,6260;EUR;ICE_EN;MATCHED
BO901513;D2601610;19/05/2026;PWR_FR;B;01/08/2027;31/08/2027;78,500;MWH;60,5390;EUR;GUNVOR;MATCHED
BO906172;D2606574;24/12/2025;NG_PEG;B;01/04/2026;31/03/2027;288,900;MWH;27,1370;EUR;RWE;MATCHED
BO906139;d2606539;03/07/2026;NG_PEG;B;01/10/2026;31/12/2026;104,800;MWH;34,1300;EUR;STATKR;MATCHED
BO900269;D2600285;08/04/2026;PWR_FR;S;01/10/2026;31/10/2026;141,400;MWH;81,9160;EUR;TOTALE;MATCHED
BO908166;D2608693;12/03/2026;PWR_FR;B;01/04/2026;30/04/2026;307,200;MWH;81,6140;EUR;EEX_CL;MATCHED
BO904787;D2605102;13/03/2026;PWR_FR;B;01/09/2026;30/09/2026;131,600;MWH;67,0650;EUR;GUNVOR;MATCHED
BO902299;D2602443;21/01/2026;PWR_FR;S;01/11/2027;30/11/2027;69,100;MWH;83,9510;EUR;AXPO;MATCHED
BO904224;D2604490;09/07/2025;PWR_FR;B;01/01/2027;31/03/2027;614,100;MWH;97,3860;EUR;EEX_CL;MATCHED
BO904026;D2604280;25/07/2025;PWR_FR;S;01/10/2027;31/10/2027;329,000;MWH;76,0900;EUR;SHELL_;MATCHED
BO906560;D2606982;27/08/2025;PWR_FR;S;01/05/2026;31/07/2026;132,900;MWH;69,5560;EUR;TOTALE;MATCHED
BO908325;D2608861;01/08/2025;PWR_FR;B;01/10/2027;30/09/2028;348,300;MWH;78,7330;EUR;AXPO;MATCHED
BO900983;D2601039;05/09/2025;NG_PEG;B;01/12/2027;31/12/2027;337,600;MWH;40,0040;EUR;TOTALE;MATCHED
BO901974;D2602102;01/12/2025;PWR_FR;B;01/07/2027;31/07/2027;263,900;MWH;57,1280;EUR;VITOL;MATCHED
BO901997;D2602127;31/12/2025;NG_PEG;B;01/06/2027;30/06/2027;234,500;MWH;23,4540;EUR;SHELL_;MATCHED
BO907555;D2608033;18/08/2025;PWR_FR;S;01/08/2026;31/07/2027;114,500;MWH;63,4390;EUR;RWE;MATCHED
BO901485;D2601579;05/05/2026;NG_PEG;S;01/11/2026;31/01/2027;290,600;MWH;34,6130;EUR;TOTALE;MATCHED
BO906219;D2606626;23/07/2026;NG_PEG;S;01/12/2027;29/02/2028;1066,200;MWH;35,1260;EUR;TOTALE;MATCHED
BO906735;D2607168;08/04/2026;NG_PEG;B;01/03/2026;28/02/2027;52,700;MWH;32,4340;EUR;EDF_TR;MATCHED
BO902181;D2602318;04/02/2026;PWR_FR;B;01/01/2026;31/01/2026;54,800;MWH;103,8950;EUR;AXPO;MATCHED
BO900656;D2600697;09/10/2025;PWR_FR;S;01/04/2026;30/04/2026;93,800;MWH;79,0110;EUR;ICE_EN;MATCHED
BO902864;D2603053;23/09/2025;PWR_FR;B;01/03/2027;31/03/2027;225,500;MWH;92,9820;EUR;UNIPER;MATCHED
BO904260;D2604528;02/02/2026;PWR_FR;B;01/02/2027;28/02/2027;305,400;MWH;83,3310;EUR;TOTALE;MATCHED
BO901337;D2601420;11/02/2026;PWR_FR;S;01/02/2027;28/02/2027;158,600;MWH;82,3350;EUR;EDF_TR;MATCHED
BO904875;D2605197;03/02/2026;PWR_FR;B;01/03/2027;31/05/2027;427,800;MWH;78,0250;EUR;EDF_TR;MATCHED
BO908980;D2602540;25/06/2025;NG_PEG;B;01/10/2027;31/10/2027;412,600;MWH;31,7020;EUR;AXPO;MATCHED
BO904290;D2604561;15/12/2025;NG_PEG;S;01/08/2026;31/07/2027;302,800;MWH;24,5793;EUR;UNIPER;MATCHED
BO908554;D2607782;05/02/2026;PWR_FR;B;01/07/2027;31/07/2027;778,400;MWH;72,7020;EUR;EEX_CL;MATCHED
BO903940;D2604187;10/03/2026;NG_PEG;B;01/12/2026;31/12/2026;164,100;MWH;33,3600;EUR;GUNVOR;MATCHED
BO904276;D2604545;07/04/2026;PWR_FR;B;01/10/2026;31/10/2026;410,900;MWH;73,0210;EUR;RWE;MATCHED
BO904763;D2605075;28/05/2026;PWR_FR;B;01/07/2026;31/07/2026;94,600;MWH;47,1740;EUR;ICE_EN;MATCHED
BO907435;D2607908;14/07/2026;NG_PEG;S;01/09/2026;30/11/2026;252,200;MWH;25,5230;EUR;STATKR;MATCHED
BO908576;D2606148;20/05/2026;NG_PEG;S;01/07/2026;30/09/2026;200,100;MWH;26,6080;EUR;RWE;MATCHED
BO905581; D2605951;05/06/2026;PWR_FR;B;01/07/2026;30/06/2027;175,500;MWH;49,6430;EUR;GUNVOR;MATCHED
BO903979;D2604229;18/08/2025;NG_PEG;S;01/05/2027;31/05/2027;395,000;MWH;29,0580;EUR;ICE_EN;MATCHED
BO902765;D2602944;08/12/2025;NG_PEG;S;01/06/2027;31/08/2027;131,400;MWH;28,6760;EUR;UNIPER;MATCHED
BO906109;D2606508;10/12/2025;PWR_FR;S;01/11/2027;31/10/2028;244,100;MWH;102,4110;EUR;EDF_TR;MATCHED
BO907684;D2608172;23/09/2025;PWR_FR;S;01/07/2026;31/07/2026;719,800;MWH;65,8450;EUR;EDF_TR;MATCHED
BO902804;D2602989;27/02/2026;NG_PEG;B;01/05/2026;31/05/2026;505,600;MWH;23,4630;EUR;UNIPER;MATCHED
BO900096;D2600101;08/09/2025;PWR_FR;S;01/01/2027;31/01/2027;617,300;MWH;101,2640;EUR;VITOL;MATCHED
BO902416;D2602570;28/10/2025;PWR_FR;B;01/03/2027;31/03/2027;99,900;MWH;105,0940;EUR;ICE_EN;MATCHED
BO901431;D2601522;26/06/2025;PWR_FR;B;01/08/2026;31/08/2026;114,100;MWH;58,1740;EUR;MERCUR;MATCHED
BO908592;D2608418;04/02/2026;PWR_FR;S;01/02/2027;28/02/2027;193,800;MWH;90,6990;EUR;ICE_EN;MATCHED
BO906763;D2607196;26/03/2026;NG_PEG;S;01/06/2026;31/08/2026;332,400;MWH;22,1990;EUR;SHELL_;MATCHED
BO907502;D2607976;18/12/2025;PWR_FR;B;01/08/2027;31/08/2027;89,200;MWH;69,5960;EUR;VITOL;MATCHED
BO906682;D2607114;22/05/2026;PWR_FR;S;01/12/2026;30/11/2027;231,700;MWH;88,2190;EUR;AXPO;MATCHED
BO904622;D2604917;04/12/2025;PWR_FR;S;01/07/2026;31/07/2026;618,800;MWH;60,0770;EUR;ICE_EN;MATCHED
BO900112;D2600120;11/08/2025;PWR_FR;B;01/09/2027;30/09/2027;202,800;MWH;74,9460;EUR;MERCUR;MATCHED
BO908503;D2603409;02/10/2025;PWR_FR;B;01/10/2027;31/10/2027;243,300;MWH;79,1110;EUR;ICE_EN;MATCHED
BO907464;D2607937;25/11/2025;PWR_FR;S;01/07/2026;31/07/2026;2966,400;MWH;71,7220;EUR;AXPO;MATCHED
BO907173;D2607631;10/06/2025;PWR_FR;B;01/06/2027;30/06/2027;555,900;MWH;55,1090;EUR;RWE;MATCHED
BO907921;D2608434;14/11/2025;NG_PEG;B;01/10/2027;31/12/2027;18,800;MWH;31,1220;EUR;AXPO;MATCHED
BO903676;D2603906;05/06/2026;NG_PEG;S;01/04/2027;30/04/2027;489,600;MWH;34,0000;EUR;VITOL;MATCHED
BO908544;D2601951;10/09/2025;PWR_FR;S;01/10/2027;31/10/2027;111,400;MWH;69,1580;EUR;VITOL;MATCHED
BO901314;D2601395;18/03/2026;PWR_FR;B;01/12/2026;28/02/2027;719,000;MWH;85,3620;EUR;EDF_TR;MATCHED
BO902054;D2602185;22/05/2026;NG_PEG;B;01/05/2027;31/05/2027;276,900;MWH;25,8430;EUR;UNIPER;MATCHED
BO907472;D2607945;15/07/2026;PWR_FR;S;01/11/2027;30/11/2027;144,300;MWH;97,6000;EUR;EDF_TR;MATCHED
BO907524;D2607999;23/02/2026;PWR_FR;S;01/07/2026;30/06/2027;68,500;MWH;55,2050;EUR;UNIPER;MATCHED
BO908322;D2608858;13/08/2025;NG_PEG;B;01/04/2026;31/03/2027;158,900;MWH;29,6240;EUR;AXPO;MATCHED
BO906195;D2606600;21/07/2026;PWR_FR;S;01/07/2026;31/07/2026;412,000;MWH;64,2000;EUR;STATKR;MATCHED
BO907564;D2608043;26/08/2025;PWR_FR;B;01/02/2027;28/02/2027;102,200;MWH;92,7900;EUR;UNIPER;MATCHED
BO907240;D2607702;26/06/2025;PWR_FR;B;01/09/2027;30/09/2027;121,300;MWH;65,6210;EUR;STATKR;CXL
BO906531;D2606953;01/10/2025;PWR_FR;S;01/01/2026;31/01/2026;324,000;MWH;97,2780;EUR;EEX_CL;MATCHED
BO900786;D2600828;23/01/2026;PWR_FR;B;01/01/2026;31/01/2026;460,800;MWH;103,6810;EUR;RWE;MATCHED
BO907189;D2607647;20/06/2025;NG_PEG;B;01/02/2026;30/04/2026;469,500;MWH;36,5490;EUR;VITOL;MATCHED
BO901642;D2601748;09/06/2025;NG_PEG;B;01/11/2027;30/11/2027;111,100;MWH;30,9620;EUR;AXPO;MATCHED
BO900209;D2600222;22/01/2026;PWR_FR;B;01/12/2026;28/02/2027;158,200;MWH;93,9220;EUR;AXPO;MATCHED
BO902901;D2603095;27/10/2025;PWR_FR;B;01/07/2027;30/09/2027;135,600;MWH;62,1570;EUR;GUNVOR;MATCHED
BO903348;D2603566;31/07/2025;NG_PEG;B;01/09/2027;30/09/2027;659,500;MWH;22,1770;EUR;TOTALE;MATCHED
BO906502;D2606922;18/12/2025;NG_PEG;S;01/10/2027;31/10/2027;226,700;MWH;34,9140;EUR;GUNVOR;MATCHED
BO900108;D2600116;24/12/2025;PWR_FR;S;01/11/2027;31/01/2028;77,100;MWH;101,9730;EUR;VITOL;MATCHED
BO908894;D2601599;30/07/2025;PWR_FR;S;01/06/2026;30/06/2026;303,400;MWH;61,8790;EUR;ICE_EN;MATCHED
BO903126;D2603333;17/06/2025;NG_PEG;B;01/11/2026;31/01/2027;443,000;MWH;29,0210;EUR;TOTALE;MATCHED
BO900334;D2600354;24/03/2026;PWR_FR;B;01/03/2026;31/03/2026;110,100;MWH;93,6100;EUR;AXPO;MATCHED
BO904727;D2605036;05/06/2026;NG_PEG;B;01/06/2027;30/06/2027;1196,700;MWH;24,7700;EUR;EEX_CL;MATCHED
BO908109;D2608632;13/08/2025;PWR_FR;B;01/03/2026;31/03/2026;455,400;MWH;94,9180;EUR;RWE;MATCHED
BO904205;D2604469;06/04/2026;PWR_FR;S;01/10/2026;31/10/2026;72,800;MWH;64,5480;EUR;EEX_CL;MATCHED
BO901886;D2602010;26/05/2026;PWR_FR;S;01/08/2026;31/08/2026;173,300;MWH;59,1550;EUR;EDF_TR;MATCHED
BO901407;D2601496;04/08/2025;PWR_FR;B;01/04/2027;30/04/2027;133,400;MWH;96,6160;EUR;TOTALE;MATCHED
BO901888;D2602012;18/06/2025;PWR_FR;B;01/02/2027;28/02/2027;147,300;MWH;104,8690;EUR;GUNVOR;MATCHED
BO902952;D2603147;12/05/2026;PWR_FR;S;01/03/2026;31/05/2026;152,300;MWH;109,2980;EUR;UNIPER;CXL
BO907010;D2607458;12/06/2026;PWR_FR;S;01/06/2027;30/06/2027;181,000;MWH;68,9400;EUR;TOTALE;MATCHED
BO902232;D2602370;22/06/2026;PWR_FR;S;01/12/2027;29/02/2028;450,800;MWH;95,9260;EUR;SHELL_;MATCHED
BO901450;D2601542;27/08/2025;PWR_FR;B;01/08/2026;31/08/2026;1004,600;MWH;67,7880;EUR;GUNVOR;MATCHED
BO906744;D2607177;09/06/2026;NG_PEG;B;01/06/2027;31/08/2027;221,700;MWH;22,7240;EUR;RWE;MATCHED
BO908001;D2608518;21/04/2026;NG_PEG;B;01/07/2026;31/07/2026;395,500;MWH;23,4920;EUR;RWE;MATCHED
BO907236;D2607698;23/02/2026;PWR_FR;S;01/06/2027;30/06/2027;162,500;MWH;68,6090;EUR;VITOL;MATCHED
BO900613;D2600653;07/04/2026;NG_PEG;S;01/03/2027;31/03/2027;250,500;MWH;32,9300;EUR;SHELL_;MATCHED
BO908856;D2604887;29/01/2026;PWR_FR;B;01/07/2027;31/07/2027;97,300;MWH;55,9420;EUR;EEX_CL;MATCHED
BO905641;D2606018;27/01/2026;PWR_FR;B;01/07/2027;31/07/2027;358,000;MWH;62,7570;EUR;AXPO;MATCHED
BO901523;D2601621;12/01/2026;NG_PEG;B;01/10/2027;31/10/2027;41,300;MWH;30,3380;EUR;RWE;MATCHED
BO906371;D2606786;05/09/2025;PWR_FR;B;01/01/2026;31/03/2026;558,300;MWH;85,8640;EUR;GUNVOR;MATCHED
BO902695;D2602867;05/09/2025;PWR_FR;B;01/12/2026;31/12/2026;206,600;MWH;110,7280;EUR;STATKR;MATCHED
BO990087;D9500087;13/03/2026;PWR_FR;S;01/10/2027;31/10/2027;160,700;MWH;69,1490;EUR;GUNVOR;MATCHED
BO906835;D2607274;01/04/2026;PWR_FR;B;01/05/2027;31/05/2027;50,300;MWH;59,8600;EUR;UNIPER;MATCHED
BO908422;D2608962;12/08/2025;NG_PEG;B;01/04/2026;30/04/2026;125,000;MWH;32,9480;EUR;EDF_TR;MATCHED
BO902977;D2603173;01/07/2026;PWR_FR;S;01/05/2027;31/05/2027;50,000;MWH;59,5790;EUR;EEX_CL;MATCHED
BO903826;D2604067;31/03/2026;PWR_FR;S;01/04/2027;31/03/2028;639,500;MWH;91,7050;EUR;SHELL_;MATCHED
BO902206;D2602344;02/12/2025;PWR_FR;S;01/01/2027;31/12/2027;311,900;MWH;103,0810;EUR;RWE;MATCHED
BO901613;D2601718;01/05/2026;NG_PEG;S;01/09/2026;30/09/2026;692,700;MWH;28,5850;EUR;ICE_EN;CXL
BO903779;D2604019;10/04/2026;NG_PEG;B;01/07/2027;30/09/2027;131,200;MWH;27,8400;EUR;EDF_TR;MATCHED
BO905347;D2605700;13/11/2025;PWR_FR;S;01/06/2026;31/05/2027;388,500;MWH;55,5120;EUR;UNIPER;MATCHED
BO903349;D2603567;20/10/2025;PWR_FR;S;01/01/2026;31/01/2026;794,300;MWH;94,6370;EUR;STATKR;MATCHED
BO903818;D2604059;26/06/2026;PWR_FR;B;01/03/2027;31/03/2027;653,400;MWH;104,6740;EUR;EDF_TR;MATCHED
BO905558;D2605926;09/10/2025;NG_PEG;S;01/02/2026;28/02/2026;86,700;MWH;37,2550;EUR;TOTALE;MATCHED
BO901032;D2601096;24/10/2025;PWR_FR;S;01/01/2027;31/01/2027;128,900;MWH;100,0450;EUR;RWE;CXL
BO906764;D2607197;03/09/2025;PWR_FR;B;01/06/2027;30/06/2027;157,400;MWH;70,3850;EUR;UNIPER;MATCHED
BO903106;D2603312;05/01/2026;PWR_FR;S;01/04/2026;30/04/2026;351,600;MWH;71,5690;EUR;UNIPER;MATCHED
BO904560;D2604851;16/06/2026;NG_PEG;B;01/10/2027;31/10/2027;92,600;MWH;31,5210;EUR;GUNVOR;MATCHED
BO905602;D2605974;20/04/2026;PWR_FR;S;01/04/2026;30/04/2026;720,700;MWH;82,2940;EUR;ICE_EN;MATCHED
BO908760;D2602666;26/02/2026;PWR_FR;B;01/09/2027;30/09/2027;154,600;MWH;89,8400;EUR;VITOL;MATCHED
BO903522;D2603743;18/08/2025;NG_PEG;B;01/08/2027;31/08/2027;132,300;MWH;26,0600;EUR;VITOL;MATCHED
BO905521;D2605888;18/08/2025;PWR_FR;B;01/11/2027;30/11/2027;642,600;MWH;89,1780;EUR;VITOL;MATCHED
BO990064;D9500064;17/12/2025;PWR_FR;B;01/01/2026;31/12/2026;129,700;MWH;99,8230;EUR;EEX_CL;MATCHED
BO903158;D2603367;03/03/2026;NG_PEG;B;01/10/2027;31/10/2027;132,000;MWH;32,8350;EUR;RWE;MATCHED
BO908292;D2608826;28/05/2026;PWR_FR;B;01/07/2027;31/07/2027;80,300;MWH;55,0510;EUR;ICE_EN;MATCHED
BO907050;D2607499;06/08/2025;PWR_FR;B;01/03/2027;31/03/2027;521,700;MWH;84,5560;EUR;AXPO;MATCHED
BO906325;D2606739;15/08/2025;PWR_FR;B;01/06/2026;30/06/2026;269,500;MWH;63,8650;EUR;UNIPER;MATCHED
BO902223;D2602361;09/09/2025;NG_PEG;B;01/01/2026;31/01/2026;39,400;MWH;35,9130;EUR;MERCUR;MATCHED
BO902928;D2603123;05/08/2025;PWR_FR;B;01/11/2026;30/11/2026;463,200;MWH;90,9660;EUR;VITOL;MATCHED
BO902834;D2603021;30/12/2025;PWR_FR;B;01/04/2027;31/03/2028;92,400;MWH;87,9200;EUR;UNIPER;MATCHED
BO907608;D2608092;05/06/2026;NG_PEG;S;01/11/2026;30/11/2026;261,800;MWH;39,2990;EUR;TOTALE;MATCHED
BO902263;D2602403;05/06/2026;PWR_FR;B;01/05/2026;31/05/2026;709,000;MWH;56,8160;EUR;SHELL_;MATCHED
BO900770;D2600812;24/06/2026;PWR_FR;S;01/02/2026;30/04/2026;34,100;MWH;94,9820;EUR;SHELL_;MATCHED
BO902814;D2603000;05/09/2025;PWR_FR;B;01/02/2026;28/02/2026;213,000;MWH;87,6660;EUR;EEX_CL;MATCHED
BO901936;D2602063;18/07/2025;PWR_FR;B;01/04/2027;30/04/2027;288,700;MWH;60,3530;EUR;ICE_EN;MATCHED
BO904856;D2605177;16/12/2025;NG_PEG;B;01/03/2026;31/03/2026;94,900;MWH;35,8070;EUR;GUNVOR;MATCHED
BO902570;D2602734;07/05/2026;PWR_FR;B;01/09/2026;30/09/2026;244,100;MWH;72,2520;EUR;EEX_CL;MATCHED
BO904517;D2604806;05/02/2026;PWR_FR;S;01/02/2026;28/02/2026;197,600;MWH;76,0170;EUR;STATKR;MATCHED
BO901341;D2601424;16/06/2026;NG_PEG;B;01/05/2027;30/04/2028;174,200;MWH;25,2630;EUR;AXPO;MATCHED
BO901218;D2601294;25/09/2025;NG_PEG;S;01/07/2026;31/07/2026;1216,800;MWH;22,0640;EUR;ICE_EN;MATCHED
BO905352;D2605705;10/07/2026;PWR_FR;S;01/05/2027;31/05/2027;438,300;MWH;76,7940;EUR;AXPO;MATCHED
BO903005;D2603207;10/04/2026;PWR_FR;S;01/04/2026;30/06/2026;225,300;MWH;83,6880;EUR;MERCUR;MATCHED
BO904016;D2604269;30/06/2026;PWR_FR;S;01/04/2027;30/04/2027;433,000;MWH;76,2440;EUR;TOTALE;MATCHED
BO908573;D2608319;09/06/2026;NG_PEG;S;01/08/2026;31/07/2027;1576,900;MWH;24,5790;EUR;EEX_CL;MATCHED
BO907465;D2607938;18/09/2025;PWR_FR;B;01/09/2027;31/08/2028;290,100;MWH;63,0410;EUR;TOTALE;MATCHED
BO908839;D2602753;21/11/2025;PWR_FR;B;01/12/2027;29/02/2028;599,600;MWH;76,8350;EUR;ICE_EN;MATCHED
BO906475;D2606895;11/11/2025;PWR_FR;S;01/09/2027;30/09/2027;234,300;MWH;66,2300;EUR;AXPO;MATCHED
BO900012;D2600012;18/11/2025;NG_PEG;S;01/04/2026;30/04/2026;206,400;MWH;33,9840;EUR;EDF_TR;MATCHED
BO908903;D2601388;22/09/2025;PWR_FR;B;01/02/2026;28/02/2026;560,000;MWH;80,8820;EUR;EDF_TR;MATCHED
BO902548;D2602709;08/04/2026;PWR_FR;B;01/05/2027;31/05/2027;172,200;MWH;69,3250;EUR;AXPO;MATCHED
BO907281;D2607745;30/03/2026;NG_PEG;S;01/07/2027;31/07/2027;116,700;MWH;23,2320;EUR;MERCUR;MATCHED
BO907587;D2608070;07/11/2025;PWR_FR;B;01/06/2026;31/08/2026;1132,100;MWH;58,3280;EUR;UNIPER;MATCHED
BO900886;D2600937;29/05/2026;NG_PEG;B;01/06/2026;30/06/2026;156,900;MWH;26,1610;EUR;RWE;MATCHED
BO906780;D2607213;18/12/2025;PWR_FR;S;01/07/2027;31/07/2027;85,300;MWH;59,8440;EUR;EEX_CL;MATCHED
BO907041;D2607490;12/03/2026;NG_PEG;S;01/02/2026;30/04/2026;98,800;MWH;35,3410;EUR;STATKR;MATCHED
BO904345;D2604619;29/05/2026;PWR_FR;S;01/02/2026;31/01/2027;114,000;MWH;89,7740;EUR;STATKR;MATCHED
BO906965;D2607409;30/09/2025;PWR_FR;S;01/01/2027;31/01/2027;470,300;MWH;93,2870;EUR;ICE_EN;MATCHED
BO900036;D2600039;07/10/2025;NG_PEG;B;01/07/2027;31/07/2027;46,300;MWH;26,2450;EUR;VITOL;MATCHED
BO902821;D2603008;14/01/2026;PWR_FR;B;01/07/2026;31/07/2026;89,100;MWH;65,3920;EUR;STATKR;MATCHED
BO903809;D2604049;18/06/2026;PWR_FR;S;01/06/2026;31/05/2027;100,800;MWH;62,8660;EUR;EEX_CL;MATCHED
BO908124;D2608648;15/12/2025;NG_PEG;S;01/09/2027;30/09/2027;293,900;MWH;26,2190;EUR;EDF_TR;MATCHED
BO908991;D2601102;04/06/2026;PWR_FR;B;01/07/2027;31/07/2027;58,500;MWH;51,9220;EUR;RWE;MATCHED
BO902271;D2602412;12/03/2026;NG_PEG;B;01/08/2027;31/08/2027;363,900;MWH;23,4350;EUR;RWE;MATCHED
BO907013;D2607461;01/09/2025;PWR_FR;S;01/09/2027;30/09/2027;219,900;MWH;78,0540;EUR;ICE_EN;MATCHED
BO900236;D2600250;24/12/2025;PWR_FR;B;01/12/2026;30/11/2027;2020,600;MWH;97,1540;EUR;GUNVOR;MATCHED
BO990032;D9500032;28/04/2026;NG_PEG;S;01/01/2027;31/01/2027;383,500;MWH;32,4940;EUR;STATKR;MATCHED
BO901100;D2601171;10/06/2026;NG_PEG;B;01/04/2026;30/04/2026;60,200;MWH;31,1170;EUR;UNIPER;MATCHED
BO902650;D2602816;07/11/2025;NG_PEG;S;01/06/2027;30/06/2027;286,500;MWH;24,8810;EUR;TOTALE;MATCHED
BO902492;D2602647;03/07/2025;PWR_FR;S;01/01/2026;31/01/2026;216,200;MWH;99,3890;EUR;TOTALE;MATCHED
BO900385;D2600408;16/07/2026;PWR_FR;B;01/12/2027;31/12/2027;176,700;MWH;85,0990;EUR;RWE;MATCHED
BO902950;D2603145;26/12/2025;NG_PEG;S;01/05/2027;31/05/2027;50,400;MWH;23,7710;EUR;EDF_TR;MATCHED
BO908942;D2605795;29/10/2025;NG_PEG;B;01/02/2026;30/04/2026;91,400;MWH;42,9710;EUR;EDF_TR;MATCHED
BO900454;D2600481;08/10/2025;NG_PEG;S;01/02/2026;31/01/2027;468,000;MWH;33,2410;EUR;AXPO;MATCHED
BO906607;D2607032;15/04/2026;PWR_FR;B;01/03/2027;31/05/2027;273,400;MWH;98,4880;EUR;RWE;MATCHED
BO900533;D2600568;21/04/2026;PWR_FR;B;01/12/2027;31/12/2027;1883,200;MWH;82,3130;EUR;RWE;MATCHED
BO904608;D2604902;21/05/2026;NG_PEG;S;01/03/2026;31/03/2026;149,500;MWH;35,1610;EUR;MERCUR;MATCHED
BO900139;D2600148;05/09/2025;PWR_FR;B;01/12/2027;29/02/2028;107,700;MWH;86,1980;EUR;EDF_TR;MATCHED
BO907097;D2607551;13/01/2026;NG_PEG;S;01/07/2027;31/07/2027;73,200;MWH;24,2440;EUR;EDF_TR;MATCHED
BO908321;D2608857;04/08/2025;NG_PEG;S;01/08/2027;31/08/2027;701,300;MWH;27,2450;EUR;EEX_CL;MATCHED
BO901070;D2601138;26/01/2026;NG_PEG;B;01/06/2027;30/06/2027;300,500;MWH;27,4730;EUR;AXPO;MATCHED
BO908597;D2605600;24/10/2025;PWR_FR;S;01/06/2027;30/06/2027;505,900;MWH;57,3970;EUR;EEX_CL;MATCHED
BO902395;D2602548;20/01/2026;PWR_FR;S;01/04/2027;30/04/2027;15,100;MWH;85,6860;EUR;GUNVOR;MATCHED
BO903415;D2603633;17/12/2025;PWR_FR;B;01/01/2026;31/01/2026;677,600;MWH;94,9360;EUR;GUNVOR;MATCHED
BO903538;D2603759;23/02/2026;PWR_FR;B;01/11/2027;31/01/2028;138,000;MWH;86,2500;EUR;UNIPER;MATCHED
BO902093;D2602227;21/07/2026;PWR_FR;B;01/06/2027;31/08/2027;271,000;MWH;64,8140;EUR;RWE;MATCHED
BO901468;D2601560;05/06/2026;NG_PEG;B;01/10/2026;31/10/2026;814700,000;KWH;30,4210;EUR;AXPO;MATCHED
BO907485;D2607958;12/12/2025;NG_PEG;S;01/10/2026;31/10/2026;693,700;MWH;32,0140;EUR;AXPO;MATCHED
BO908320;D2608856;11/11/2025;PWR_FR;B;01/10/2027;31/10/2027;158,100;MWH;72,0040;EUR;ICE_EN;MATCHED
BO902572;D2602736;27/06/2025;PWR_FR;S;01/12/2026;31/12/2026;303,600;MWH;79,0650;EUR;UNIPER;MATCHED
BO904478;D2604763;01/04/2026;NG_PEG;S;01/10/2026;31/10/2026;208,900;MWH;34,7710;EUR;EEX_CL;MATCHED
BO906198;D2606603;25/06/2026;PWR_FR;S;01/07/2026;31/07/2026;137,600;MWH;57,1970;EUR;GUNVOR;MATCHED
BO904417;D2604697;27/05/2026;PWR_FR;B;01/06/2026;31/08/2026;776,100;MWH;60,2270;EUR;AXPO;CXL
BO902496;D2602651;15/05/2026;NG_PEG;B;01/01/2026;31/01/2026;237,700;MWH;31,3800;EUR;STATKR;MATCHED
BO901414;D2601505;01/08/2025;NG_PEG;B;01/03/2027;31/05/2027;309,100;MWH;32,9190;EUR;STATKR;MATCHED
BO908919;D2607261;28/10/2025;NG_PEG;S;01/09/2026;30/11/2026;999,500;MWH;27,1280;EUR;UNIPER;MATCHED
BO905238;D2605582;29/12/2025;PWR_FR;S;01/06/2026;30/06/2026;445,100;MWH;59,3380;EUR;RWE;MATCHED
BO905512;D2605879;26/11/2025;PWR_FR;B;01/07/2026;31/07/2026;801,900;MWH;61,9970;EUR;EEX_CL;MATCHED
BO905056;D2605385;06/06/2025;NG_PEG;B;01/07/2026;31/07/2026;199,900;MWH;25,8950;EUR;GUNVOR;MATCHED
BO900512;D2600546;04/07/2025;NG_PEG;S;01/12/2026;31/12/2026;217,200;MWH;33,8910;EUR;ICE_EN;MATCHED
BO904311;D2604582;17/02/2026;NG_PEG;B;01/05/2026;31/07/2026;198,700;MWH;27,7280;EUR;ICE_EN;MATCHED
BO906335;D2606750;26/12/2025;NG_PEG;B;01/12/2027;31/12/2027;107,500;MWH;39,8590;EUR;VITOL;MATCHED
BO906193;D2606598;22/07/2026;NG_PEG;S;01/03/2026;31/03/2026;529,600;MWH;32,6080;EUR;AXPO;MATCHED
BO906540;D2606962;05/02/2026;PWR_FR;S;01/06/2027;30/06/2027;222,400;MWH;62,4450;EUR;VITOL;MATCHED
BO908582;D2605943;05/01/2026;PWR_FR;B;01/08/2026;31/10/2026;855,700;MWH;74,4870;EUR;VITOL;MATCHED
BO907067;D2607518;09/06/2026;PWR_FR;B;01/09/2027;30/09/2027;414,900;MWH;79,4630;EUR;EEX_CL;MATCHED
BO902226;D2602364;27/02/2026;NG_PEG;B;01/06/2027;30/06/2027;136,300;MWH;24,9860;EUR;RWE;MATCHED
BO901511;D2601608;16/07/2026;NG_PEG;B;01/06/2027;30/06/2027;109,600;MWH;24,5520;EUR;STATKR;MATCHED
BO904564;D2604856;08/09/2025;NG_PEG;B;01/09/2027;30/09/2027;481,900;MWH;27,6460;EUR;UNIPER;MATCHED
BO904975;D2605301;20/03/2026;PWR_FR;B;01/12/2026;31/12/2026;52,100;MWH;88,1170;EUR;EDF_TR;MATCHED
BO904127;D2604388;26/06/2026;NG_PEG;S;01/08/2027;31/08/2027;272,400;MWH;26,2270;EUR;EEX_CL;MATCHED
BO901881;D2602004;20/10/2025;NG_PEG;B;01/11/2026;31/10/2027;456,700;MWH;40,2420;EUR;AXPO;MATCHED
BO900589;D2600628;14/11/2025;NG_PEG;B;01/06/2026;30/06/2026;110,900;MWH;25,0080;EUR;AXPO;MATCHED
BO902076;D2602210;06/01/2026;NG_PEG;B;01/04/2026;30/06/2026;660,900;MWH;32,1090;EUR;ICE_EN;MATCHED
BO903340;D2603558;07/08/2025;NG_PEG;S;01/03/2026;28/02/2027;37,100;MWH;38,6250;EUR;STATKR;MATCHED
BO902801;D2602986;10/09/2025;PWR_FR;B;01/01/2027;31/12/2027;406,500;MWH;91,0000;EUR;TOTALE;MATCHED
BO904022;D2604275;04/12/2025;PWR_FR;B;01/07/2026;30/06/2027;300,500;MWH;53,8610;EUR;AXPO;MATCHED
BO902569;D2602732;10/12/2025;PWR_FR;B;01/06/2026;31/08/2026;942,800;MWH;63,8480;EUR;MERCUR;MATCHED
BO908193;D2608721;20/11/2025;PWR_FR;B;01/03/2026;31/05/2026;686,800;MWH;100,8320;EUR;ICE_EN;MATCHED
BO901727;D2601836;23/07/2026;PWR_FR;B;01/12/2026;31/12/2026;497,400;MWH;109,0600;EUR;EDF_TR;MATCHED
BO905043;D2605372;19/06/2026;PWR_FR;S;01/04/2026;30/06/2026;540,400;MWH;101,8315;EUR;STATKR;MATCHED
BO902424;D2602578;15/06/2026;PWR_FR;S;01/04/2026;30/04/2026;341,700;MWH;80,7450;EUR;TOTALE;MATCHED
BO908842;D2607706;06/10/2025;NG_PEG;B;01/05/2026;31/05/2026;295,900;MWH;27,5140;EUR;RWE;MATCHED
BO904383;D2604660;24/04/2026;NG_PEG;B;01/11/2026;30/11/2026;43,100;MWH;36,8550;EUR;EDF_TR;MATCHED
BO904665;D2604964;20/07/2026;PWR_FR;S;01/10/2027;31/12/2027;89,000;MWH;82,6600;EUR;STATKR;MATCHED
BO900452;D2600479;09/07/2025;PWR_FR;B;01/07/2027;31/07/2027;90,600;MWH;56,9560;EUR;STATKR;MATCHED
BO902841;D2603029;19/06/2025;NG_PEG;S;01/04/2026;30/04/2026;518,800;MWH;25,3050;EUR;SHELL_;MATCHED
BO901167;D2601243;29/05/2026;PWR_FR;B;01/05/2026;31/05/2026;892,400;MWH;66,6440;EUR;TOTALE;MATCHED
BO900302;D2600321;04/06/2026;PWR_FR;B;01/06/2027;31/05/2028;118,600;MWH;67,6600;EUR;VITOL;MATCHED
BO900674;D2600715;03/03/2026;NG_PEG;B;01/05/2026;31/05/2026;750,500;MWH;23,0230;EUR;UNIPER;MATCHED
BO907483;D2607956;12/06/2026;PWR_FR;B;01/12/2026;31/12/2026;174,200;MWH;86,0290;EUR;TOTALE;MATCHED
BO907436;D2607909;01/05/2026;NG_PEG;B;01/05/2027;31/05/2027;181,900;MWH;30,4620;EUR;EDF_TR;MATCHED
BO908089;D2608611;06/11/2025;PWR_FR;B;01/11/2026;30/11/2026;217,700;MWH;72,3300;EUR;UNIPER;MATCHED
BO904047;D2604304;26/06/2025;PWR_FR;B;01/05/2026;31/07/2026;82,100;MWH;62,8620;EUR;EDF_TR;MATCHED
BO900832;D2600879;26/06/2026;PWR_FR;B;01/12/2027;29/02/2028;107,900;MWH;94,1580;EUR;STATKR;MATCHED
BO906533;D2606955;13/02/2026;PWR_FR;B;01/04/2027;30/04/2027;565,300;MWH;86,5860;EUR;AXPO;MATCHED
BO907906;D2608419;02/07/2025;PWR_FR;B;01/06/2027;30/06/2027;156,300;MWH;63,3510;EUR;GUNVOR;MATCHED
BO904911;D2605233;25/06/2026;NG_PEG;S;01/01/2027;31/01/2027;198,600;MWH;35,8790;EUR;AXPO;MATCHED
BO907943;D2608456;17/10/2025;PWR_FR;S;01/04/2027;30/04/2027;104,800;MWH;72,1270;EUR;VITOL;MATCHED
BO905367;D2605724;10/10/2025;NG_PEG;B;01/12/2027;31/12/2027;578,100;MWH;32,1040;EUR;EDF_TR;MATCHED
BO908871;D2602483;16/06/2026;PWR_FR;B;01/08/2027;31/08/2027;168,500;MWH;74,1840;EUR;VITOL;MATCHED
BO901800;D2601913;23/10/2025;NG_PEG;B;01/11/2027;31/01/2028;193,500;MWH;33,1660;EUR;UNIPER;MATCHED
BO903613;D2603840;18/08/2025;NG_PEG;S;01/08/2027;31/08/2027;521,900;MWH;31,1617;EUR;EDF_TR;CXL
BO908525;D2608763;02/02/2026;PWR_FR;B;01/10/2026;31/12/2026;116,900;MWH;95,3000;EUR;STATKR;MATCHED
BO904218;D2604483;19/05/2026;PWR_FR;B;01/02/2027;28/02/2027;1621,600;MWH;84,4060;EUR;MERCUR;MATCHED
BO900615;D2600655;18/06/2026;PWR_FR;B;01/05/2026;31/05/2026;486,500;MWH;64,3500;EUR;VITOL;MATCHED
BO908978;D2604864;28/10/2025;PWR_FR;B;01/05/2026;31/05/2026;234,200;MWH;72,0970;EUR;VITOL;MATCHED
BO905554;D2605922;16/04/2026;NG_PEG;B;01/09/2026;30/09/2026;249,300;MWH;27,4580;EUR;ICE_EN;MATCHED
BO903388;D2603606;02/06/2025;NG_PEG;B;01/02/2026;28/02/2026;676,200;MWH;39,4730;EUR;SHELL_;MATCHED
BO906699;D2607131;29/01/2026;PWR_FR;S;01/01/2027;31/01/2027;486,700;MWH;88,4430;EUR;MERCUR;MATCHED
BO903690;D2603922;12/06/2026;PWR_FR;S;01/07/2026;31/07/2026;41,400;MWH;67,6110;EUR;UNIPER;MATCHED
BO902198;D2602336;26/08/2025;PWR_FR;S;01/07/2026;30/09/2026;209,500;MWH;50,1720;EUR;SHELL_;MATCHED
BO900195;D2600208;05/08/2025;NG_PEG;B;01/02/2027;28/02/2027;254,000;MWH;35,0770;EUR;RWE;MATCHED
BO908149;D2608676;05/11/2025;PWR_FR;B;01/08/2026;31/08/2026;104,300;MWH;53,0470;EUR;AXPO;MATCHED
BO900762;D2600804;15/12/2025;PWR_FR;S;01/01/2027;31/01/2027;173,600;MWH;110,8360;EUR;VITOL;MATCHED
BO905999;D2606393;06/10/2025;NG_PEG;B;01/10/2027;31/10/2027;273,500;MWH;38,1390;EUR;EEX_CL;MATCHED
BO904879;D2605201;16/10/2025;PWR_FR;B;01/03/2027;31/03/2027;173,500;MWH;87,6360;EUR;MERCUR;MATCHED
BO905589;D2605959;13/01/2026;PWR_FR;S;01/08/2027;31/08/2027;833,200;MWH;64,6490;EUR;TOTALE;MATCHED
BO907756;D2608248;16/07/2025;PWR_FR;B;01/09/2027;30/09/2027;354,200;MWH;78,2430;EUR;MERCUR;MATCHED
BO904835;D2605153;04/09/2025;PWR_FR;B;01/08/2026;31/10/2026;442,300;MWH;56,4720;EUR;UNIPER;MATCHED
BO900062;D2600065;06/03/2026;NG_PEG;B;01/03/2026;31/05/2026;1277,400;MWH;29,2590;EUR;RWE;MATCHED
BO900185;D2600196;28/11/2025;NG_PEG;B;01/03/2026;28/02/2027;139,600;MWH;35,1020;EUR;EDF_TR;MATCHED
BO907866;D2608371;08/07/2025;PWR_FR;B;01/02/2026;28/02/2026;213,800;MWH;70,5484;EUR;EDF_TR;MATCHED
BO907409;D2607882;23/01/2026;PWR_FR;S;01/04/2026;30/04/2026;266,000;MWH;92,9350;EUR;AXPO;MATCHED
BO902513;D2602673;02/10/2025;PWR_FR;B;01/01/2027;31/01/2027;158,700;MWH;77,6680;EUR;SHELL_;MATCHED
BO906626;D2607051;05/02/2026;NG_PEG;S;01/09/2027;30/11/2027;378,400;MWH;25,6300;EUR;TOTALE;MATCHED
BO908739;D2605578;25/06/2025;PWR_FR;B;01/08/2027;31/08/2027;543,900;MWH;61,7100;EUR;SHELL_;MATCHED
BO900468;D2600496;28/10/2025;PWR_FR;B;01/01/2026;31/01/2026;224,900;MWH;86,3010;EUR;TOTALE;MATCHED
BO907945;D2608458;20/02/2026;NG_PEG;B;01/07/2026;31/07/2026;231,800;MWH;22,2740;EUR;AXPO;MATCHED
BO901154;D2601229;05/03/2026;NG_PEG;B;01/09/2026;30/11/2026;306,600;MWH;25,5780;EUR;RWE;MATCHED
BO900261;D2600276;17/02/2026;PWR_FR;B;01/04/2027;30/06/2027;39,700;MWH;62,8360;EUR;VITOL;MATCHED
BO990063;D9500063;28/01/2026;PWR_FR;S;01/02/2027;28/02/2027;206,100;MWH;97,4320;EUR;ICE_EN;MATCHED
BO906051;D2606446;19/06/2026;NG_PEG;B;01/06/2027;31/08/2027;75,000;MWH;25,7400;EUR;UNIPER;MATCHED
BO904278;D2604547;15/06/2026;NG_PEG;S;01/08/2026;31/10/2026;922,200;MWH;26,5830;EUR;AXPO;MATCHED
BO903772;D2604010;30/07/2025;PWR_FR;B;01/09/2026;30/11/2026;179,200;MWH;57,0000;EUR;RWE;MATCHED
BO908834;D2608372;04/07/2025;PWR_FR;S;01/08/2026;31/08/2026;89,000;MWH;60,9490;EUR;EDF_TR;MATCHED
BO907211;D2607671;11/07/2025;NG_PEG;B;01/01/2027;31/01/2027;266,000;MWH;41,1520;EUR;UNIPER;MATCHED
BO902327;D2602472;23/06/2026;PWR_FR;S;01/10/2027;31/10/2027;1595,400;MWH;78,8040;EUR;STATKR;MATCHED
BO900929;D2600981;20/08/2025;PWR_FR;B;01/12/2026;31/12/2026;138,200;MWH;108,0630;EUR;UNIPER;MATCHED
BO905910;D2606298;04/07/2025;PWR_FR;B;01/09/2027;30/09/2027;285,900;MWH;51,8850;EUR;MERCUR;MATCHED
BO905563;D2605931;23/03/2026;PWR_FR;B;01/02/2027;28/02/2027;163,500;MWH;101,3340;EUR;EDF_TR;CXL
BO903770;D2604008;23/09/2025;PWR_FR;B;01/06/2027;30/06/2027;617,400;MWH;64,4570;EUR;ICE_EN;MATCHED
BO906884;D2607324;20/05/2026;PWR_FR;B;01/04/2026;30/04/2026;60,800;MWH;83,8640;EUR;SHELL_;MATCHED
BO901850;D2601968;06/08/2025;PWR_FR;B;01/06/2026;30/06/2026;426,300;MWH;64,0620;EUR;RWE;MATCHED
BO903854;D2604097;24/06/2026;NG_PEG;B;01/11/2027;30/11/2027;28,500;MWH;41,1690;EUR;EEX_CL;MATCHED
BO902660;D2602827;25/11/2025;PWR_FR;S;01/11/2027;31/10/2028;211,200;MWH;79,6070;EUR;MERCUR;MATCHED
BO904428;D2604709;22/07/2025;PWR_FR;S;01/03/2026;31/03/2026;293,700;MWH;87,7490;EUR;AXPO;MATCHED
BO904037;D2604292;30/12/2025;NG_PEG;B;01/05/2027;31/05/2027;352,600;MWH;31,9090;EUR;TOTALE;MATCHED
BO901166;D2601242;11/12/2025;NG_PEG;B;01/08/2027;31/10/2027;141,200;MWH;24,2630;EUR;RWE;MATCHED
BO908413;D2608953;15/06/2026;PWR_FR;B;01/03/2026;31/03/2026;228,600;MWH;93,0000;EUR;STATKR;MATCHED
BO907000;D2607447;18/06/2026;PWR_FR;S;01/12/2027;31/12/2027;140,900;MWH;97,4010;EUR;MERCUR;MATCHED
BO901926;D2602052;06/07/2026;PWR_FR;B;01/08/2027;31/10/2027;305,300;MWH;75,5300;EUR;GUNVOR;MATCHED
BO904184;D2604447;13/07/2026;NG_PEG;S;01/08/2027;31/10/2027;90,900;MWH;30,1590;EUR;GUNVOR;MATCHED
BO902737;D2602911;18/02/2026;NG_PEG;B;01/04/2026;30/04/2026;167,000;MWH;28,7250;EUR;MERCUR;CXL
BO900295;D2600314;08/09/2025;PWR_FR;B;01/05/2026;31/05/2026;324,600;MWH;84,7980;EUR;MERCUR;MATCHED
BO901043;D2601108;21/05/2026;NG_PEG;S;01/05/2027;31/05/2027;246,200;MWH;28,7050;EUR;GUNVOR;MATCHED
BO901213;D2601289;24/03/2026;PWR_FR;S;01/02/2027;28/02/2027;404,200;MWH;110,3830;EUR;STATKR;MATCHED
BO908305;D2608840;11/11/2025;NG_PEG;B;01/02/2027;30/04/2027;491,900;MWH;34,2830;EUR;VITOL;MATCHED
BO905896;D2606284;28/11/2025;PWR_FR;B;01/07/2027;30/09/2027;1247,000;MWH;58,1160;EUR;TOTALE;MATCHED
BO904035;D2604289;16/06/2026;NG_PEG;B;01/03/2026;31/03/2026;273,000;MWH;33,6450;EUR;UNIPER;MATCHED
BO904202;d2604466;03/10/2025;NG_PEG;S;01/09/2027;30/09/2027;319,800;MWH;28,4630;EUR;VITOL;MATCHED
BO901028;D2601091;09/09/2025;PWR_FR;S;01/03/2026;31/03/2026;328,900;MWH;78,5190;EUR;STATKR;MATCHED
BO902070;D2602203;19/02/2026;NG_PEG;B;01/07/2027;31/07/2027;42,400;MWH;25,4550;EUR;MERCUR;MATCHED
BO901192;D2601268;08/07/2026;NG_PEG;S;01/01/2026;31/01/2026;240,700;MWH;47,8290;EUR;STATKR;MATCHED
BO907723;D2608212;07/10/2025;PWR_FR;B;01/03/2027;31/03/2027;59,700;MWH;80,8930;EUR;ICE_EN;MATCHED
BO901586;D2601690;08/08/2025;NG_PEG;B;01/07/2026;31/07/2026;322,900;MWH;25,0220;EUR;RWE;MATCHED
BO905178;D2605516;16/10/2025;PWR_FR;B;01/04/2026;31/03/2027;111,100;MWH;69,6310;EUR;UNIPER;MATCHED
BO907047;D2607496;12/12/2025;NG_PEG;S;01/05/2027;31/05/2027;165,300;MWH;30,1060;EUR;EDF_TR;MATCHED
BO908854;D2605972;20/05/2026;NG_PEG;B;01/08/2027;31/08/2027;292,900;MWH;21,9850;EUR;SHELL_;MATCHED
BO903898;D2604142;29/01/2026;PWR_FR;S;01/05/2026;31/05/2026;138,000;MWH;72,6200;EUR;EEX_CL;MATCHED
BO904481;D2604766;30/10/2025;NG_PEG;S;01/01/2027;31/12/2027;213,000;MWH;40,3440;EUR;MERCUR;MATCHED
BO905568;D2605937;23/12/2025;PWR_FR;B;01/07/2027;31/07/2027;917,600;MWH;69,0780;EUR;EEX_CL;CXL
BO906745;D2607178;22/10/2025;NG_PEG;S;01/06/2027;30/06/2027;72,800;MWH;23,6961;EUR;MERCUR;MATCHED
BO907701;D2608190;08/08/2025;NG_PEG;B;01/08/2026;31/08/2026;176,900;MWH;22,7110;EUR;MERCUR;MATCHED
BO905975;D2606369;03/10/2025;NG_PEG;B;01/07/2026;31/07/2026;351,700;MWH;26,5740;EUR;GUNVOR;MATCHED
BO902490;D2602645;28/04/2026;PWR_FR;B;01/12/2026;28/02/2027;191,300;MWH;80,3350;EUR;TOTALE;MATCHED
BO903097;D2603303;10/07/2025;NG_PEG;B;01/01/2027;31/03/2027;61,100;MWH;42,6070;EUR;MERCUR;MATCHED
BO903465; D2603683;29/05/2026;NG_PEG;B;01/02/2026;28/02/2026;279,100;MWH;36,2410;EUR;EDF_TR;MATCHED
BO908459;D2608999;05/06/2026;NG_PEG;B;01/10/2027;31/10/2027;474,100;MWH;27,9710;EUR;SHELL_;MATCHED
BO903843;D2604085;09/04/2026;PWR_FR;B;01/01/2026;31/01/2026;141,900;MWH;75,6060;EUR;AXPO;MATCHED
BO903177;D2603387;29/01/2026;NG_PEG;B;01/03/2026;31/03/2026;259,400;MWH;31,4060;EUR;RWE;MATCHED
BO903907;D2604151;21/05/2026;NG_PEG;B;01/01/2026;31/01/2026;123800,000;KWH;38,4530;EUR;ICE_EN;MATCHED
BO907504;D2607978;14/10/2025;NG_PEG;S;01/12/2026;31/12/2026;873,300;MWH;36,3210;EUR;AXPO;MATCHED
BO902246;D2602385;30/12/2025;NG_PEG;S;01/03/2027;29/02/2028;223,300;MWH;36,5930;EUR;RWE;MATCHED
BO902622;D2602788;13/08/2025;NG_PEG;B;01/03/2027;31/03/2027;576,100;MWH;34,6940;EUR;SHELL_;MATCHED
BO906662;D2607091;26/05/2026;PWR_FR;B;01/09/2027;30/09/2027;181,500;MWH;73,8200;EUR;ICE_EN;MATCHED
BO900007;D2600007;23/07/2025;PWR_FR;S;01/04/2026;30/04/2026;84,500;MWH;87,4120;EUR;MERCUR;MATCHED
BO906794;D2607228;02/01/2026;PWR_FR;B;01/02/2027;28/02/2027;494,000;MWH;106,6230;EUR;SHELL_;MATCHED
BO904160;d2604422;03/03/2026;PWR_FR;B;01/02/2026;28/02/2026;284,000;MWH;80,8620;EUR;EEX_CL;MATCHED
BO990002;D9500002;20/04/2026;NG_PEG;S;01/09/2026;30/09/2026;274,800;MWH;25,9790;EUR;EDF_TR;MATCHED
BO908271;D2608803;03/12/2025;NG_PEG;B;01/05/2027;31/05/2027;1040,900;MWH;30,9260;EUR;EEX_CL;MATCHED
BO906089;D2606486;09/04/2026;NG_PEG;B;01/10/2026;31/12/2026;404,400;MWH;28,0640;EUR;ICE_EN;MATCHED
BO904920;D2605243;23/04/2026;PWR_FR;S;01/02/2027;31/01/2028;71,900;MWH;92,9830;EUR;EEX_CL;MATCHED
BO902396;D2602550;17/04/2026;NG_PEG;B;01/05/2027;31/05/2027;308,300;MWH;27,3540;EUR;GUNVOR;MATCHED
BO908746;D2600884;15/07/2026;PWR_FR;S;01/11/2026;30/11/2026;391,000;MWH;101,5220;EUR;VITOL;MATCHED
BO907952;D2608465;03/10/2025;PWR_FR;S;01/12/2027;31/12/2027;136,800;MWH;97,1530;EUR;EEX_CL;MATCHED
BO905010;D2605338;23/12/2025;NG_PEG;B;01/02/2026;28/02/2026;146,200;MWH;40,4710;EUR;SHELL_;MATCHED
BO907497;D2607970;21/08/2025;PWR_FR;B;01/07/2026;30/09/2026;1644,500;MWH;73,2630;EUR;RWE;MATCHED
BO903337;D2603555;21/11/2025;NG_PEG;B;01/02/2026;30/04/2026;48,700;MWH;37,1680;EUR;TOTALE;MATCHED
BO907393;D2607864;02/01/2026;PWR_FR;S;01/06/2026;30/06/2026;67,500;MWH;68,5500;EUR;UNIPER;MATCHED
BO990001;D9500001;03/06/2026;PWR_FR;B;01/08/2026;31/08/2026;150,100;MWH;63,8350;EUR;ICE_EN;MATCHED
BO902972;D2603168;11/12/2025;PWR_FR;B;01/04/2026;30/04/2026;33,000;MWH;85,1630;EUR;EDF_TR;MATCHED
BO908451;D2608991;21/11/2025;NG_PEG;B;01/02/2026;31/01/2027;292,400;MWH;36,6700;EUR;STATKR;MATCHED
BO904226;D2604492;11/03/2026;PWR_FR;B;01/07/2027;30/09/2027;254,600;MWH;58,0850;EUR;STATKR;MATCHED
BO903878;D2604122;16/01/2026;NG_PEG;B;01/03/2026;28/02/2027;488,000;MWH;30,7250;EUR;ICE_EN;MATCHED
BO908935;D2608899;07/10/2025;PWR_FR;S;01/10/2027;31/10/2027;192,200;MWH;74,0430;EUR;AXPO;MATCHED
BO902926;D2603121;05/06/2025;PWR_FR;S;01/05/2027;30/04/2028;55,900;MWH;75,3610;EUR;AXPO;MATCHED
BO906104;D2606503;03/06/2025;PWR_FR;S;01/07/2026;31/07/2026;181,100;MWH;55,0470;EUR;SHELL_;MATCHED
BO908095;D2608618;02/12/2025;NG_PEG;B;01/11/2027;31/01/2028;345,700;MWH;28,0570;EUR;AXPO;MATCHED
BO907375;D2607845;24/04/2026;PWR_FR;B;01/06/2026;30/06/2026;525,600;MWH;70,6950;EUR;EEX_CL;MATCHED
BO905707;D2606088;23/10/2025;NG_PEG;S;01/01/2027;31/01/2027;193,500;MWH;30,3480;EUR;ICE_EN;CXL
BO907625;D2608111;11/06/2025;PWR_FR;S;01/03/2026;31/03/2026;206,400;MWH;107,8950;EUR;UNIPER;MATCHED
BO902688;D2602859;21/07/2026;PWR_FR;B;01/08/2026;31/08/2026;594,200;MWH;72,9570;EUR;EDF_TR;MATCHED
BO901433;D2601525;23/01/2026;NG_PEG;B;01/05/2026;31/05/2026;49,500;MWH;21,4030;EUR;VITOL;MATCHED
BO906630;D2607055;03/02/2026;PWR_FR;B;01/01/2026;31/01/2026;152,000;MWH;93,8720;EUR;EEX_CL;MATCHED
BO901387;D2601475;16/09/2025;NG_PEG;S;01/02/2026;28/02/2026;732,000;MWH;35,3800;EUR;SHELL_;MATCHED
BO904326;D2604597;03/03/2026;NG_PEG;S;01/08/2027;31/07/2028;75,600;MWH;26,9700;EUR;UNIPER;MATCHED
BO902269;D2602410;02/03/2026;PWR_FR;B;01/12/2027;31/12/2027;2809,100;MWH;91,6940;EUR;EDF_TR;MATCHED
BO908963;D2606733;28/07/2025;NG_PEG;B;01/07/2027;31/07/2027;143,800;MWH;23,0140;EUR;MERCUR;MATCHED
BO908678;D2600486;25/05/2026;NG_PEG;S;01/05/2027;31/05/2027;95,000;MWH;24,2130;EUR;VITOL;MATCHED
BO908285;D2608819;29/05/2026;PWR_FR;S;01/10/2027;31/10/2027;337,100;MWH;80,9070;EUR;MERCUR;MATCHED
BO905180;D2605518;13/02/2026;PWR_FR;S;01/07/2027;31/07/2027;364,100;MWH;58,5030;EUR;UNIPER;MATCHED
BO902418;D2602572;14/10/2025;PWR_FR;S;01/02/2027;28/02/2027;169,300;MWH;116,2380;EUR;ICE_EN;MATCHED
BO905151;D2605486;30/10/2025;PWR_FR;B;01/08/2026;31/08/2026;953,600;MWH;58,9010;EUR;EEX_CL;MATCHED
BO904195; D2604459;25/06/2025;PWR_FR;B;01/05/2026;31/05/2026;1262,400;MWH;69,2090;EUR;RWE;MATCHED
BO904377;D2604654;04/07/2025;NG_PEG;B;01/01/2026;31/01/2026;127,900;MWH;37,6230;EUR;GUNVOR;MATCHED
BO901646;D2601752;13/04/2026;NG_PEG;B;01/10/2026;31/10/2026;71,100;MWH;31,5720;EUR;STATKR;MATCHED
BO990037;D9500037;28/04/2026;NG_PEG;B;01/05/2027;31/05/2027;269,400;MWH;29,6430;EUR;SHELL_;MATCHED
BO903544;D2603765;25/02/2026;PWR_FR;B;01/04/2027;30/04/2027;89,000;MWH;71,6070;EUR;MERCUR;MATCHED
BO902062;D2602194;30/01/2026;NG_PEG;S;01/02/2026;28/02/2026;54,900;MWH;43,2560;EUR;SHELL_;MATCHED
BO901781;D2601891;03/02/2026;NG_PEG;S;01/11/2027;31/10/2028;83,600;MWH;39,5170;EUR;UNIPER;MATCHED
BO907142;D2607599;05/01/2026;PWR_FR;B;01/05/2026;31/05/2026;276,100;MWH;67,5190;EUR;STATKR;MATCHED
BO904922;D2605245;25/02/2026;PWR_FR;B;01/09/2027;30/09/2027;263,000;MWH;66,9070;EUR;SHELL_;MATCHED
BO900731;D2600773;05/06/2026;PWR_FR;B;01/05/2027;31/05/2027;219,300;MWH;61,9230;EUR;GUNVOR;MATCHED
BO901234;D2601311;06/06/2025;NG_PEG;B;01/01/2026;31/01/2026;336,400;MWH;41,0200;EUR;STATKR;MATCHED
BO904360;D2604635;18/06/2026;NG_PEG;S;01/07/2027;31/07/2027;424,600;MWH;24,3160;EUR;VITOL;MATCHED
BO905679;D2606058;10/04/2026;NG_PEG;B;01/11/2027;30/11/2027;171,700;MWH;33,9790;EUR;UNIPER;MATCHED
BO902015;D2602145;17/03/2026;PWR_FR;B;01/08/2027;31/08/2027;464,300;MWH;63,8830;EUR;TOTALE;MATCHED
BO905977;D2606371;31/07/2025;PWR_FR;S;01/02/2026;28/02/2026;38,700;MWH;97,1960;EUR;ICE_EN;MATCHED
BO906128;D2606528;20/04/2026;NG_PEG;S;01/01/2026;31/01/2026;218,800;MWH;31,5770;EUR;TOTALE;MATCHED
BO907599;D2608083;04/06/2025;PWR_FR;S;01/08/2027;31/08/2027;153,200;MWH;67,9530;EUR;MERCUR;MATCHED
BO904829;D2605147;12/06/2026;PWR_FR;S;01/03/2027;31/05/2027;38,800;MWH;98,2940;EUR;GUNVOR;MATCHED
BO900682;D2600723;16/09/2025;NG_PEG;S;01/10/2026;31/10/2026;87,500;MWH;27,9730;EUR;MERCUR;MATCHED
BO902174;D2602310;11/09/2025;PWR_FR;B;01/05/2026;31/05/2026;132,800;MWH;69,7570;EUR;MERCUR;MATCHED
BO901953;D2602080;03/09/2025;NG_PEG;B;01/01/2027;31/01/2027;174,300;MWH;38,7530;EUR;STATKR;MATCHED
BO906067;D2606463;05/12/2025;NG_PEG;S;01/02/2026;28/02/2026;447,500;MWH;30,9220;EUR;AXPO;MATCHED
BO905851;D2606239;15/07/2025;NG_PEG;B;01/03/2026;31/03/2026;790,200;MWH;33,4600;EUR;GUNVOR;MATCHED
BO905269;D2605616;19/01/2026;PWR_FR;B;01/09/2026;30/11/2026;513,200;MWH;69,6300;EUR;SHELL_;MATCHED
BO903669;D2603899;15/09/2025;PWR_FR;S;01/10/2027;31/10/2027;181,600;MWH;74,6600;EUR;STATKR;MATCHED
BO901462;D2601554;31/03/2026;NG_PEG;S;01/03/2027;31/05/2027;158,500;MWH;33,4370;EUR;GUNVOR;MATCHED
BO908635;D2605163;21/11/2025;NG_PEG;B;01/04/2027;30/04/2027;171,700;MWH;28,3300;EUR;MERCUR;MATCHED
BO903717;D2603950;11/11/2025;PWR_FR;B;01/08/2026;31/08/2026;31,200;MWH;53,8700;EUR;EDF_TR;MATCHED
BO904430;D2604712;02/04/2026;NG_PEG;S;01/11/2026;30/11/2026;195,500;MWH;36,4590;EUR;TOTALE;MATCHED
BO907256;D2607719;29/04/2026;NG_PEG;S;01/07/2027;31/07/2027;659,700;MWH;25,9100;EUR;RWE;MATCHED
BO904174;D2604436;12/03/2026;NG_PEG;B;01/09/2026;30/09/2026;192,100;MWH;28,3700;EUR;UNIPER;MATCHED
BO903893;D2604137;19/09/2025;PWR_FR;S;01/10/2027;31/10/2027;17,500;MWH;71,3690;EUR;GUNVOR;MATCHED
BO900320;D2600340;21/10/2025;NG_PEG;B;01/04/2026;30/04/2026;496,600;MWH;29,8710;EUR;ICE_EN;MATCHED
BO908625;D2604983;06/05/2026;NG_PEG;S;01/01/2026;31/01/2026;650,900;MWH;30,3900;EUR;GUNVOR;MATCHED
BO908286;D2608820;23/06/2026;PWR_FR;S;01/06/2027;30/06/2027;583,900;MWH;59,2380;EUR;ICE_EN;MATCHED
BO900179;D2600190;02/01/2026;PWR_FR;B;01/07/2027;30/06/2028;255,000;MWH;55,5470;EUR;EEX_CL;MATCHED
BO906950;D2607393;13/01/2026;NG_PEG;B;01/01/2026;31/03/2026;130,500;MWH;45,0520;EUR;RWE;MATCHED
BO902122;D2602256;10/11/2025;NG_PEG;B;01/03/2027;31/03/2027;451,800;MWH;31,8110;EUR;EEX_CL;MATCHED
BO904857;D2605178;31/10/2025;PWR_FR;S;01/07/2027;30/06/2028;85,800;MWH;64,2490;EUR;UNIPER;MATCHED
BO905601;D2605973;04/09/2025;NG_PEG;B;01/01/2026;31/01/2026;54,300;MWH;45,8520;EUR;VITOL;MATCHED
BO902687;D2602858;11/06/2025;PWR_FR;B;01/05/2027;30/04/2028;286,800;MWH;83,3900;EUR;UNIPER;MATCHED
BO908951;D2608360;07/07/2025;NG_PEG;S;01/09/2026;30/09/2026;798,700;MWH;22,2420;EUR;SHELL_;MATCHED
BO901266;D2601344;30/10/2025;PWR_FR;B;01/12/2027;31/12/2027;309,200;MWH;91,9670;EUR;UNIPER;MATCHED
BO905031;D2605359;04/05/2026;PWR_FR;B;01/05/2027;31/05/2027;73,500;MWH;50,9380;EUR;EDF_TR;MATCHED
BO908711;D2601976;08/07/2025;NG_PEG;B;01/12/2026;31/12/2026;154,200;MWH;37,5700;EUR;ICE_EN;MATCHED
BO907900;D2608410;20/03/2026;NG_PEG;S;01/01/2027;31/01/2027;709,600;MWH;36,5430;EUR;STATKR;MATCHED
BO900469;D2600497;22/04/2026;PWR_FR;B;01/06/2026;31/08/2026;93,400;MWH;51,5420;EUR;SHELL_;MATCHED
BO903937;D2604184;21/08/2025;PWR_FR;S;01/10/2027;31/10/2027;77,400;MWH;73,3130;EUR;ICE_EN;MATCHED
BO902623;D2602789;13/03/2026;NG_PEG;S;01/11/2026;30/11/2026;79,800;MWH;37,8350;EUR;SHELL_;MATCHED
BO904552;D2604843;07/07/2026;NG_PEG;B;01/04/2026;30/04/2026;189,500;MWH;30,1830;EUR;STATKR;MATCHED
BO901459;D2601551;18/08/2025;PWR_FR;B;01/05/2026;31/07/2026;2204,200;MWH;64,0470;EUR;ICE_EN;MATCHED
BO904748;D2605059;17/02/2026;PWR_FR;S;01/02/2027;28/02/2027;382,300;MWH;104,6920;EUR;RWE;MATCHED
BO900173;D2600184;05/12/2025;NG_PEG;B;01/11/2027;31/01/2028;61,000;MWH;36,8920;EUR;UNIPER;MATCHED
BO902488;D2602643;03/12/2025;PWR_FR;S;01/06/2027;30/06/2027;1210,100;MWH;67,0390;EUR;STATKR;MATCHED
BO907324;D2607792;04/06/2025;NG_PEG;S;01/07/2027;30/09/2027;747,200;MWH;25,3270;EUR;AXPO;MATCHED
BO901690;D2601797;28/10/2025;NG_PEG;S;01/06/2027;30/06/2027;350,200;MWH;24,6840;EUR;TOTALE;MATCHED
BO900116;D2600124;13/02/2026;PWR_FR;B;01/03/2027;29/02/2028;118,100;MWH;94,7210;EUR;VITOL;MATCHED
BO907096;D2607550;27/01/2026;NG_PEG;B;01/09/2026;30/09/2026;541,300;MWH;28,5205;EUR;UNIPER;MATCHED
BO905204;D2605544;12/08/2025;NG_PEG;B;01/12/2026;31/12/2026;160,900;MWH;39,2510;EUR;AXPO;MATCHED
BO900503;D2600537;26/03/2026;PWR_FR;B;01/09/2027;31/08/2028;44,000;MWH;64,9070;EUR;SHELL_;MATCHED
BO990020;D9500020;12/06/2026;PWR_FR;S;01/03/2027;31/05/2027;38,800;MWH;98,2940;EUR;GUNVOR;MATCHED
BO908426;D2608966;18/02/2026;NG_PEG;B;01/08/2027;31/08/2027;180,200;MWH;23,9050;EUR;VITOL;MATCHED
BO902982;D2603180;04/08/2025;NG_PEG;B;01/03/2026;31/05/2026;420,000;MWH;40,1040;EUR;GUNVOR;MATCHED
BO903457;D2603675;23/07/2026;PWR_FR;S;01/03/2027;31/03/2027;1030,900;MWH;94,6910;EUR;UNIPER;MATCHED
BO906189;D2606593;19/08/2025;NG_PEG;B;01/03/2026;28/02/2027;118,500;MWH;35,4300;EUR;STATKR;MATCHED
BO907480;D2607953;15/08/2025;PWR_FR;S;01/07/2027;31/07/2027;202,500;MWH;66,6890;EUR;ICE_EN;MATCHED
BO908345;D2608881;02/09/2025;PWR_FR;B;01/01/2027;31/03/2027;101,700;MWH;93,9360;EUR;GUNVOR;MATCHED
BO907206;D2607666;07/04/2026;PWR_FR;B;01/09/2026;30/09/2026;945,500;MWH;68,6030;EUR;ICE_EN;MATCHED
BO908418;D2608958;15/10/2025;PWR_FR;B;01/03/2026;28/02/2027;99,600;MWH;81,3650;EUR;STATKR;MATCHED
BO905692;D2606073;27/02/2026;PWR_FR;B;01/07/2026;31/07/2026;146,800;MWH;68,1910;EUR;RWE;MATCHED
BO901845;D2601962;26/05/2026;PWR_FR;B;01/09/2026;30/09/2026;279200,000;KWH;84,0390;EUR;VITOL;MATCHED
BO908833;D2600863;04/03/2026;PWR_FR;B;01/09/2026;30/09/2026;249,500;MWH;75,5940;EUR;VITOL;MATCHED
BO905584;D2605954;05/09/2025;PWR_FR;B;01/09/2027;30/11/2027;353,700;MWH;70,4990;EUR;RWE;MATCHED
BO908713;D2607564;22/07/2025;NG_PEG;S;01/03/2026;31/03/2026;176,600;MWH;28,7400;EUR;RWE;MATCHED
BO906326;D2606740;02/10/2025;PWR_FR;B;01/05/2027;31/07/2027;103,700;MWH;59,7960;EUR;EDF_TR;MATCHED
BO906057;D2606453;18/03/2026;PWR_FR;B;01/10/2027;31/10/2027;399,900;MWH;82,2180;EUR;ICE_EN;MATCHED
BO904723;D2605032;18/11/2025;PWR_FR;B;01/12/2027;31/12/2027;98,900;MWH;95,1000;EUR;TOTALE;MATCHED
BO902525;D2602686;30/07/2025;NG_PEG;B;01/04/2027;30/06/2027;1001,500;MWH;30,7880;EUR;MERCUR;MATCHED
BO907821;D2608318;03/06/2025;NG_PEG;B;01/11/2027;30/11/2027;120,800;MWH;39,7110;EUR;TOTALE;MATCHED
BO900460;D2600488;28/04/2026;PWR_FR;S;01/10/2026;31/10/2026;78,100;MWH;92,0880;EUR;UNIPER;MATCHED
BO907966;D2608479;21/08/2025;PWR_FR;B;01/08/2027;31/10/2027;346,100;MWH;54,2730;EUR;VITOL;MATCHED
BO901711;D2601819;19/06/2025;NG_PEG;B;01/01/2027;31/01/2027;704,300;MWH;24,9460;EUR;GUNVOR;MATCHED
BO904588;D2604881;23/10/2025;PWR_FR;S;01/09/2027;31/08/2028;99,300;MWH;71,8680;EUR;VITOL;MATCHED
BO901615;D2601720;25/03/2026;NG_PEG;S;01/12/2026;30/11/2027;348,200;MWH;37,0150;EUR;EDF_TR;MATCHED
BO902330;D2602475;20/11/2025;PWR_FR;B;01/08/2027;31/08/2027;232,800;MWH;70,8760;EUR;SHELL_;MATCHED
BO901288;D2601367;23/12/2025;NG_PEG;B;01/03/2027;31/03/2027;289,900;MWH;41,5680;EUR;TOTALE;MATCHED
BO901073;D2601141;22/06/2026;PWR_FR;B;01/10/2026;31/10/2026;99,100;MWH;74,5630;EUR;VITOL;MATCHED
BO902169;D2602305;14/04/2026;NG_PEG;S;01/04/2026;30/06/2026;390,900;MWH;25,2120;EUR;AXPO;MATCHED
BO900893;D2600944;03/06/2025;PWR_FR;B;01/07/2026;31/07/2026;206,400;MWH;75,1890;EUR;SHELL_;MATCHED
BO908853;D2607336;22/05/2026;NG_PEG;S;01/07/2026;31/07/2026;231,200;MWH;23,1760;EUR;UNIPER;MATCHED
BO906782;D2607215;01/07/2026;PWR_FR;B;01/07/2027;31/07/2027;503,200;MWH;68,3420;EUR;MERCUR;MATCHED
BO902129;D2602263;15/07/2026;PWR_FR;B;01/09/2027;30/11/2027;211,900;MWH;80,9290;EUR;AXPO;MATCHED
BO900835;D2600882;06/01/2026;NG_PEG;B;01/01/2026;31/01/2026;214,400;MWH;45,0800;EUR;RWE;MATCHED
BO905408;D2605767;18/02/2026;PWR_FR;S;01/11/2026;30/11/2026;790,200;MWH;101,9010;EUR;MERCUR;MATCHED
BO901114;D2601186;14/05/2026;NG_PEG;B;01/07/2027;31/07/2027;541,100;MWH;23,1850;EUR;TOTALE;MATCHED
BO903478;D2603697;02/06/2025;PWR_FR;B;01/10/2027;31/12/2027;307,900;MWH;67,6330;EUR;RWE;MATCHED
BO904859;D2605181;20/02/2026;PWR_FR;B;01/09/2026;30/11/2026;95,100;MWH;60,4510;EUR;RWE;MATCHED
BO900671;D2600712;28/04/2026;PWR_FR;B;01/02/2026;31/01/2027;94,000;MWH;74,2050;EUR;MERCUR;MATCHED
BO901644;D2601750;15/09/2025;NG_PEG;B;01/10/2027;31/10/2027;121,100;MWH;37,1470;EUR;VITOL;MATCHED
BO901478;D2601572;24/07/2025;NG_PEG;B;01/04/2026;30/06/2026;105,100;MWH;33,9220;EUR;UNIPER;MATCHED
BO904996;D2605324;12/02/2026;PWR_FR;S;01/05/2026;30/04/2027;123,000;MWH;67,7390;EUR;EEX_CL;MATCHED
BO903595;D2603821;20/05/2026;PWR_FR;B;01/08/2026;31/10/2026;182,300;MWH;67,5270;EUR;EEX_CL;MATCHED
BO902850;D2603038;10/02/2026;PWR_FR;B;01/04/2027;30/04/2027;404,900;MWH;89,2270;EUR;STATKR;MATCHED
BO906920;D2607363;16/07/2026;PWR_FR;B;01/10/2027;31/12/2027;452,500;MWH;74,5000;EUR;RWE;MATCHED
BO903596;D2603822;03/10/2025;PWR_FR;S;01/11/2027;31/10/2028;1527,200;MWH;79,9840;EUR;UNIPER;MATCHED
BO906231;D2606640;04/02/2026;PWR_FR;S;01/10/2027;31/10/2027;514,700;MWH;91,4910;EUR;ICE_EN;MATCHED
BO903569;D2603793;28/05/2026;PWR_FR;B;01/03/2026;31/03/2026;186,000;MWH;82,3560;EUR;RWE;MATCHED
BO905614;D2605989;30/06/2025;PWR_FR;B;01/01/2027;31/01/2027;212,100;MWH;98,8320;EUR;STATKR;MATCHED
BO900985;D2601041;12/08/2025;NG_PEG;B;01/03/2026;31/03/2026;241,900;MWH;37,7620;EUR;UNIPER;MATCHED
BO903694;D2603926;27/03/2026;PWR_FR;S;01/01/2026;31/01/2026;186,000;MWH;93,4130;EUR;EDF_TR;MATCHED
BO901345;D2601428;02/07/2026;PWR_FR;B;01/09/2027;31/08/2028;1585,600;MWH;59,6561;EUR;EDF_TR;MATCHED
BO907706;D2608195;23/06/2026;PWR_FR;B;01/04/2027;30/06/2027;48,500;MWH;63,7700;EUR;UNIPER;MATCHED
BO900957;D2601011;26/09/2025;NG_PEG;S;01/08/2026;31/08/2026;88,000;MWH;26,8810;EUR;GUNVOR;MATCHED
BO906619;D2607044;19/05/2026;PWR_FR;B;01/05/2027;31/05/2027;466,300;MWH;74,1930;EUR;SHELL_;MATCHED
BO907053;D2607502;14/08/2025;NG_PEG;S;01/05/2026;31/05/2026;305,300;MWH;28,2100;EUR;TOTALE;MATCHED
BO907443;D2607916;03/06/2025;PWR_FR;S;01/12/2026;31/12/2026;103,500;MWH;102,6180;EUR;TOTALE;MATCHED
BO908577;D2604507;14/11/2025;PWR_FR;S;01/12/2027;31/12/2027;88,900;MWH;107,3840;EUR;TOTALE;MATCHED
BO900564;D2600601;26/05/2026;NG_PEG;S;01/06/2026;30/06/2026;774,800;MWH;25,5180;EUR;EEX_CL;MATCHED
BO903876;D2604120;03/12/2025;PWR_FR;B;01/04/2026;30/06/2026;258,700;MWH;90,3300;EUR;TOTALE;MATCHED
BO904676;D2604979;11/05/2026;PWR_FR;S;01/05/2027;31/05/2027;47,100;MWH;72,8690;EUR;GUNVOR;MATCHED
BO906541;D2606963;11/02/2026;PWR_FR;S;01/03/2026;31/03/2026;172,700;MWH;87,4370;EUR;AXPO;MATCHED
BO907392;D2607863;22/05/2026;PWR_FR;S;01/11/2026;30/11/2026;70,100;MWH;101,3450;EUR;GUNVOR;MATCHED
BO903817;D2604058;01/10/2025;PWR_FR;B;01/03/2026;31/03/2026;973,800;MWH;83,3600;EUR;GUNVOR;MATCHED
BO902317;D2602461;12/01/2026;PWR_FR;S;01/08/2027;31/07/2028;120,900;MWH;75,6010;EUR;EDF_TR;MATCHED
BO905097;D2605429;14/04/2026;PWR_FR;S;01/02/2027;28/02/2027;209,400;MWH;80,4770;EUR;GUNVOR;MATCHED
BO907168;D2607626;09/12/2025;PWR_FR;B;01/12/2026;30/11/2027;294,100;MWH;100,4950;EUR;TOTALE;MATCHED
BO908769;D2604212;20/11/2025;PWR_FR;S;01/12/2027;31/12/2027;231,100;MWH;79,2230;EUR;VITOL;MATCHED
BO905107;D2605439;07/08/2025;NG_PEG;B;01/07/2026;31/07/2026;1318,600;MWH;19,6360;EUR;AXPO;MATCHED
BO907788;D2608283;09/07/2026;PWR_FR;S;01/06/2026;30/06/2026;58,600;MWH;61,7740;EUR;VITOL;CXL
BO904728;D2605037;11/07/2025;NG_PEG;B;01/04/2027;30/04/2027;373,000;MWH;28,6550;EUR;RWE;MATCHED
BO901415;D2601506;23/01/2026;PWR_FR;S;01/07/2026;30/06/2027;290,900;MWH;54,9770;EUR;TOTALE;MATCHED
BO900913; D2600964;25/06/2025;PWR_FR;S;01/06/2026;30/06/2026;239,600;MWH;58,0720;EUR;VITOL;MATCHED
BO905953;D2606346;11/12/2025;PWR_FR;S;01/07/2027;31/07/2027;245,900;MWH;52,2510;EUR;UNIPER;MATCHED
BO904023;D2604276;13/07/2026;PWR_FR;S;01/01/2027;31/01/2027;241,700;MWH;122,3580;EUR;MERCUR;MATCHED
BO901233;D2601310;30/09/2025;PWR_FR;S;01/01/2027;31/12/2027;1259,100;MWH;107,1550;EUR;SHELL_;MATCHED
BO906343;D2606758;05/09/2025;PWR_FR;S;01/03/2026;31/03/2026;225,600;MWH;91,6190;EUR;MERCUR;MATCHED
BO905862;D2606250;01/08/2025;PWR_FR;B;01/10/2027;31/10/2027;162,500;MWH;68,0570;EUR;EEX_CL;MATCHED
BO900440;D2600466;14/05/2026;NG_PEG;S;01/02/2026;28/02/2026;96,800;MWH;37,4560;EUR;VITOL;MATCHED
BO907891;D2608400;01/06/2026;NG_PEG;B;01/11/2027;30/11/2027;276,600;MWH;38,3000;EUR;RWE;MATCHED
BO904562;D2604853;03/11/2025;NG_PEG;B;01/04/2026;31/03/2027;279,100;MWH;29,9960;EUR;RWE;MATCHED
BO903851;D2604094;21/11/2025;NG_PEG;S;01/04/2026;30/04/2026;308,400;MWH;31,9320;EUR;VITOL;MATCHED
BO902685;D2602856;17/02/2026;PWR_FR;S;01/07/2027;31/07/2027;2699,500;MWH;56,8910;EUR;AXPO;MATCHED
BO900193;D2600206;13/06/2025;PWR_FR;B;01/03/2027;31/03/2027;81,700;MWH;93,9140;EUR;TOTALE;MATCHED
BO906076;D2606473;19/03/2026;NG_PEG;B;01/03/2027;31/05/2027;673,600;MWH;39,2440;EUR;MERCUR;MATCHED
BO907902;D2608412;27/05/2026;PWR_FR;B;01/09/2026;30/09/2026;296,000;MWH;68,4170;EUR;EDF_TR;MATCHED
BO906045;D2606440;07/11/2025;PWR_FR;S;01/08/2026;31/08/2026;152,900;MWH;73,8210;EUR;STATKR;MATCHED
BO905210;D2605551;10/06/2026;PWR_FR;B;01/12/2027;31/12/2027;302,900;MWH;96,4120;EUR;RWE;MATCHED
BO906384;D2606801;30/09/2025;NG_PEG;B;01/01/2027;31/01/2027;45,700;MWH;36,8280;EUR;RWE;MATCHED
BO906510;D2606930;01/05/2026;NG_PEG;S;01/07/2026;31/07/2026;347,500;MWH;24,4320;EUR;GUNVOR;MATCHED
BO902951;D2603146;05/09/2025;NG_PEG;S;01/10/2026;31/12/2026;399,200;MWH;31,2810;EUR;SHELL_;MATCHED
BO904172;D2604434;15/04/2026;NG_PEG;S;01/10/2026;31/10/2026;617,800;MWH;29,7810;EUR;EEX_CL;MATCHED
BO905143;D2605478;17/03/2026;PWR_FR;B;01/07/2026;30/09/2026;227300,000;KWH;65,9790;EUR;TOTALE;MATCHED
BO902249;D2602388;13/10/2025;PWR_FR;B;01/08/2027;31/10/2027;89,300;MWH;72,4350;EUR;TOTALE;MATCHED
BO905064;D2605393;17/03/2026;NG_PEG;B;01/03/2026;31/03/2026;522,800;MWH;43,0830;EUR;EEX_CL;MATCHED
BO903248;D2603464;15/05/2026;PWR_FR;S;01/05/2027;31/05/2027;442,000;MWH;65,4560;EUR;GUNVOR;MATCHED
BO903993;D2604244;25/09/2025;NG_PEG;S;01/06/2026;30/06/2026;328,000;MWH;27,6240;EUR;MERCUR;MATCHED
BO907138;D2607595;15/05/2026;NG_PEG;B;01/08/2027;31/10/2027;48,500;MWH;22,6720;EUR;MERCUR;MATCHED
BO908354;D2608891;04/11/2025;NG_PEG;B;01/05/2027;31/05/2027;1235,200;MWH;24,0370;EUR;VITOL;MATCHED
BO906534;D2606956;13/07/2026;PWR_FR;S;01/01/2026;31/01/2026;104,900;MWH;112,7960;EUR;EEX_CL;MATCHED
BO908884;D2605623;10/10/2025;NG_PEG;S;01/07/2027;31/07/2027;122,600;MWH;26,7380;EUR;UNIPER;MATCHED
BO905219;D2605561;23/02/2026;PWR_FR;S;01/11/2026;30/11/2026;84,400;MWH;72,7070;EUR;AXPO;MATCHED
BO905321;D2605674;21/01/2026;PWR_FR;B;01/11/2026;31/10/2027;194,300;MWH;90,9850;EUR;EEX_CL;MATCHED
BO903370;D2603588;03/06/2025;PWR_FR;S;01/07/2027;31/07/2027;253,600;MWH;56,6550;EUR;AXPO;MATCHED
BO906941;D2607384;30/06/2026;PWR_FR;B;01/01/2027;31/03/2027;70,500;MWH;92,5600;EUR;VITOL;MATCHED
BO903900;D2604144;13/11/2025;PWR_FR;S;01/06/2027;30/06/2027;80,900;MWH;69,2200;EUR;UNIPER;MATCHED
BO903122;D2603329;07/05/2026;NG_PEG;B;01/03/2027;31/03/2027;153,000;MWH;34,7330;EUR;MERCUR;MATCHED
BO900818;D2600865;29/06/2026;PWR_FR;B;01/11/2027;31/01/2028;466,100;MWH;91,5470;EUR;SHELL_;MATCHED
BO908357;D2608894;21/07/2025;NG_PEG;S;01/06/2027;30/06/2027;613,100;MWH;26,2300;EUR;STATKR;MATCHED
BO907057;D2607506;05/02/2026;PWR_FR;B;01/08/2027;31/08/2027;83,300;MWH;55,9480;EUR;GUNVOR;MATCHED
BO900479;D2600510;19/02/2026;NG_PEG;B;01/09/2026;30/09/2026;114,400;MWH;30,9260;EUR;ICE_EN;MATCHED
BO902150;D2602286;07/10/2025;PWR_FR;S;01/01/2027;31/01/2027;469,800;MWH;103,0060;EUR;STATKR;MATCHED
BO904570;D2604862;25/09/2025;PWR_FR;B;01/08/2027;31/08/2027;586,300;MWH;66,3260;EUR;EDF_TR;MATCHED
BO904575;D2604868;15/04/2026;NG_PEG;S;01/02/2027;28/02/2027;268,400;MWH;37,9580;EUR;ICE_EN;MATCHED
BO905381;D2605739;09/03/2026;PWR_FR;S;01/09/2026;30/09/2026;346,900;MWH;71,0460;EUR;TOTALE;CXL
BO900260;D2600275;11/12/2025;NG_PEG;S;01/03/2026;31/03/2026;53,300;MWH;34,5980;EUR;AXPO;MATCHED
BO905153;D2605488;09/07/2026;PWR_FR;B;01/05/2027;31/05/2027;121,600;MWH;55,2530;EUR;EDF_TR;MATCHED
BO900750;D2600792;09/03/2026;PWR_FR;S;01/01/2026;31/01/2026;226,700;MWH;94,9340;EUR;AXPO;MATCHED
BO903433;D2603651;02/07/2025;NG_PEG;B;01/09/2026;30/09/2026;401,000;MWH;25,0520;EUR;VITOL;MATCHED
BO901306;D2601386;24/09/2025;NG_PEG;B;01/08/2026;31/08/2026;843,900;MWH;26,9920;EUR;VITOL;MATCHED
BO900905;D2600956;12/09/2025;PWR_FR;B;01/06/2026;30/06/2026;252,900;MWH;63,7590;EUR;RWE;MATCHED
BO906375;D2606790;30/12/2025;PWR_FR;B;01/01/2026;31/12/2026;110,100;MWH;103,1180;EUR;UNIPER;MATCHED
BO901756;D2601865;26/05/2026;PWR_FR;S;01/12/2026;28/02/2027;488,000;MWH;93,5440;EUR;AXPO;MATCHED
BO904124;D2604384;16/09/2025;NG_PEG;S;01/02/2026;30/04/2026;1097,000;MWH;32,6170;EUR;EDF_TR;MATCHED
BO904584;D2604877;11/03/2026;PWR_FR;B;01/09/2027;30/09/2027;120,000;MWH;60,1880;EUR;STATKR;MATCHED
BO906740;D2607173;17/03/2026;PWR_FR;B;01/04/2026;30/04/2026;82,900;MWH;76,1750;EUR;STATKR;MATCHED
BO905176;D2605514;03/02/2026;PWR_FR;S;01/07/2027;30/09/2027;127,500;MWH;68,4890;EUR;STATKR;MATCHED
BO904085;D2604343;07/10/2025;NG_PEG;B;01/02/2027;28/02/2027;253,500;MWH;40,7320;EUR;EDF_TR;MATCHED
BO906710;D2607142;17/11/2025;PWR_FR;B;01/01/2027;31/01/2027;523,700;MWH;91,1290;EUR;RWE;MATCHED
BO905796;D2606181;27/10/2025;PWR_FR;B;01/02/2026;28/02/2026;361,300;MWH;105,6670;EUR;STATKR;MATCHED
BO908421;D2608961;13/07/2026;PWR_FR;B;01/07/2027;30/06/2028;77,400;MWH;56,4460;EUR;ICE_EN;MATCHED
BO900023;D2600026;08/12/2025;PWR_FR;B;01/09/2026;30/09/2026;158,100;MWH;54,8860;EUR;GUNVOR;MATCHED
BO990077;D9500077;20/06/2025;NG_PEG;B;01/09/2026;30/09/2026;469,600;MWH;27,0020;EUR;EDF_TR;MATCHED
BO905712;D2606093;14/11/2025;PWR_FR;B;01/08/2027;31/08/2027;784,900;MWH;65,1540;EUR;AXPO;MATCHED
BO906387;D2606804;04/09/2025;PWR_FR;B;01/04/2026;30/04/2026;84,300;MWH;87,5030;EUR;EDF_TR;MATCHED
BO904945;D2605271;07/04/2026;PWR_FR;B;01/02/2026;28/02/2026;356,400;MWH;101,2900;EUR;GUNVOR;MATCHED
BO906039;D2606434;19/03/2026;NG_PEG;S;01/11/2026;30/11/2026;40,500;MWH;35,0990;EUR;SHELL_;MATCHED
BO906272;D2606683;16/07/2025;NG_PEG;B;01/11/2026;30/11/2026;306,900;MWH;41,6520;EUR;AXPO;MATCHED
BO903483;D2603703;03/04/2026;PWR_FR;S;01/10/2027;31/10/2027;125,900;MWH;75,6230;EUR;ICE_EN;MATCHED
BO902385;D2602537;31/10/2025;PWR_FR;B;01/08/2026;31/10/2026;73,900;MWH;69,3270;EUR;AXPO;MATCHED
BO901104;D2601175;26/02/2026;NG_PEG;S;01/08/2026;31/08/2026;66,600;MWH;26,1390;EUR;MERCUR;MATCHED
BO907793;D2608289;30/06/2025;PWR_FR;S;01/01/2027;31/03/2027;810,000;MWH;97,7830;EUR;EEX_CL;MATCHED
BO906464;D2606884;06/06/2025;PWR_FR;B;01/10/2027;31/10/2027;436,900;MWH;78,0630;EUR;AXPO;MATCHED
BO900706;D2600748;07/04/2026;PWR_FR;S;01/05/2026;31/05/2026;28,700;MWH;70,8900;EUR;STATKR;MATCHED
BO908387;D2608926;16/06/2026;PWR_FR;B;01/06/2027;30/06/2027;406,200;MWH;70,4850;EUR;VITOL;MATCHED
BO908828;D2606168;02/10/2025;PWR_FR;B;01/10/2026;31/10/2026;121,600;MWH;96,0030;EUR;EDF_TR;MATCHED
BO904742;D2605053;29/06/2026;PWR_FR;B;01/11/2027;30/11/2027;120,400;MWH;68,3490;EUR;ICE_EN;MATCHED
BO904869;D2605191;22/08/2025;NG_PEG;S;01/01/2026;31/01/2026;900,000;MWH;38,6510;EUR;VITOL;MATCHED
BO900975;D2601030;09/07/2026;PWR_FR;B;01/06/2027;30/06/2027;109,100;MWH;63,0240;EUR;RWE;MATCHED
BO908601;D2608664;18/05/2026;PWR_FR;B;01/01/2027;31/01/2027;585,800;MWH;96,7870;EUR;RWE;MATCHED
BO904397;D2604676;26/02/2026;NG_PEG;B;01/09/2026;30/09/2026;49,000;MWH;29,8090;EUR;AXPO;MATCHED
BO902644;D2602810;17/12/2025;NG_PEG;S;01/10/2026;31/12/2026;560,300;MWH;36,6570;EUR;AXPO;MATCHED
BO900744;D2600786;07/11/2025;NG_PEG;B;01/12/2026;28/02/2027;62,200;MWH;38,1310;EUR;UNIPER;MATCHED
BO906285;D2606696;28/04/2026;PWR_FR;B;01/02/2026;28/02/2026;99,000;MWH;99,7910;EUR;RWE;MATCHED
BO903037;D2603240;01/07/2025;PWR_FR;S;01/07/2026;31/07/2026;237,600;MWH;65,6090;EUR;SHELL_;MATCHED
BO907812;D2608308;17/07/2026;PWR_FR;S;01/06/2027;30/06/2027;198,900;MWH;67,8940;EUR;VITOL;MATCHED
BO902987;D2603185;20/02/2026;PWR_FR;S;01/08/2027;31/08/2027;907,400;MWH;70,1750;EUR;EEX_CL;MATCHED
BO902384;D2602536;20/07/2026;PWR_FR;B;01/08/2026;31/10/2026;281,400;MWH;66,0510;EUR;RWE;MATCHED
BO906465;D2606885;07/07/2025;PWR_FR;S;01/09/2026;30/09/2026;515,200;MWH;71,8200;EUR;SHELL_;MATCHED
BO906993;D2607439;08/04/2026;NG_PEG;S;01/06/2026;30/06/2026;114,700;MWH;26,2990;EUR;STATKR;MATCHED
BO908605;D2608284;23/06/2026;PWR_FR;S;01/07/2027;31/07/2027;201,800;MWH;53,9610;EUR;STATKR;MATCHED
BO907204;D2607663;23/06/2025;PWR_FR;S;01/07/2026;31/07/2026;266,100;MWH;57,9210;EUR;EDF_TR;MATCHED
BO900894;D2600945;28/08/2025;PWR_FR;S;01/06/2027;30/06/2027;385,300;MWH;70,2620;EUR;STATKR;MATCHED
BO905476;D2605841;03/02/2026;PWR_FR;S;01/08/2026;31/08/2026;218400,000;KWH;60,4970;EUR;MERCUR;MATCHED
BO903675;D2603905;01/12/2025;NG_PEG;B;01/07/2026;31/07/2026;226,600;MWH;27,4990;EUR;ICE_EN;MATCHED
BO903545;D2603766;04/06/2026;PWR_FR;S;01/11/2026;30/11/2026;88,100;MWH;82,9120;EUR;EEX_CL;MATCHED
BO904459;D2604743;08/07/2026;NG_PEG;S;01/02/2026;28/02/2026;1001,500;MWH;37,4830;EUR;VITOL;MATCHED
BO900691;D2600733;24/03/2026;NG_PEG;S;01/08/2026;31/08/2026;264,200;MWH;24,1730;EUR;SHELL_;CXL
BO900347;D2600367;27/06/2025;NG_PEG;S;01/11/2027;30/11/2027;374,900;MWH;34,5130;EUR;MERCUR;MATCHED
BO905432;D2605791;19/08/2025;PWR_FR;B;01/01/2026;31/01/2026;37,500;MWH;96,3300;EUR;SHELL_;MATCHED
BO904710;D2605019;10/10/2025;PWR_FR;B;01/10/2027;31/12/2027;395,700;MWH;61,8440;EUR;ICE_EN;MATCHED
BO905428;D2605787;03/09/2025;NG_PEG;B;01/05/2027;31/05/2027;694,800;MWH;27,6380;EUR;EEX_CL;MATCHED
BO906322;D2606736;16/06/2025;PWR_FR;B;01/09/2026;30/11/2026;237,100;MWH;69,8890;EUR;EDF_TR;MATCHED
BO906435;D2606854;04/03/2026;PWR_FR;B;01/04/2027;30/06/2027;272,100;MWH;81,1980;EUR;EEX_CL;MATCHED
BO904372;D2604649;20/11/2025;NG_PEG;B;01/09/2026;31/08/2027;33,500;MWH;27,9690;EUR;AXPO;MATCHED
BO904147;D2604409;02/03/2026;NG_PEG;B;01/11/2027;30/11/2027;255,300;MWH;31,7940;EUR;RWE;MATCHED
BO903731;D2603965;01/07/2025;NG_PEG;B;01/05/2026;31/07/2026;163,700;MWH;24,2859;EUR;AXPO;MATCHED
BO901857;D2601975;07/01/2026;PWR_FR;S;01/01/2026;31/01/2026;145,500;MWH;112,7760;EUR;VITOL;CXL
BO900588;D2600627;15/01/2026;NG_PEG;B;01/11/2026;31/01/2027;78,200;MWH;35,9990;EUR;RWE;MATCHED
BO902553;D2602714;07/10/2025;PWR_FR;B;01/05/2026;31/05/2026;49,000;MWH;76,2460;EUR;EEX_CL;CXL
BO902542;D2602703;16/02/2026;NG_PEG;B;01/11/2026;30/11/2026;374,300;MWH;33,5820;EUR;TOTALE;MATCHED
BO908791;D2601440;11/06/2025;PWR_FR;S;01/12/2026;28/02/2027;234,200;MWH;89,9240;EUR;AXPO;MATCHED
BO901283;D2601361;23/04/2026;NG_PEG;B;01/12/2027;31/12/2027;119,000;MWH;42,6060;EUR;GUNVOR;MATCHED
BO905759;D2606140;11/12/2025;NG_PEG;S;01/05/2027;31/07/2027;119,400;MWH;32,3890;EUR;VITOL;MATCHED
BO908542;D2602120;26/05/2026;PWR_FR;S;01/04/2026;30/04/2026;171,100;MWH;76,9730;EUR;RWE;MATCHED
BO902003;D2602133;13/03/2026;NG_PEG;B;01/02/2026;31/01/2027;415,200;MWH;34,2050;EUR;GUNVOR;MATCHED
BO904729;D2605038;04/03/2026;NG_PEG;S;01/02/2026;28/02/2026;978,600;MWH;40,0360;EUR;EEX_CL;MATCHED
BO901133;D2601208;27/02/2026;NG_PEG;B;01/01/2027;31/01/2027;109,000;MWH;40,9550;EUR;STATKR;MATCHED
BO901419;D2601510;08/09/2025;NG_PEG;B;01/08/2026;31/10/2026;175,700;MWH;25,7870;EUR;EDF_TR;MATCHED
BO903375;D2603593;12/11/2025;PWR_FR;B;01/01/2027;31/01/2027;744,800;MWH;111,5000;EUR;VITOL;MATCHED
BO908722;D2602975;26/03/2026;PWR_FR;B;01/04/2027;30/04/2027;215,800;MWH;78,5600;EUR;ICE_EN;MATCHED
BO900009;D2600009;05/03/2026;PWR_FR;S;01/07/2026;31/07/2026;489,000;MWH;56,1390;EUR;UNIPER;MATCHED
BO905141;D2605476;12/02/2026;PWR_FR;S;01/02/2026;28/02/2026;147,100;MWH;108,7320;EUR;SHELL_;MATCHED
BO908037;D2608556;04/07/2025;NG_PEG;B;01/04/2027;30/04/2027;281,200;MWH;36,4680;EUR;SHELL_;MATCHED
BO902540;D2602701;06/01/2026;PWR_FR;S;01/10/2027;31/12/2027;320,800;MWH;72,7740;EUR;EEX_CL;MATCHED
BO905609;D2605982;11/09/2025;NG_PEG;S;01/09/2026;31/08/2027;148,500;MWH;34,7800;EUR;RWE;MATCHED
BO904108;D2604367;28/08/2025;PWR_FR;S;01/03/2026;31/03/2026;121,200;MWH;81,3010;EUR;VITOL;MATCHED
BO904232;D2604498;21/01/2026;NG_PEG;S;01/07/2027;31/07/2027;254,900;MWH;24,0140;EUR;GUNVOR;MATCHED
BO902375;D2602527;03/06/2026;PWR_FR;B;01/08/2026;31/08/2026;46,900;MWH;66,3340;EUR;SHELL_;MATCHED
BO906970;D2607415;01/05/2026;NG_PEG;B;01/02/2027;28/02/2027;81,600;MWH;40,2540;EUR;SHELL_;MATCHED
BO902241;D2602380;25/02/2026;NG_PEG;S;01/11/2027;30/11/2027;348,200;MWH;37,9910;EUR;TOTALE;MATCHED
BO903029;D2603232;05/02/2026;PWR_FR;B;01/02/2026;28/02/2026;197,700;MWH;98,8210;EUR;UNIPER;MATCHED
BO908131;D2608656;08/07/2025;NG_PEG;B;01/07/2026;31/07/2026;117,800;MWH;21,9910;EUR;SHELL_;MATCHED
BO902354;D2602502;09/10/2025;PWR_FR;S;01/07/2027;31/07/2027;147,100;MWH;56,7640;EUR;MERCUR;MATCHED
BO900078;D2600083;16/10/2025;PWR_FR;B;01/03/2026;31/03/2026;686,300;MWH;79,3920;EUR;ICE_EN;MATCHED
BO900848;D2600896;04/07/2025;NG_PEG;S;01/01/2026;31/03/2026;799,100;MWH;26,8140;EUR;SHELL_;MATCHED
BO905804;D2606190;22/07/2026;NG_PEG;B;01/04/2026;30/06/2026;269,400;MWH;28,8150;EUR;GUNVOR;MATCHED
BO907112;D2607568;20/10/2025;NG_PEG;B;01/11/2027;30/11/2027;492,400;MWH;33,2180;EUR;SHELL_;MATCHED
BO908626;D2608032;29/04/2026;NG_PEG;B;01/03/2027;31/03/2027;357,900;MWH;36,8360;EUR;UNIPER;MATCHED
BO906998;D2607445;20/11/2025;NG_PEG;S;01/09/2026;30/09/2026;103,100;MWH;24,6150;EUR;SHELL_;MATCHED
BO900097;D2600102;28/07/2025;PWR_FR;B;01/05/2027;31/05/2027;107,200;MWH;73,7410;EUR;GUNVOR;MATCHED
BO907351;D2607820;16/01/2026;PWR_FR;B;01/08/2026;31/08/2026;150,800;MWH;65,1200;EUR;MERCUR;MATCHED
BO902074;D2602208;16/06/2026;NG_PEG;B;01/07/2026;31/07/2026;741,800;MWH;21,0850;EUR;ICE_EN;MATCHED
BO904797;D2605113;23/02/2026;PWR_FR;B;01/08/2027;31/08/2027;122,800;MWH;62,1680;EUR;GUNVOR;MATCHED
BO907049;D2607498;24/10/2025;PWR_FR;S;01/08/2027;31/10/2027;269,800;MWH;67,3820;EUR;UNIPER;MATCHED
BO908007;D2608526;30/06/2025;PWR_FR;B;01/09/2026;30/11/2026;23,900;MWH;69,4310;EUR;GUNVOR;MATCHED
BO901914;D2602038;28/07/2025;PWR_FR;B;01/04/2026;30/06/2026;136,600;MWH;93,0900;EUR;MERCUR;MATCHED
BO903702;D2603934;06/06/2025;NG_PEG;S;01/04/2026;30/04/2026;41,400;MWH;38,9350;EUR;VITOL;MATCHED
BO905995;D2606389;08/07/2025;PWR_FR;B;01/07/2027;30/09/2027;86,900;MWH;62,1900;EUR;TOTALE;MATCHED
BO907651;D2608138;11/11/2025;NG_PEG;B;01/12/2027;29/02/2028;258,000;MWH;38,9640;EUR;SHELL_;MATCHED
BO904972;D2605298;29/12/2025;NG_PEG;B;01/01/2026;31/01/2026;345,900;MWH;39,3850;EUR;VITOL;MATCHED
BO906429;D2606848;12/06/2026;NG_PEG;B;01/10/2026;31/12/2026;230,100;MWH;37,5230;EUR;VITOL;MATCHED
BO902829;D2603016;30/06/2026;PWR_FR;B;01/08/2027;31/08/2027;595,100;MWH;79,7810;EUR;VITOL;MATCHED
BO902209;D2602347;07/04/2026;NG_PEG;B;01/02/2027;28/02/2027;271,400;MWH;34,1630;EUR;TOTALE;MATCHED
BO903894;D2604138;22/08/2025;PWR_FR;B;01/06/2027;30/06/2027;246,700;MWH;72,5740;EUR;TOTALE;MATCHED
BO908964;D2603175;29/08/2025;NG_PEG;B;01/07/2026;31/07/2026;36,200;MWH;24,5140;EUR;TOTALE;MATCHED
BO902007;D2602137;10/07/2026;NG_PEG;S;01/07/2027;30/09/2027;148,800;MWH;26,2210;EUR;MERCUR;MATCHED
BO905845;D2606233;12/06/2025;NG_PEG;B;01/07/2027;31/07/2027;128,500;MWH;23,9620;EUR;UNIPER;MATCHED
BO903139;D2603347;08/07/2025;PWR_FR;B;01/02/2026;28/02/2026;231,600;MWH;85,7060;EUR;EEX_CL;MATCHED
BO907659;D2608146;18/05/2026;NG_PEG;S;01/11/2026;30/11/2026;91,600;MWH;30,6960;EUR;ICE_EN;MATCHED
BO905003;D2605331;06/02/2026;PWR_FR;B;01/11/2026;30/11/2026;642,300;MWH;72,4530;EUR;SHELL_;MATCHED
BO905374;D2605731;03/09/2025;PWR_FR;B;01/05/2027;31/07/2027;471,000;MWH;71,0260;EUR;MERCUR;MATCHED
BO903908;D2604152;03/07/2026;NG_PEG;B;01/12/2027;31/12/2027;578,500;MWH;36,8750;EUR;UNIPER;MATCHED
BO902027;D2602157;07/05/2026;NG_PEG;B;01/07/2027;30/09/2027;256,800;MWH;24,1610;EUR;EDF_TR;MATCHED
BO906871;D2607311;01/12/2025;PWR_FR;S;01/01/2026;31/01/2026;210,100;MWH;90,7490;EUR;STATKR;MATCHED
BO902091;D2602225;26/05/2026;NG_PEG;S;01/10/2026;31/12/2026;840,400;MWH;34,1380;EUR;UNIPER;MATCHED
BO908825;D2601470;22/05/2026;NG_PEG;B;01/08/2026;31/08/2026;53,900;MWH;20,8170;EUR;GUNVOR;MATCHED
BO903822;D2604063;22/07/2025;PWR_FR;B;01/05/2026;31/07/2026;137,300;MWH;72,6240;EUR;RWE;MATCHED
BO900475;D2600505;05/03/2026;PWR_FR;S;01/09/2027;31/08/2028;704,500;MWH;67,4690;EUR;GUNVOR;MATCHED
BO900216;D2600229;08/10/2025;PWR_FR;S;01/12/2027;31/12/2027;168,100;MWH;97,5490;EUR;GUNVOR;MATCHED
BO901671;D2601778;25/02/2026;PWR_FR;B;01/08/2027;31/08/2027;103,600;MWH;64,7280;EUR;EEX_CL;MATCHED
BO908369;D2608907;18/07/2025;NG_PEG;S;01/12/2027;31/12/2027;223,100;MWH;44,7840;EUR;UNIPER;MATCHED
BO902494;D2602649;12/01/2026;NG_PEG;S;01/10/2027;31/10/2027;1112,300;MWH;30,2230;EUR;EEX_CL;MATCHED
BO904747;D2605058;29/05/2026;PWR_FR;B;01/01/2026;31/01/2026;189,000;MWH;92,4920;EUR;STATKR;MATCHED
BO903877;D2604121;04/03/2026;PWR_FR;S;01/12/2027;31/12/2027;104,600;MWH;107,5550;EUR;RWE;MATCHED
BO901855;D2601973;13/03/2026;PWR_FR;S;01/10/2027;31/10/2027;160,700;MWH;69,1490;EUR;GUNVOR;MATCHED
BO902924;D2603119;13/10/2025;NG_PEG;B;01/07/2027;30/09/2027;423,300;MWH;25,9300;EUR;EEX_CL;MATCHED
BO907846;D2608347;01/05/2026;PWR_FR;B;01/10/2026;31/10/2026;668,700;MWH;73,9430;EUR;RWE;MATCHED
BO902203;D2602341;29/07/2025;PWR_FR;B;01/09/2026;30/09/2026;593,300;MWH;66,8750;EUR;SHELL_;MATCHED
BO905248;D2605593;28/07/2025;PWR_FR;B;01/11/2027;30/11/2027;205,500;MWH;91,3000;EUR;EDF_TR;MATCHED
BO900126;D2600134;15/05/2026;PWR_FR;S;01/07/2027;30/09/2027;643,000;MWH;61,7090;EUR;MERCUR;MATCHED
BO906637; D2607063;07/07/2026;PWR_FR;S;01/11/2027;30/11/2027;340,000;MWH;96,6620;EUR;RWE;MATCHED
BO902212;D2602350;11/02/2026;PWR_FR;S;01/07/2027;31/07/2027;91400,000;KWH;61,4670;EUR;UNIPER;MATCHED
BO900502;D2600536;03/06/2026;PWR_FR;B;01/12/2026;28/02/2027;133,600;MWH;94,9830;EUR;EDF_TR;MATCHED
BO904962;D2605288;26/01/2026;PWR_FR;B;01/09/2027;30/09/2027;137,000;MWH;71,2290;EUR;EEX_CL;MATCHED
BO906161;D2606562;11/07/2025;PWR_FR;B;01/11/2026;31/01/2027;558,500;MWH;109,7520;EUR;GUNVOR;MATCHED
BO906587;D2607012;05/03/2026;NG_PEG;B;01/01/2027;31/01/2027;226,200;MWH;37,2100;EUR;EDF_TR;MATCHED
BO903547;D2603769;31/10/2025;PWR_FR;S;01/07/2026;31/07/2026;124,300;MWH;61,5750;EUR;SHELL_;MATCHED
BO905410;D2605769;24/12/2025;PWR_FR;B;01/01/2027;31/01/2027;142,500;MWH;76,9250;EUR;SHELL_;MATCHED
BO901036;D2601100;01/10/2025;NG_PEG;S;01/03/2026;31/03/2026;178,500;MWH;30,0190;EUR;RWE;MATCHED
BO900057;D2600060;12/01/2026;PWR_FR;B;01/11/2026;31/10/2027;123,400;MWH;67,7780;EUR;RWE;MATCHED
BO905582;D2605952;24/04/2026;PWR_FR;B;01/11/2027;31/01/2028;458,900;MWH;86,3260;EUR;AXPO;MATCHED
BO907931;D2608444;05/06/2025;PWR_FR;B;01/10/2026;31/10/2026;672,700;MWH;72,5840;EUR;SHELL_;MATCHED
BO907869;D2608375;23/07/2025;PWR_FR;B;01/09/2026;30/09/2026;773,900;MWH;70,3690;EUR;EDF_TR;MATCHED
BO908727;D2601458;24/10/2025;PWR_FR;S;01/01/2027;31/01/2027;195,800;MWH;85,0300;EUR;ICE_EN;MATCHED
BO902823;D2603010;03/12/2025;NG_PEG;S;01/09/2026;30/09/2026;93,600;MWH;26,8600;EUR;ICE_EN;MATCHED
BO907601;D2608085;23/12/2025;PWR_FR;B;01/05/2026;31/05/2026;98,700;MWH;69,2560;EUR;MERCUR;MATCHED
BO903476;D2603695;12/03/2026;PWR_FR;B;01/09/2027;31/08/2028;162,700;MWH;55,2830;EUR;TOTALE;MATCHED
BO903044;D2603247;21/08/2025;PWR_FR;S;01/08/2027;31/08/2027;167,700;MWH;57,8500;EUR;UNIPER;MATCHED
BO905833;D2606221;25/12/2025;NG_PEG;B;01/01/2027;31/03/2027;170,100;MWH;31,2340;EUR;RWE;MATCHED
BO905364;D02605721;09/04/2026;PWR_FR;B;01/07/2027;31/07/2027;109,900;MWH;63,2320;EUR;GUNVOR;MATCHED
BO906365;D2606780;12/08/2025;PWR_FR;B;01/05/2027;31/07/2027;189,200;MWH;65,3660;EUR;VITOL;MATCHED
BO901461;D2601553;16/12/2025;NG_PEG;S;01/03/2026;31/03/2026;137,300;MWH;38,3930;EUR;RWE;MATCHED
BO903493;D2603713;23/07/2025;NG_PEG;B;01/09/2027;30/11/2027;305,000;MWH;27,4520;EUR;AXPO;MATCHED
BO901753;D2601862;05/01/2026;NG_PEG;S;01/12/2026;28/02/2027;359,400;MWH;39,4950;EUR;TOTALE;MATCHED
BO903449;D2603667;15/07/2025;PWR_FR;B;01/10/2027;31/10/2027;89,200;MWH;81,8760;EUR;EEX_CL;MATCHED
BO904013;D2604265;11/11/2025;NG_PEG;B;01/08/2026;31/08/2026;80,300;MWH;19,7690;EUR;SHELL_;MATCHED
BO905515;D2605882;27/11/2025;PWR_FR;B;01/02/2026;28/02/2026;138,100;MWH;88,7740;EUR;TOTALE;MATCHED
BO900300;D2600319;15/08/2025;PWR_FR;S;01/11/2026;31/10/2027;256,200;MWH;87,9280;EUR;STATKR;MATCHED
BO903964;D2604213;20/05/2026;PWR_FR;B;01/02/2027;28/02/2027;314,600;MWH;84,6950;EUR;MERCUR;MATCHED
BO902526;D2602687;02/06/2026;NG_PEG;B;01/11/2027;31/01/2028;250,500;MWH;34,6090;EUR;STATKR;CXL
BO907579;D2608062;04/08/2025;PWR_FR;B;01/03/2026;31/03/2026;141,800;MWH;84,7340;EUR;ICE_EN;MATCHED
BO901833;D2601949;26/11/2025;PWR_FR;B;01/11/2026;30/11/2026;216,000;MWH;97,4940;EUR;GUNVOR;MATCHED
BO903530;D2603751;24/06/2026;NG_PEG;B;01/11/2026;30/11/2026;55,400;MWH;32,1760;EUR;UNIPER;MATCHED
BO903837;D2604078;07/04/2026;PWR_FR;B;01/12/2026;28/02/2027;401,100;MWH;89,1860;EUR;VITOL;MATCHED
BO905039;D2605368;24/04/2026;PWR_FR;B;01/03/2026;31/03/2026;67,000;MWH;70,4060;EUR;TOTALE;MATCHED
BO900407;D2600430;17/09/2025;PWR_FR;B;01/11/2027;30/11/2027;104,200;MWH;72,7750;EUR;AXPO;MATCHED
BO903409;D2603627;22/08/2025;PWR_FR;S;01/05/2027;31/05/2027;73,400;MWH;61,3250;EUR;VITOL;MATCHED
BO901641;D2601747;21/08/2025;PWR_FR;B;01/01/2027;31/03/2027;300,000;MWH;99,7620;EUR;AXPO;MATCHED
BO903051;D2603254;08/08/2025;PWR_FR;B;01/01/2027;31/01/2027;149,400;MWH;76,2300;EUR;AXPO;MATCHED
BO901742;D2601851;25/02/2026;PWR_FR;S;01/06/2026;31/08/2026;1083,700;MWH;62,4740;EUR;MERCUR;MATCHED
BO906797;D2607232;23/04/2026;PWR_FR;B;01/12/2026;31/12/2026;609600,000;KWH;93,6110;EUR;RWE;MATCHED
BO902132;D2602266;30/12/2025;PWR_FR;S;01/08/2027;31/10/2027;398,600;MWH;71,7350;EUR;SHELL_;MATCHED
BO907420;D2607893;31/07/2025;PWR_FR;B;01/12/2027;31/12/2027;64,800;MWH;83,0340;EUR;RWE;MATCHED
BO902259;D2602399;13/05/2026;PWR_FR;B;01/05/2026;31/05/2026;200,800;MWH;63,5110;EUR;GUNVOR;MATCHED
BO904705;D2605013;07/10/2025;PWR_FR;B;01/12/2027;30/11/2028;543,200;MWH;86,9090;EUR;MERCUR;MATCHED
BO905877;D2606265;17/03/2026;PWR_FR;S;01/10/2027;31/10/2027;410,100;MWH;76,4340;EUR;AXPO;MATCHED
BO905664;D2606042;01/07/2025;PWR_FR;B;01/04/2026;30/04/2026;177,300;MWH;71,7630;EUR;EEX_CL;MATCHED
BO904239;D2604506;24/11/2025;PWR_FR;B;01/04/2026;30/04/2026;80,700;MWH;71,6500;EUR;ICE_EN;MATCHED
BO908870;D2604940;23/06/2026;PWR_FR;B;01/01/2027;31/01/2027;215,600;MWH;89,1780;EUR;AXPO;MATCHED
BO906683;D2607115;30/04/2026;NG_PEG;B;01/11/2026;30/11/2026;200,300;MWH;32,6250;EUR;EDF_TR;MATCHED
BO904985;D2605311;21/05/2026;PWR_FR;B;01/05/2027;31/05/2027;308,300;MWH;76,9470;EUR;VITOL;MATCHED
BO901602;D2601707;11/06/2025;PWR_FR;S;01/09/2027;30/09/2027;115,700;MWH;69,6370;EUR;AXPO;MATCHED
BO908639;D2604002;27/11/2025;NG_PEG;B;01/08/2026;31/08/2026;40,700;MWH;29,1770;EUR;MERCUR;CXL
BO907595;D2608079;11/12/2025;NG_PEG;B;01/11/2027;30/11/2027;93,000;MWH;37,2960;EUR;VITOL;MATCHED
BO900919;D2600971;12/06/2025;NG_PEG;B;01/11/2027;30/11/2027;89,000;MWH;36,4320;EUR;EEX_CL;MATCHED
BO908388;D2608927;24/07/2026;PWR_FR;B;01/10/2026;31/10/2026;310,500;MWH;80,7450;EUR;RWE;MATCHED
BO906309;D2606722;04/06/2026;NG_PEG;S;01/05/2026;31/05/2026;488,900;MWH;27,7750;EUR;SHELL_;MATCHED
BO907162;D2607620;24/02/2026;PWR_FR;S;01/06/2027;30/06/2027;715,600;MWH;63,1010;EUR;STATKR;MATCHED
BO903120;D2603327;13/03/2026;NG_PEG;B;01/08/2026;31/08/2026;466,500;MWH;22,9530;EUR;EEX_CL;MATCHED
BO908975;D2607974;18/12/2025;NG_PEG;B;01/02/2027;31/01/2028;138,300;MWH;36,8570;EUR;RWE;MATCHED
BO900490;D2600522;24/03/2026;PWR_FR;S;01/10/2026;30/09/2027;154,800;MWH;78,8220;EUR;STATKR;MATCHED
BO906215;D2606622;27/08/2025;NG_PEG;S;01/01/2027;31/03/2027;568,600;MWH;41,8660;EUR;UNIPER;MATCHED
BO907796;D2608292;04/06/2026;PWR_FR;B;01/03/2026;28/02/2027;174,600;MWH;80,2570;EUR;STATKR;MATCHED
BO907201;D2607660;24/09/2025;PWR_FR;S;01/05/2027;30/04/2028;96,600;MWH;62,5490;EUR;VITOL;CXL
BO901657;D2601764;18/03/2026;PWR_FR;B;01/06/2027;30/06/2027;182,800;MWH;61,3420;EUR;RWE;MATCHED
BO902624;D2602790;05/02/2026;PWR_FR;S;01/08/2026;31/10/2026;84,600;MWH;57,9890;EUR;VITOL;MATCHED
BO906226;D2606635;08/10/2025;NG_PEG;B;01/10/2026;30/09/2027;408,300;MWH;28,5900;EUR;STATKR;MATCHED
BO900149;D2600159;10/06/2025;PWR_FR;S;01/09/2027;30/11/2027;631,100;MWH;51,3410;EUR;MERCUR;MATCHED
BO904906;D2605228;09/01/2026;PWR_FR;S;01/09/2026;30/09/2026;200,500;MWH;65,2200;EUR;AXPO;MATCHED
BO903407;D2603625;11/12/2025;NG_PEG;S;01/04/2026;30/06/2026;114,200;MWH;30,1470;EUR;TOTALE;MATCHED
BO905251;D2605596;03/11/2025;PWR_FR;B;01/05/2026;31/05/2026;289,400;MWH;69,3440;EUR;MERCUR;MATCHED
BO905867;D2606255;14/05/2026;PWR_FR;B;01/06/2026;30/06/2026;389,900;MWH;51,7080;EUR;RWE;MATCHED
BO902723;D2602895;17/06/2025;PWR_FR;S;01/12/2026;31/12/2026;56,700;MWH;96,9450;EUR;EEX_CL;MATCHED
BO905135;D2605469;15/04/2026;NG_PEG;B;01/07/2026;31/07/2026;99,600;MWH;27,0250;EUR;MERCUR;MATCHED
BO906105;D2606504;08/01/2026;PWR_FR;B;01/12/2026;31/12/2026;192,000;MWH;90,7760;EUR;STATKR;MATCHED
BO907955;D2608468;15/12/2025;PWR_FR;B;01/03/2027;29/02/2028;179,600;MWH;104,4330;EUR;STATKR;MATCHED
BO903532;D2603753;16/07/2026;PWR_FR;B;01/04/2026;30/04/2026;73,000;MWH;58,4140;EUR;VITOL;MATCHED
BO907272;D2607736;22/05/2026;NG_PEG;S;01/12/2027;31/12/2027;86,100;MWH;36,8300;EUR;AXPO;MATCHED
BO904855;D2605175;19/12/2025;NG_PEG;S;01/11/2026;30/11/2026;218,400;MWH;35,9990;EUR;UNIPER;MATCHED
BO900379;D2600402;21/10/2025;NG_PEG;B;01/11/2026;30/11/2026;186,600;MWH;40,9290;EUR;UNIPER;MATCHED
BO901644;D2601750;15/09/2025;NG_PEG;B;01/10/2027;31/10/2027;121,100;MWH;37,1470;EUR;VITOL;MATCHED
BO906692;D2607124;26/02/2026;NG_PEG;B;01/05/2026;31/05/2026;288,700;MWH;26,3510;EUR;SHELL_;MATCHED
BO900737;D2600779;22/10/2025;NG_PEG;B;01/02/2027;28/02/2027;193,800;MWH;34,2680;EUR;ICE_EN;MATCHED
BO902838;D2603025;28/07/2025;NG_PEG;B;01/08/2026;31/08/2026;643,500;MWH;29,2970;EUR;ICE_EN;MATCHED
BO908403;D2608942;05/01/2026;PWR_FR;B;01/05/2027;31/05/2027;283,600;MWH;76,4430;EUR;STATKR;MATCHED
BO902365;D2602514;10/06/2026;PWR_FR;B;01/01/2027;31/01/2027;127,400;MWH;98,7210;EUR;GUNVOR;MATCHED
BO906973;d2607418;20/10/2025;PWR_FR;B;01/10/2026;31/10/2026;274,100;MWH;80,8160;EUR;GUNVOR;MATCHED
BO908939;D2600983;24/04/2026;NG_PEG;S;01/11/2027;31/01/2028;201,600;MWH;31,7000;EUR;AXPO;MATCHED
BO900591;D2600630;23/07/2025;PWR_FR;S;01/11/2027;31/01/2028;1423,100;MWH;88,0410;EUR;VITOL;MATCHED
BO902177;D2602313;20/02/2026;PWR_FR;S;01/12/2026;31/12/2026;908,000;MWH;92,0890;EUR;VITOL;MATCHED
BO908681;D2605502;12/12/2025;PWR_FR;S;01/08/2026;31/08/2026;224,900;MWH;72,4210;EUR;ICE_EN;MATCHED
BO903641;D2603870;19/02/2026;PWR_FR;B;01/10/2027;31/10/2027;467,600;MWH;75,9880;EUR;GUNVOR;MATCHED
BO901088;D2601158;11/06/2026;NG_PEG;B;01/09/2027;30/11/2027;194,500;MWH;20,8350;EUR;RWE;MATCHED
BO905252;D2605597;29/09/2025;NG_PEG;B;01/08/2026;31/08/2026;42,900;MWH;21,4550;EUR;RWE;MATCHED
BO990066;D9500066;05/09/2025;PWR_FR;B;01/02/2026;28/02/2026;213,000;MWH;87,6660;EUR;EEX_CL;MATCHED
BO901551;D2601652;27/05/2026;PWR_FR;B;01/12/2027;31/12/2027;121,200;MWH;103,2240;EUR;VITOL;MATCHED
BO905552;D2605920;21/04/2026;PWR_FR;B;01/10/2026;31/12/2026;204,000;MWH;67,3150;EUR;TOTALE;MATCHED
BO908623;D2607068;28/05/2026;NG_PEG;S;01/02/2026;31/01/2027;129,000;MWH;30,2700;EUR;UNIPER;MATCHED
BO900739;D2600781;15/01/2026;PWR_FR;B;01/12/2027;31/12/2027;91,500;MWH;92,0720;EUR;STATKR;MATCHED
BO907210;D2607670;03/10/2025;PWR_FR;B;01/10/2027;31/10/2027;111,300;MWH;93,6420;EUR;AXPO;MATCHED
BO903142;D2603350;02/01/2026;PWR_FR;S;01/11/2027;30/11/2027;82,500;MWH;97,4920;EUR;SHELL_;MATCHED
BO908389;D2608928;22/07/2025;NG_PEG;B;01/04/2027;30/04/2027;504,600;MWH;31,7860;EUR;EDF_TR;MATCHED
BO902167;D2602303;08/01/2026;NG_PEG;B;01/12/2026;31/12/2026;196,000;MWH;37,4800;EUR;SHELL_;MATCHED
BO907591;D2608075;23/04/2026;PWR_FR;S;01/02/2026;28/02/2026;253,800;MWH;102,7200;EUR;SHELL_;MATCHED
BO902374;D2602526;17/04/2026;NG_PEG;B;01/08/2026;31/10/2026;259,300;MWH;27,1860;EUR;SHELL_;MATCHED
BO904769;D2605082;03/04/2026;NG_PEG;B;01/10/2026;31/12/2026;86,100;MWH;31,0900;EUR;MERCUR;MATCHED
BO902626;D2602792;26/06/2026;NG_PEG;B;01/01/2026;31/01/2026;198,300;MWH;29,6300;EUR;RWE;MATCHED
BO907022;D2607471;23/10/2025;NG_PEG;S;01/04/2027;30/04/2027;320,900;MWH;33,0820;EUR;SHELL_;MATCHED
BO908520;D2600309;17/12/2025;PWR_FR;S;01/01/2026;31/12/2026;200,200;MWH;87,4832;EUR;AXPO;MATCHED
BO907838;D2608338;08/08/2025;NG_PEG;B;01/08/2026;31/08/2026;328,300;MWH;22,0790;EUR;EDF_TR;MATCHED
BO907212;D2607672;20/03/2026;PWR_FR;B;01/01/2026;31/01/2026;44,100;MWH;115,3420;EUR;SHELL_;MATCHED
BO904134;D2604396;29/07/2025;NG_PEG;B;01/06/2027;31/08/2027;71,300;MWH;29,1800;EUR;VITOL;MATCHED
BO906396;D2606813;20/06/2025;PWR_FR;S;01/01/2026;31/01/2026;186,900;MWH;98,0390;EUR;RWE;MATCHED
BO903739;D2603973;16/12/2025;PWR_FR;S;01/04/2027;31/03/2028;261,900;MWH;88,8310;EUR;VITOL;MATCHED
BO906661;D2607090;18/06/2026;NG_PEG;B;01/10/2027;31/10/2027;189,400;MWH;38,9090;EUR;EEX_CL;MATCHED
BO901396;D2601485;20/05/2026;NG_PEG;S;01/06/2026;31/08/2026;647,300;MWH;23,6500;EUR;AXPO;MATCHED
BO905284;D2605635;29/10/2025;NG_PEG;B;01/01/2027;31/01/2027;537200,000;KWH;32,6340;EUR;VITOL;MATCHED
BO903811;D2604051;20/05/2026;PWR_FR;B;01/02/2026;30/04/2026;109,600;MWH;97,4610;EUR;STATKR;MATCHED
BO902435;D2602589;10/06/2025;NG_PEG;B;01/07/2026;31/07/2026;520,100;MWH;24,9050;EUR;SHELL_;MATCHED
BO902598;D2602764;16/07/2025;NG_PEG;B;01/08/2027;31/08/2027;51,400;MWH;30,0179;EUR;EDF_TR;MATCHED
BO906182;D2606586;30/12/2025;PWR_FR;S;01/07/2026;31/07/2026;73,800;MWH;53,0080;EUR;MERCUR;MATCHED
BO902202;D2602340;20/01/2026;PWR_FR;B;01/05/2027;30/04/2028;458,200;MWH;85,3610;EUR;MERCUR;MATCHED
BO902785;D2602969;20/07/2026;PWR_FR;S;01/01/2026;31/01/2026;109,300;MWH;108,5220;EUR;AXPO;MATCHED
BO906022;D2606416;28/05/2026;NG_PEG;B;01/06/2026;30/06/2026;19,600;MWH;24,4060;EUR;UNIPER;MATCHED
BO907925;D2608438;01/05/2026;PWR_FR;B;01/11/2026;31/01/2027;241,300;MWH;91,7210;EUR;STATKR;MATCHED
BO905674;D2606052;26/06/2025;NG_PEG;B;01/07/2027;31/07/2027;358,800;MWH;29,0730;EUR;ICE_EN;MATCHED
BO902042;D2602173;12/09/2025;NG_PEG;B;01/12/2027;31/12/2027;93,200;MWH;36,1540;EUR;RWE;MATCHED
BO907732;D2608221;13/04/2026;NG_PEG;S;01/01/2026;31/01/2026;131,700;MWH;43,1780;EUR;VITOL;MATCHED
BO905775;D2606159;13/01/2026;PWR_FR;B;01/09/2027;30/09/2027;76,600;MWH;63,6410;EUR;STATKR;MATCHED
BO906088;D2606485;15/05/2026;NG_PEG;B;01/08/2026;31/08/2026;239,900;MWH;28,2640;EUR;SHELL_;MATCHED
BO903127;D2603334;07/08/2025;PWR_FR;B;01/04/2027;31/03/2028;82,100;MWH;92,9090;EUR;MERCUR;MATCHED
BO907760;D2608252;07/07/2025;PWR_FR;B;01/08/2026;31/08/2026;203,800;MWH;54,8860;EUR;EDF_TR;MATCHED
BO906882;D2607322;10/07/2025;NG_PEG;B;01/10/2027;31/10/2027;308,500;MWH;28,6430;EUR;MERCUR;MATCHED
BO901437;D2601529;27/03/2026;PWR_FR;B;01/08/2027;31/10/2027;320,100;MWH;60,7980;EUR;GUNVOR;MATCHED
BO904302;D2604573;09/06/2026;PWR_FR;B;01/08/2027;31/08/2027;316,200;MWH;74,4600;EUR;ICE_EN;MATCHED
BO907541;D2608016;15/04/2026;PWR_FR;B;01/02/2026;28/02/2026;1104,200;MWH;89,7670;EUR;GUNVOR;MATCHED
BO906390;D2606807;16/10/2025;PWR_FR;B;01/05/2027;30/04/2028;83,900;MWH;76,3470;EUR;STATKR;MATCHED
BO908555;D2608119;23/07/2025;PWR_FR;B;01/03/2026;31/03/2026;962,700;MWH;99,6280;EUR;EDF_TR;MATCHED
BO900768;D2600810;20/08/2025;PWR_FR;B;01/05/2026;31/05/2026;195,700;MWH;71,0590;EUR;RWE;CXL
BO903930;D2604176;29/04/2026;PWR_FR;S;01/11/2027;30/11/2027;78,500;MWH;83,5400;EUR;AXPO;MATCHED
BO903236;D2603451;10/12/2025;NG_PEG;S;01/07/2027;30/09/2027;228,200;MWH;25,7310;EUR;UNIPER;MATCHED
BO907362;D2607831;31/07/2025;PWR_FR;S;01/08/2027;31/08/2027;119,100;MWH;53,1500;EUR;ICE_EN;MATCHED
BO901201;D2601277;27/01/2026;NG_PEG;B;01/02/2026;31/01/2027;231,300;MWH;41,4930;EUR;EEX_CL;MATCHED
BO902806;D2602992;13/07/2026;NG_PEG;B;01/04/2027;31/03/2028;89,500;MWH;32,6870;EUR;VITOL;MATCHED
BO907804;D2608300;26/03/2026;PWR_FR;S;01/02/2026;30/04/2026;800,900;MWH;101,1370;EUR;RWE;MATCHED
BO905586;D2605956;08/12/2025;NG_PEG;B;01/03/2027;31/03/2027;264,700;MWH;34,3040;EUR;EEX_CL;MATCHED
BO904063;D2604320;10/06/2025;PWR_FR;S;01/12/2027;31/12/2027;47,800;MWH;86,5330;EUR;ICE_EN;MATCHED
BO908785;D2600506;25/02/2026;PWR_FR;B;01/12/2026;31/12/2026;186,600;MWH;67,1600;EUR;EEX_CL;MATCHED
BO900976;D2601032;18/07/2025;NG_PEG;B;01/12/2027;30/11/2028;234,500;MWH;32,3210;EUR;RWE;MATCHED
BO908638;D2608098;09/09/2025;PWR_FR;B;01/04/2027;30/04/2027;181,000;MWH;68,3830;EUR;ICE_EN;MATCHED
BO902843;D2603031;24/12/2025;PWR_FR;S;01/01/2026;31/01/2026;261,600;MWH;85,3860;EUR;AXPO;MATCHED
BO900643;D2600683;05/02/2026;NG_PEG;B;01/03/2027;31/03/2027;612,700;MWH;37,2880;EUR;RWE;MATCHED
BO906459;D2606878;23/06/2026;NG_PEG;S;01/09/2027;31/08/2028;619,300;MWH;24,8130;EUR;EEX_CL;MATCHED
BO905222;D2605564;21/04/2026;NG_PEG;B;01/08/2026;31/07/2027;120,900;MWH;28,0890;EUR;TOTALE;MATCHED
BO905145;D2605480;02/04/2026;NG_PEG;B;01/07/2027;31/07/2027;173,500;MWH;24,8830;EUR;EDF_TR;MATCHED
BO900267;D2600283;23/06/2026;PWR_FR;B;01/02/2026;28/02/2026;140,500;MWH;92,0600;EUR;GUNVOR;MATCHED
BO906144;D2606544;23/09/2025;PWR_FR;B;01/04/2026;30/06/2026;42,900;MWH;80,7840;EUR;AXPO;MATCHED
BO906337;D2606752;08/09/2025;PWR_FR;B;01/09/2027;31/08/2028;193,800;MWH;67,9160;EUR;STATKR;MATCHED
BO908309;D2608844;10/07/2026;PWR_FR;S;01/09/2027;30/09/2027;175,000;MWH;76,1940;EUR;STATKR;MATCHED
BO901301;D2601380;10/02/2026;PWR_FR;B;01/02/2026;28/02/2026;91,600;MWH;96,8590;EUR;UNIPER;MATCHED
BO903205;D2603418;19/12/2025;NG_PEG;S;01/04/2026;30/04/2026;68,500;MWH;33,1690;EUR;GUNVOR;MATCHED
BO901156;D2601231;14/05/2026;PWR_FR;B;01/06/2027;31/08/2027;100,700;MWH;59,3900;EUR;EEX_CL;MATCHED
BO903659;D2603889;22/09/2025;PWR_FR;B;01/09/2027;30/11/2027;165,200;MWH;69,5630;EUR;MERCUR;MATCHED
BO907454;D2607927;02/04/2026;NG_PEG;S;01/09/2026;30/09/2026;39,400;MWH;29,3050;EUR;TOTALE;MATCHED
BO905310;D2605663;09/06/2025;NG_PEG;S;01/12/2027;31/12/2027;332,000;MWH;41,0180;EUR;GUNVOR;MATCHED
BO903320;D2603538;22/09/2025;PWR_FR;B;01/02/2027;30/04/2027;90,100;MWH;105,8630;EUR;EEX_CL;MATCHED
BO905564;D2605932;04/06/2025;NG_PEG;B;01/02/2027;28/02/2027;153,900;MWH;32,7630;EUR;ICE_EN;MATCHED
BO902483;D2602637;27/11/2025;PWR_FR;S;01/12/2027;29/02/2028;608,200;MWH;88,2810;EUR;GUNVOR;MATCHED
BO905899;D2606287;23/10/2025;PWR_FR;S;01/08/2027;31/08/2027;410,400;MWH;56,7780;EUR;EDF_TR;MATCHED
BO907994;D2608511;14/04/2026;NG_PEG;B;01/07/2027;31/07/2027;314,600;MWH;25,2190;EUR;GUNVOR;MATCHED
BO905136;D02605470;15/04/2026;NG_PEG;S;01/12/2027;29/02/2028;903,800;MWH;37,8340;EUR;AXPO;MATCHED
BO900908;D2600959;08/04/2026;PWR_FR;S;01/07/2027;31/07/2027;248,500;MWH;57,8820;EUR;EDF_TR;MATCHED
BO900540;D2600575;07/04/2026;PWR_FR;B;01/06/2026;30/06/2026;101,300;MWH;63,5200;EUR;SHELL_;CXL
BO900915;D2600966;09/09/2025;NG_PEG;B;01/12/2027;29/02/2028;160,300;MWH;31,2780;EUR;STATKR;MATCHED
BO903670;D2603900;27/02/2026;PWR_FR;S;01/09/2026;30/09/2026;249,500;MWH;66,5990;EUR;ICE_EN;MATCHED
BO904171;D2604433;22/12/2025;PWR_FR;B;01/08/2027;31/08/2027;577,600;MWH;73,8500;EUR;EEX_CL;MATCHED
BO904006;D2604257;03/07/2026;NG_PEG;S;01/10/2027;31/10/2027;339,600;MWH;29,6990;EUR;UNIPER;MATCHED
BO900550;D2600586;19/06/2026;PWR_FR;B;01/07/2026;31/07/2026;243,000;MWH;70,9160;EUR;EDF_TR;MATCHED
BO901282;D2601360;16/06/2025;PWR_FR;B;01/01/2026;31/01/2026;200,100;MWH;95,3210;EUR;UNIPER;MATCHED
BO902170;D2602306;29/06/2026;PWR_FR;B;01/05/2027;31/05/2027;298,300;MWH;65,0590;EUR;UNIPER;MATCHED
BO904862;D2605184;15/07/2025;PWR_FR;B;01/10/2027;31/10/2027;115,000;MWH;72,7540;EUR;AXPO;MATCHED
BO904633;D2604929;18/02/2026;PWR_FR;S;01/11/2027;31/01/2028;112,700;MWH;86,1930;EUR;EEX_CL;MATCHED
BO900680;D2600721;20/11/2025;PWR_FR;S;01/10/2026;31/10/2026;314,900;MWH;81,2130;EUR;UNIPER;MATCHED
BO902923;D2603118;08/07/2025;NG_PEG;S;01/10/2026;31/10/2026;652,200;MWH;32,3280;EUR;EEX_CL;CXL
BO902410;D2602564;03/07/2026;PWR_FR;B;01/07/2027;30/06/2028;304,300;MWH;62,7350;EUR;AXPO;MATCHED
BO905993;D2606387;06/11/2025;NG_PEG;B;01/05/2027;31/05/2027;595,900;MWH;26,0390;EUR;RWE;MATCHED
BO908957;D2608786;29/05/2026;PWR_FR;S;01/07/2027;31/07/2027;120,800;MWH;50,1900;EUR;EEX_CL;MATCHED
BO907822;D2608320;12/06/2026;PWR_FR;S;01/01/2027;31/01/2027;276,800;MWH;88,1130;EUR;TOTALE;MATCHED
BO906230;D2606639;30/10/2025;NG_PEG;S;01/10/2027;31/12/2027;412,900;MWH;31,6050;EUR;RWE;MATCHED
BO901866;D2601988;26/03/2026;PWR_FR;S;01/04/2026;30/04/2026;78,900;MWH;89,3000;EUR;MERCUR;MATCHED
BO906713;D2607145;18/03/2026;NG_PEG;B;01/11/2026;31/01/2027;568,700;MWH;38,9490;EUR;RWE;MATCHED
BO900531;D2600566;04/07/2025;PWR_FR;B;01/03/2027;31/03/2027;501,300;MWH;97,7530;EUR;SHELL_;MATCHED
BO902299;D2602443;21/01/2026;PWR_FR;S;01/11/2027;30/11/2027;69,100;MWH;83,9510;EUR;AXPO;MATCHED
BO906324;D2606738;12/05/2026;PWR_FR;S;01/07/2026;30/09/2026;363,200;MWH;64,4780;EUR;RWE;MATCHED
BO990076;D9500076;19/05/2026;PWR_FR;B;01/02/2027;28/02/2027;467,300;MWH;88,8560;EUR;UNIPER;MATCHED
BO903683;D2603914;02/07/2025;NG_PEG;B;01/08/2026;31/10/2026;380,500;MWH;29,5220;EUR;MERCUR;MATCHED
BO901429;D2601520;22/07/2025;PWR_FR;B;01/04/2027;30/04/2027;151,600;MWH;84,9850;EUR;ICE_EN;MATCHED
BO901119;D2601191;10/03/2026;PWR_FR;B;01/08/2027;31/10/2027;119,900;MWH;58,4280;EUR;AXPO;MATCHED
BO904833;D2605151;01/08/2025;PWR_FR;S;01/06/2027;30/06/2027;599,900;MWH;75,6870;EUR;VITOL;MATCHED
BO906408;D2606826;17/02/2026;PWR_FR;S;01/11/2026;30/11/2026;123,700;MWH;62,4680;EUR;TOTALE;MATCHED
BO903714;D2603946;29/05/2026;NG_PEG;B;01/04/2027;31/03/2028;136,400;MWH;27,9730;EUR;EEX_CL;MATCHED
BO904642;D2604938;01/01/2026;PWR_FR;S;01/10/2026;31/10/2026;278,300;MWH;90,1650;EUR;UNIPER;CXL
BO903845;D2604087;14/10/2025;PWR_FR;B;01/04/2027;30/04/2027;1216,100;MWH;70,4150;EUR;EEX_CL;MATCHED
BO908629;D2608564;06/10/2025;NG_PEG;S;01/05/2027;31/07/2027;194,300;MWH;23,9890;EUR;RWE;CXL
BO907989;D2608506;27/05/2026;PWR_FR;B;01/06/2027;30/06/2027;77,100;MWH;50,9500;EUR;STATKR;MATCHED
BO900132;D2600140;31/10/2025;NG_PEG;B;01/08/2026;31/08/2026;830,200;MWH;28,0660;EUR;EDF_TR;MATCHED
BO900270;D2600286;18/02/2026;PWR_FR;B;01/06/2027;30/06/2027;134,200;MWH;73,3810;EUR;SHELL_;MATCHED
BO901710;D2601818;23/09/2025;PWR_FR;B;01/08/2026;31/08/2026;151,000;MWH;59,5080;EUR;STATKR;MATCHED
BO908103;D2608626;11/11/2025;PWR_FR;S;01/09/2027;30/09/2027;243,200;MWH;68,5690;EUR;TOTALE;MATCHED
BO907862;D2608367;01/01/2026;NG_PEG;B;01/06/2027;30/06/2027;267,200;MWH;24,2550;EUR;AXPO;MATCHED
BO907339;D2607808;24/02/2026;NG_PEG;B;01/05/2026;31/05/2026;321,300;MWH;24,2680;EUR;TOTALE;MATCHED
BO903242;D2603457;10/12/2025;PWR_FR;S;01/07/2027;30/09/2027;365,800;MWH;53,9310;EUR;MERCUR;MATCHED
BO903174;D2603383;09/03/2026;PWR_FR;B;01/01/2026;31/01/2026;115,200;MWH;90,7310;EUR;TOTALE;MATCHED
BO904897;D2605219;06/10/2025;PWR_FR;B;01/08/2027;31/08/2027;390,500;MWH;65,1210;EUR;MERCUR;MATCHED
BO905301;D2605652;12/06/2026;NG_PEG;B;01/03/2026;31/03/2026;400,100;MWH;28,9390;EUR;GUNVOR;MATCHED
BO901725;D2601834;02/06/2026;NG_PEG;B;01/10/2027;31/12/2027;167,500;MWH;25,4150;EUR;SHELL_;MATCHED
BO905017;D2605345;01/07/2025;PWR_FR;B;01/11/2026;30/11/2026;509,600;MWH;96,7330;EUR;SHELL_;MATCHED
BO908041;D2608560;02/07/2026;PWR_FR;S;01/06/2027;30/06/2027;96,100;MWH;60,5530;EUR;RWE;MATCHED
BO901358;D2601442;31/12/2025;PWR_FR;S;01/12/2026;31/12/2026;167,700;MWH;100,2530;EUR;ICE_EN;MATCHED
BO900176;D2600187;13/11/2025;NG_PEG;B;01/03/2027;31/03/2027;290,300;MWH;29,0460;EUR;GUNVOR;MATCHED
BO907045;D2607494;10/12/2025;NG_PEG;S;01/07/2026;31/07/2026;75,900;MWH;23,2600;EUR;RWE;MATCHED
BO908598;D2602273;22/10/2025;PWR_FR;S;01/03/2027;31/05/2027;158,800;MWH;73,8970;EUR;GUNVOR;MATCHED
BO900241;D2600255;08/08/2025;PWR_FR;S;01/04/2027;30/06/2027;433,900;MWH;75,7050;EUR;VITOL;MATCHED
BO904467;D2604751;26/05/2026;NG_PEG;S;01/02/2026;28/02/2026;49,300;MWH;41,6720;EUR;EDF_TR;MATCHED
BO906080;D2606477;03/09/2025;PWR_FR;B;01/09/2027;30/09/2027;190,300;MWH;64,8600;EUR;SHELL_;MATCHED
BO903783;D2604023;28/07/2025;NG_PEG;S;01/01/2026;31/03/2026;336,800;MWH;40,7920;EUR;UNIPER;MATCHED
BO905827;D2606215;23/06/2025;PWR_FR;B;01/11/2027;30/11/2027;142,300;MWH;100,5660;EUR;MERCUR;MATCHED
BO908411;D2608951;18/11/2025;PWR_FR;S;01/04/2026;30/04/2026;934,900;MWH;64,2290;EUR;AXPO;MATCHED
BO908112;D2608635;27/02/2026;PWR_FR;B;01/02/2026;28/02/2026;596,600;MWH;86,2290;EUR;UNIPER;MATCHED
BO904080;D2604338;29/06/2026;NG_PEG;B;01/12/2026;28/02/2027;261,800;MWH;40,0490;EUR;VITOL;MATCHED
BO904958;D2605284;17/02/2026;NG_PEG;B;01/03/2026;31/03/2026;82,400;MWH;39,0720;EUR;AXPO;MATCHED
BO903096;D2603302;09/09/2025;PWR_FR;B;01/01/2026;31/01/2026;84,000;MWH;80,1050;EUR;RWE;MATCHED
BO907357;D2607826;11/06/2025;NG_PEG;B;01/07/2026;31/07/2026;432,100;MWH;26,4210;EUR;VITOL;MATCHED
BO905955;D2606348;19/01/2026;PWR_FR;B;01/12/2026;31/12/2026;244,300;MWH;96,5420;EUR;GUNVOR;MATCHED
BO908469;d2600020;17/07/2025;PWR_FR;B;01/03/2027;31/03/2027;101,900;MWH;94,2860;EUR;ICE_EN;MATCHED
BO905893;D2606281;12/06/2025;NG_PEG;B;01/04/2027;30/04/2027;182,500;MWH;29,5950;EUR;STATKR;MATCHED
BO901163;D2601239;28/07/2025;PWR_FR;S;01/10/2026;31/10/2026;129,700;MWH;88,4360;EUR;STATKR;MATCHED
BO902475;D2602629;15/05/2026;PWR_FR;S;01/04/2026;30/04/2026;488,100;MWH;75,9270;EUR;RWE;MATCHED
BO902665;D2602832;23/06/2026;PWR_FR;S;01/08/2027;31/08/2027;198,700;MWH;65,4390;EUR;VITOL;MATCHED
BO901658;D2601765;01/08/2025;NG_PEG;B;01/10/2027;31/12/2027;111,500;MWH;24,8280;EUR;MERCUR;CXL
BO905514;D2605881;20/06/2025;NG_PEG;S;01/04/2026;30/04/2026;124,700;MWH;33,1390;EUR;MERCUR;MATCHED
BO990016;D9500016;22/09/2025;PWR_FR;B;01/09/2027;30/11/2027;165,200;MWH;69,5630;EUR;MERCUR;MATCHED
BO906003;D2606397;06/04/2026;NG_PEG;S;01/11/2027;30/11/2027;55,700;MWH;34,2700;EUR;AXPO;MATCHED
BO907571;D2608051;30/03/2026;NG_PEG;S;01/06/2026;30/06/2026;70,200;MWH;23,8830;EUR;TOTALE;MATCHED
BO906982;D2607428;07/04/2026;PWR_FR;S;01/04/2026;30/04/2026;76,600;MWH;81,6490;EUR;EDF_TR;MATCHED
BO901215;D2601291;08/07/2025;PWR_FR;S;01/02/2027;28/02/2027;236,300;MWH;95,8690;EUR;GUNVOR;MATCHED
BO908575;D2605475;03/11/2025;PWR_FR;S;01/03/2027;31/03/2027;531,500;MWH;85,7270;EUR;GUNVOR;MATCHED
BO905328;D2605681;22/10/2025;NG_PEG;B;01/10/2026;31/10/2026;253,100;MWH;33,8170;EUR;EDF_TR;MATCHED
BO904677;D2604980;21/11/2025;PWR_FR;S;01/05/2027;31/05/2027;617,700;MWH;74,7280;EUR;STATKR;MATCHED
BO901389;D2601478;20/03/2026;PWR_FR;B;01/05/2026;31/05/2026;292,900;MWH;68,5950;EUR;EEX_CL;MATCHED
BO900596;D2600635;15/10/2025;NG_PEG;B;01/02/2026;28/02/2026;763,800;MWH;40,8110;EUR;TOTALE;MATCHED
BO904333;D2604605;02/04/2026;PWR_FR;B;01/01/2027;31/01/2027;153,600;MWH;113,4900;EUR;STATKR;MATCHED
BO905049;D2605378;17/02/2026;PWR_FR;S;01/10/2027;31/10/2027;1156,000;MWH;72,8390;EUR;ICE_EN;MATCHED
BO902789;D2602973;23/06/2026;NG_PEG;B;01/08/2027;31/08/2027;123,000;MWH;24,7770;EUR;ICE_EN;MATCHED
BO907988;D2608505;20/08/2025;PWR_FR;B;01/04/2026;30/06/2026;87,200;MWH;73,9900;EUR;GUNVOR;MATCHED
BO907125;D2607581;14/11/2025;PWR_FR;B;01/10/2027;31/10/2027;796,700;MWH;81,3280;EUR;STATKR;MATCHED
BO902925;D2603120;30/06/2026;PWR_FR;S;01/01/2027;31/01/2027;87,500;MWH;109,7980;EUR;EEX_CL;MATCHED
BO903997;D2604248;13/04/2026;PWR_FR;S;01/08/2026;31/08/2026;439,700;MWH;69,8620;EUR;EEX_CL;MATCHED
BO905168;D2605504;16/07/2025;NG_PEG;B;01/04/2027;30/04/2027;232,800;MWH;31,0270;EUR;VITOL;MATCHED
BO902879;D2603070;29/05/2026;PWR_FR;B;01/09/2026;30/09/2026;318,300;MWH;76,7590;EUR;EEX_CL;MATCHED
BO990050;D9500050;02/10/2025;PWR_FR;B;01/03/2026;31/03/2026;479,800;MWH;59,5070;EUR;UNIPER;MATCHED
BO905325;D2605678;11/05/2026;PWR_FR;B;01/05/2027;31/05/2027;147,700;MWH;64,9870;EUR;EEX_CL;MATCHED
BO900410;D2600434;09/06/2026;NG_PEG;B;01/11/2026;30/11/2026;275,200;MWH;40,1920;EUR;VITOL;MATCHED
BO903395;D2603613;07/05/2026;PWR_FR;B;01/05/2027;31/07/2027;76,000;MWH;79,1420;EUR;GUNVOR;CXL
BO908406;D2608945;23/12/2025;NG_PEG;S;01/07/2026;31/07/2026;216,500;MWH;18,8110;EUR;ICE_EN;MATCHED
BO907421;D2607894;19/11/2025;PWR_FR;S;01/11/2027;31/01/2028;3114,600;MWH;66,2779;EUR;SHELL_;MATCHED
BO907344;D2607813;05/01/2026;PWR_FR;B;01/08/2026;31/07/2027;209,100;MWH;56,7940;EUR;UNIPER;MATCHED
BO908262;D2608794;11/06/2026;NG_PEG;S;01/10/2026;31/10/2026;46,000;MWH;31,2600;EUR;GUNVOR;MATCHED
BO907758;D2608250;11/08/2025;NG_PEG;B;01/10/2027;31/12/2027;1316,600;MWH;32,4160;EUR;EEX_CL;MATCHED
BO901212;D2601288;19/11/2025;NG_PEG;B;01/05/2026;31/05/2026;83,800;MWH;32,7340;EUR;TOTALE;MATCHED
BO904193;D2604457;13/05/2026;PWR_FR;B;01/03/2026;31/03/2026;158,400;MWH;106,1570;EUR;UNIPER;MATCHED
BO907806;D2608302;04/08/2025;NG_PEG;B;01/05/2026;31/05/2026;446,700;MWH;23,7520;EUR;EEX_CL;MATCHED
BO904442;D2604724;11/07/2025;PWR_FR;B;01/02/2026;28/02/2026;231,300;MWH;91,8240;EUR;TOTALE;MATCHED
BO902762;D2602941;23/09/2025;NG_PEG;B;01/04/2026;30/04/2026;796,000;MWH;27,9880;EUR;EDF_TR;MATCHED
BO906456;D2606875;13/05/2026;PWR_FR;S;01/01/2027;31/01/2027;199,800;MWH;115,0890;EUR;UNIPER;MATCHED
BO908207;D2608736;01/04/2026;NG_PEG;B;01/01/2027;31/01/2027;143,000;MWH;37,0330;EUR;TOTALE;MATCHED
BO906981;D2607427;06/06/2025;PWR_FR;S;01/01/2027;31/01/2027;36,500;MWH;109,7900;EUR;AXPO;MATCHED
BO902485;D2602640;26/05/2026;PWR_FR;S;01/12/2027;31/12/2027;88,000;MWH;102,4340;EUR;STATKR;MATCHED
BO908015;D2608534;09/02/2026;NG_PEG;B;01/05/2027;31/05/2027;436,700;MWH;27,1630;EUR;SHELL_;MATCHED
BO902248;D2602387;18/08/2025;NG_PEG;B;01/12/2027;31/12/2027;86,800;MWH;44,6860;EUR;EDF_TR;MATCHED
BO905561;D2605929;17/07/2025;NG_PEG;B;01/04/2026;30/04/2026;107,700;MWH;33,3870;EUR;EEX_CL;CXL
BO907127;D2607583;22/01/2026;NG_PEG;B;01/10/2026;31/12/2026;285,500;MWH;35,1240;EUR;RWE;MATCHED
BO908493;D2600295;25/08/2025;NG_PEG;S;01/10/2027;31/10/2027;555,100;MWH;29,4600;EUR;AXPO;MATCHED
BO904967;D2605293;28/04/2026;PWR_FR;S;01/11/2026;30/11/2026;175,500;MWH;98,3260;EUR;SHELL_;MATCHED
BO905840;D2606228;09/06/2026;PWR_FR;S;01/06/2026;30/06/2026;99,700;MWH;60,2830;EUR;UNIPER;MATCHED
BO904150;D2604412;24/09/2025;NG_PEG;S;01/03/2026;28/02/2027;218,600;MWH;31,4030;EUR;VITOL;MATCHED
BO906808;D2607246;07/01/2026;NG_PEG;S;01/02/2026;30/04/2026;37,800;MWH;41,3170;EUR;TOTALE;MATCHED
BO908035;D2608554;11/06/2025;PWR_FR;B;01/05/2026;30/04/2027;227,200;MWH;70,7750;EUR;EEX_CL;MATCHED
BO904156;D2604418;16/02/2026;NG_PEG;B;01/02/2027;28/02/2027;85,600;MWH;38,3250;EUR;EEX_CL;MATCHED
BO906263;D2606673;02/10/2025;PWR_FR;B;01/07/2027;31/07/2027;87,400;MWH;66,6100;EUR;AXPO;MATCHED
BO907279;d2607743;25/06/2026;PWR_FR;B;01/02/2027;31/01/2028;59,600;MWH;91,8530;EUR;GUNVOR;MATCHED
BO903986;D2604237;02/02/2026;NG_PEG;B;01/09/2026;30/11/2026;107,800;MWH;29,3690;EUR;TOTALE;MATCHED
BO904516;D2604805;03/07/2026;NG_PEG;B;01/05/2027;31/07/2027;191,300;MWH;25,6850;EUR;GUNVOR;MATCHED
BO907447;D2607920;09/09/2025;PWR_FR;S;01/09/2026;30/09/2026;163,800;MWH;66,4810;EUR;VITOL;MATCHED
BO904380; D2604657;22/09/2025;PWR_FR;B;01/06/2026;31/05/2027;170,700;MWH;63,0150;EUR;VITOL;MATCHED
BO907029;D2607478;19/08/2025;NG_PEG;B;01/03/2026;28/02/2027;365,000;MWH;33,1520;EUR;EDF_TR;MATCHED
BO900546;D2600582;28/01/2026;NG_PEG;S;01/07/2027;31/07/2027;33,400;MWH;25,4450;EUR;RWE;MATCHED
BO908632;D2600923;01/06/2026;NG_PEG;S;01/06/2026;31/05/2027;95,500;MWH;19,3890;EUR;STATKR;MATCHED
BO905459;D2605822;25/07/2025;NG_PEG;B;01/05/2027;31/05/2027;817,400;MWH;22,5090;EUR;ICE_EN;MATCHED
BO908808;D2608600;17/10/2025;PWR_FR;S;01/07/2026;31/07/2026;164,500;MWH;61,3950;EUR;RWE;MATCHED
BO900645;D02600685;15/09/2025;PWR_FR;B;01/07/2027;31/07/2027;891,200;MWH;50,3790;EUR;MERCUR;MATCHED
BO903328;D2603546;05/12/2025;PWR_FR;S;01/07/2026;31/07/2026;165,700;MWH;69,5190;EUR;STATKR;MATCHED
BO905998;D2606392;03/06/2026;PWR_FR;B;01/08/2026;31/07/2027;156,000;MWH;66,5990;EUR;MERCUR;MATCHED
BO902349;D2602496;19/12/2025;PWR_FR;B;01/01/2027;31/03/2027;1466,100;MWH;97,2060;EUR;SHELL_;MATCHED
BO901977;D2602105;19/06/2026;NG_PEG;S;01/12/2026;28/02/2027;459,200;MWH;34,0410;EUR;EDF_TR;MATCHED
BO903145;D2603353;15/04/2026;PWR_FR;B;01/08/2027;31/08/2027;228,800;MWH;64,5740;EUR;MERCUR;MATCHED
BO902752;D2602931;13/02/2026;PWR_FR;B;01/08/2027;31/08/2027;41,800;MWH;63,4160;EUR;EEX_CL;MATCHED
BO903012;D2603214;24/07/2026;NG_PEG;S;01/11/2027;30/11/2027;176,600;MWH;35,1360;EUR;EDF_TR;MATCHED
BO900624;D2600664;15/07/2026;PWR_FR;B;01/03/2026;31/03/2026;209,000;MWH;89,9650;EUR;EDF_TR;MATCHED
BO900104;D2600109;11/09/2025;NG_PEG;S;01/01/2027;31/03/2027;213,300;MWH;41,4160;EUR;STATKR;MATCHED
BO902117;d2602251;03/06/2025;NG_PEG;B;01/04/2026;30/04/2026;441,000;MWH;29,8260;EUR;TOTALE;MATCHED
BO906816;D2607254;16/09/2025;PWR_FR;B;01/05/2026;31/05/2026;1038,800;MWH;64,2800;EUR;RWE;MATCHED
BO908013;D2608532;06/04/2026;NG_PEG;B;01/10/2027;31/10/2027;112,400;MWH;26,3160;EUR;AXPO;CXL
BO905349;D2605702;07/07/2026;NG_PEG;S;01/04/2026;31/03/2027;77,200;MWH;37,5210;EUR;STATKR;MATCHED
BO907621;D2608107;01/09/2025;NG_PEG;B;01/01/2026;31/01/2026;116,400;MWH;35,7100;EUR;AXPO;MATCHED
BO902537;D2602698;25/06/2026;PWR_FR;B;01/01/2027;31/01/2027;46,500;MWH;101,4760;EUR;GUNVOR;MATCHED
BO902641;D2602807;16/12/2025;PWR_FR;B;01/04/2026;30/04/2026;17,600;MWH;72,6170;EUR;AXPO;MATCHED
BO907418;D2607891;22/01/2026;PWR_FR;S;01/06/2027;30/06/2027;84,600;MWH;68,1350;EUR;MERCUR;MATCHED
BO903536;D2603757;01/09/2025;PWR_FR;B;01/01/2027;31/01/2027;123,300;MWH;99,5700;EUR;TOTALE;MATCHED
BO904065;D2604322;27/05/2026;NG_PEG;B;01/03/2027;31/05/2027;100,900;MWH;29,1760;EUR;EDF_TR;MATCHED
BO907070;D2607521;12/06/2026;PWR_FR;S;01/10/2027;31/12/2027;252,100;MWH;73,6160;EUR;EDF_TR;MATCHED
BO904750;D2605062;24/12/2025;PWR_FR;S;01/03/2026;31/03/2026;115,600;MWH;93,3900;EUR;RWE;MATCHED
BO906799;D2607234;02/06/2025;NG_PEG;B;01/08/2026;31/10/2026;202,500;MWH;27,1780;EUR;GUNVOR;MATCHED
BO905890;D2606278;17/10/2025;PWR_FR;B;01/03/2026;31/03/2026;1971,400;MWH;97,8580;EUR;EDF_TR;MATCHED
BO906248;D2606657;01/07/2026;PWR_FR;B;01/02/2026;31/01/2027;81,200;MWH;86,0890;EUR;MERCUR;MATCHED
BO901640;D2601746;19/03/2026;PWR_FR;B;01/04/2027;30/04/2027;60,200;MWH;77,1270;EUR;STATKR;MATCHED
BO903633;D2603862;13/08/2025;NG_PEG;B;01/09/2027;30/09/2027;298,300;MWH;31,4230;EUR;TOTALE;MATCHED
BO901724;D2601833;10/02/2026;NG_PEG;B;01/01/2026;31/03/2026;330,800;MWH;40,2550;EUR;EEX_CL;CXL
BO903840;D2604082;16/12/2025;PWR_FR;S;01/09/2027;30/09/2027;123,800;MWH;59,1940;EUR;MERCUR;MATCHED
BO907283;D2607748;26/06/2025;NG_PEG;B;01/06/2027;31/08/2027;218,500;MWH;28,4670;EUR;STATKR;MATCHED
BO906100;D2606499;31/03/2026;PWR_FR;B;01/04/2026;30/04/2026;785,800;MWH;70,4160;EUR;GUNVOR;MATCHED
BO902274;D2602416;03/11/2025;NG_PEG;B;01/07/2026;31/07/2026;78,700;MWH;28,3260;EUR;GUNVOR;MATCHED
BO907817;D2608313;19/09/2025;NG_PEG;B;01/09/2027;30/09/2027;306,800;MWH;25,3500;EUR;GUNVOR;MATCHED
BO904220;D2604486;03/06/2025;PWR_FR;B;01/08/2026;31/08/2026;500,800;MWH;70,9130;EUR;RWE;MATCHED
BO902216;D2602354;13/01/2026;NG_PEG;S;01/07/2026;31/07/2026;671,100;MWH;25,4170;EUR;UNIPER;MATCHED
BO905749; D2606130;01/07/2026;NG_PEG;S;01/01/2026;31/03/2026;74,800;MWH;34,1860;EUR;ICE_EN;MATCHED
BO903318;D2603536;10/03/2026;NG_PEG;S;01/03/2027;31/03/2027;75,200;MWH;34,5480;EUR;AXPO;MATCHED
BO908442;D2608982;03/11/2025;NG_PEG;B;01/10/2027;31/12/2027;48,900;MWH;22,3970;EUR;SHELL_;MATCHED
BO900380;D2600403;26/06/2026;PWR_FR;B;01/11/2027;30/11/2027;214,900;MWH;74,6050;EUR;ICE_EN;MATCHED
BO906962;D2607405;22/12/2025;PWR_FR;S;01/04/2027;30/04/2027;70,200;MWH;73,7760;EUR;RWE;MATCHED
BO907043;D2607492;04/09/2025;PWR_FR;B;01/03/2026;31/05/2026;175,400;MWH;87,2520;EUR;TOTALE;MATCHED
BO904264;D2604533;28/08/2025;PWR_FR;S;01/03/2026;31/03/2026;99,900;MWH;89,1940;EUR;MERCUR;MATCHED
BO900091;D2600096;01/12/2025;PWR_FR;S;01/11/2027;30/11/2027;425,800;MWH;95,5360;EUR;RWE;MATCHED
BO900568;D2600605;09/04/2026;PWR_FR;B;01/11/2026;30/11/2026;375,200;MWH;97,9230;EUR;STATKR;MATCHED
BO908552;D2607987;15/12/2025;NG_PEG;S;01/09/2027;30/09/2027;367,200;MWH;26,3740;EUR;MERCUR;MATCHED
BO902721;d2602893;12/02/2026;NG_PEG;B;01/07/2027;31/07/2027;106,900;MWH;23,1280;EUR;TOTALE;MATCHED
BO905353;D2605707;25/11/2025;NG_PEG;B;01/03/2027;29/02/2028;154,800;MWH;34,6409;EUR;MERCUR;MATCHED
BO900180;D2600191;01/08/2025;PWR_FR;B;01/04/2026;30/04/2026;69,400;MWH;70,7110;EUR;STATKR;MATCHED
BO900178;D2600189;07/10/2025;NG_PEG;B;01/11/2026;30/11/2026;320,800;MWH;29,0380;EUR;MERCUR;MATCHED
BO907323;D2607791;12/01/2026;PWR_FR;B;01/12/2026;28/02/2027;204,300;MWH;93,2150;EUR;SHELL_;MATCHED
BO904266;D2604535;04/08/2025;PWR_FR;S;01/04/2027;30/04/2027;206,800;MWH;81,2650;EUR;RWE;MATCHED
BO903362; D2603580;11/07/2025;PWR_FR;S;01/03/2027;31/05/2027;115,900;MWH;77,4450;EUR;UNIPER;MATCHED
BO904248;D2604516;23/10/2025;PWR_FR;S;01/04/2026;30/04/2026;230,800;MWH;81,8080;EUR;VITOL;MATCHED
BO908789;D02604992;02/03/2026;PWR_FR;B;01/09/2026;30/11/2026;74,700;MWH;60,1250;EUR;MERCUR;MATCHED
BO901839;D2601956;03/11/2025;NG_PEG;B;01/01/2026;31/12/2026;1087,200;MWH;38,6400;EUR;EEX_CL;MATCHED
BO901807;D2601922;13/10/2025;NG_PEG;S;01/08/2027;31/08/2027;688500,000;KWH;25,0470;EUR;EDF_TR;CXL
BO908917;D2604803;08/08/2025;PWR_FR;B;01/01/2027;31/01/2027;337,400;MWH;93,2440;EUR;GUNVOR;MATCHED
BO903790;D2604030;10/04/2026;NG_PEG;B;01/01/2027;31/03/2027;220,500;MWH;42,8110;EUR;ICE_EN;MATCHED
BO900534;D2600569;10/03/2026;NG_PEG;B;01/03/2026;31/03/2026;290,600;MWH;37,0210;EUR;EDF_TR;MATCHED
BO901042;D2601107;19/03/2026;PWR_FR;S;01/07/2026;31/07/2026;90,900;MWH;70,6160;EUR;SHELL_;MATCHED
BO907296;D2607763;21/11/2025;NG_PEG;S;01/05/2027;30/04/2028;111,500;MWH;24,3170;EUR;STATKR;MATCHED
BO908933;D2603197;27/05/2026;PWR_FR;S;01/09/2027;30/09/2027;503,700;MWH;61,6560;EUR;TOTALE;MATCHED
BO907746;D2608236;19/03/2026;PWR_FR;S;01/05/2027;31/07/2027;123,500;MWH;57,8630;EUR;GUNVOR;MATCHED
BO906468;D2606888;27/02/2026;NG_PEG;S;01/02/2026;28/02/2026;179,100;MWH;39,0460;EUR;GUNVOR;MATCHED
BO902043;D2602174;16/06/2026;NG_PEG;B;01/08/2026;31/08/2026;129,500;MWH;25,7350;EUR;AXPO;MATCHED
BO904529;D2604818;10/11/2025;PWR_FR;B;01/02/2026;28/02/2026;67,800;MWH;102,3110;EUR;UNIPER;MATCHED
BO901867;D2601989;31/10/2025;PWR_FR;B;01/01/2027;31/01/2027;150,400;MWH;101,1600;EUR;UNIPER;MATCHED
BO903521;D2603742;05/08/2025;PWR_FR;B;01/05/2027;31/07/2027;44,700;MWH;69,7450;EUR;ICE_EN;MATCHED
BO903798;D2604038;23/12/2025;NG_PEG;B;01/10/2027;31/10/2027;369,700;MWH;27,9030;EUR;MERCUR;MATCHED
BO901000;D2601059;07/08/2025;PWR_FR;B;01/04/2027;30/04/2027;239,600;MWH;91,6340;EUR;RWE;MATCHED
BO903756;D2603991;17/10/2025;PWR_FR;B;01/01/2027;31/12/2027;97,100;MWH;102,5410;EUR;STATKR;MATCHED
BO901680;D2601787;24/02/2026;PWR_FR;S;01/07/2027;31/07/2027;442,100;MWH;57,3480;EUR;UNIPER;MATCHED
BO901698;D2601806;27/02/2026;NG_PEG;S;01/02/2026;28/02/2026;116,500;MWH;36,7960;EUR;EEX_CL;MATCHED
BO903207;D2603420;26/06/2025;NG_PEG;S;01/03/2026;31/03/2026;84,700;MWH;33,0230;EUR;TOTALE;MATCHED
BO907675;D2608162;25/03/2026;NG_PEG;B;01/11/2027;30/11/2027;969,700;MWH;30,7260;EUR;SHELL_;MATCHED
BO903141;D2603349;07/07/2025;NG_PEG;S;01/10/2027;30/09/2028;106,500;MWH;31,8040;EUR;RWE;MATCHED
BO903034;D2603237;24/12/2025;PWR_FR;S;01/08/2027;31/08/2027;315,800;MWH;63,0000;EUR;ICE_EN;MATCHED
BO901989;D2602117;23/02/2026;PWR_FR;S;01/10/2026;31/10/2026;59,000;MWH;82,9840;EUR;TOTALE;MATCHED
BO904041;D2604298;18/06/2026;NG_PEG;S;01/04/2026;30/04/2026;1254,400;MWH;32,1590;EUR;EEX_CL;MATCHED
BO908324;D2608860;30/06/2025;PWR_FR;B;01/02/2027;28/02/2027;1025,200;MWH;95,5520;EUR;RWE;MATCHED
BO902727;D2602900;14/11/2025;NG_PEG;B;01/02/2027;28/02/2027;161,700;MWH;35,3290;EUR;EEX_CL;MATCHED
BO906718;D2607150;07/01/2026;NG_PEG;B;01/05/2027;31/07/2027;177,500;MWH;23,7900;EUR;TOTALE;MATCHED
BO902053;D2602184;11/06/2025;PWR_FR;B;01/06/2027;30/06/2027;369,400;MWH;58,4160;EUR;AXPO;MATCHED
BO908778;D2600905;03/06/2025;NG_PEG;B;01/10/2027;31/12/2027;140,000;MWH;33,4390;EUR;RWE;MATCHED
BO906956;D2607399;21/10/2025;NG_PEG;B;01/09/2027;30/09/2027;230,500;MWH;30,8590;EUR;MERCUR;MATCHED
BO908482;D2604792;20/04/2026;PWR_FR;B;01/04/2027;30/04/2027;230,500;MWH;70,8380;EUR;STATKR;MATCHED
BO903204;D2603417;23/07/2025;PWR_FR;B;01/09/2026;30/11/2026;100,200;MWH;65,6250;EUR;STATKR;MATCHED
BO904162;D2604424;26/06/2026;PWR_FR;B;01/01/2026;31/12/2026;217,600;MWH;116,1430;EUR;AXPO;MATCHED
BO900903;D2600954;05/11/2025;PWR_FR;S;01/04/2027;30/04/2027;185,000;MWH;80,6800;EUR;MERCUR;MATCHED
BO990082;D9500082;05/05/2026;PWR_FR;B;01/09/2026;30/09/2026;134,900;MWH;50,2660;EUR;RWE;MATCHED
BO902064;D2602197;13/06/2025;PWR_FR;S;01/06/2027;30/06/2027;280,900;MWH;62,1670;EUR;STATKR;MATCHED
BO903556;D2603778;30/06/2025;PWR_FR;S;01/04/2026;30/04/2026;416,100;MWH;80,1620;EUR;EEX_CL;MATCHED
BO908050;D2608570;22/05/2026;NG_PEG;B;01/01/2026;31/03/2026;187,100;MWH;30,0090;EUR;TOTALE;MATCHED
BO907747;D2608237;08/04/2026;PWR_FR;B;01/11/2026;30/11/2026;106,400;MWH;81,2750;EUR;EDF_TR;MATCHED
BO908918;D2602415;20/10/2025;PWR_FR;S;01/07/2027;31/07/2027;257,700;MWH;73,9470;EUR;RWE;MATCHED
BO900148;D2600158;19/03/2026;PWR_FR;B;01/10/2027;31/10/2027;503,400;MWH;72,6620;EUR;EEX_CL;MATCHED
BO908111;D2608634;26/01/2026;PWR_FR;B;01/04/2027;30/04/2027;68,500;MWH;70,9600;EUR;EEX_CL;MATCHED
BO906873;D2607313;01/08/2025;PWR_FR;B;01/07/2027;31/07/2027;373,400;MWH;59,1300;EUR;ICE_EN;MATCHED
BO904900;D2605222;02/07/2026;PWR_FR;S;01/09/2026;30/11/2026;352,600;MWH;67,7090;EUR;UNIPER;MATCHED
BO908094;D2608617;02/07/2025;NG_PEG;B;01/12/2026;31/12/2026;514,800;MWH;41,4730;EUR;EEX_CL;MATCHED
BO901992;D2602121;23/06/2025;PWR_FR;B;01/02/2027;28/02/2027;34,700;MWH;98,7570;EUR;EEX_CL;MATCHED
BO908822;D2600591;29/12/2025;NG_PEG;B;01/07/2027;31/07/2027;141,000;MWH;21,0530;EUR;ICE_EN;MATCHED
BO900071;D2600076;14/11/2025;NG_PEG;S;01/06/2026;30/06/2026;112,100;MWH;26,0710;EUR;EEX_CL;MATCHED
BO905190;D2605530;24/04/2026;NG_PEG;S;01/08/2027;31/08/2027;79,000;MWH;31,5220;EUR;EEX_CL;MATCHED
BO902809;D2602995;01/01/2026;NG_PEG;S;01/10/2026;31/10/2026;194,800;MWH;32,8740;EUR;RWE;CXL
BO908849;D2600263;17/12/2025;NG_PEG;S;01/01/2026;31/01/2026;404,200;MWH;34,0800;EUR;EEX_CL;MATCHED
BO990072;D9500072;23/12/2025;PWR_FR;B;01/05/2026;31/05/2026;226,500;MWH;66,0980;EUR;UNIPER;MATCHED
BO906853;D2607292;25/06/2025;NG_PEG;B;01/09/2026;30/09/2026;18,500;MWH;25,0920;EUR;RWE;MATCHED
BO903059;D2603263;19/06/2026;PWR_FR;B;01/03/2027;31/03/2027;118,200;MWH;82,7940;EUR;STATKR;MATCHED
BO901078;D2601148;27/01/2026;PWR_FR;S;01/12/2027;31/12/2027;827700,000;KWH;86,9840;EUR;TOTALE;MATCHED
BO900203;D2600216;04/06/2026;PWR_FR;B;01/11/2027;30/11/2027;1256,200;MWH;85,8440;EUR;SHELL_;MATCHED
BO900344;D2600364;02/06/2026;PWR_FR;S;01/06/2027;30/06/2027;522,900;MWH;65,7950;EUR;EEX_CL;MATCHED
BO904817;D2605134;24/07/2025;NG_PEG;B;01/11/2027;31/10/2028;60,800;MWH;41,2040;EUR;EEX_CL;MATCHED
BO902486;D2602641;07/01/2026;NG_PEG;S;01/11/2027;30/11/2027;54,500;MWH;39,3840;EUR;EEX_CL;MATCHED
BO906254;D2606664;12/12/2025;NG_PEG;B;01/02/2027;28/02/2027;94,900;MWH;35,2100;EUR;EEX_CL;MATCHED
BO906424;D2606843;21/04/2026;NG_PEG;B;01/10/2026;30/09/2027;282,000;MWH;39,2050;EUR;RWE;MATCHED
BO900981;D2601037;27/02/2026;PWR_FR;S;01/09/2027;30/11/2027;826,600;MWH;73,4890;EUR;STATKR;MATCHED
BO905921;D2606309;10/02/2026;NG_PEG;S;01/03/2026;31/03/2026;52,900;MWH;32,2530;EUR;EEX_CL;MATCHED
BO906834;D2607273;25/11/2025;NG_PEG;S;01/02/2026;28/02/2026;150,400;MWH;34,8140;EUR;TOTALE;MATCHED
BO907500;D2607973;09/01/2026;PWR_FR;B;01/06/2026;30/06/2026;502,400;MWH;57,5890;EUR;RWE;MATCHED
BO905161;D2605496;01/10/2025;PWR_FR;B;01/03/2027;31/03/2027;1285,900;MWH;87,2400;EUR;GUNVOR;MATCHED
BO902691;D2602863;21/10/2025;NG_PEG;B;01/05/2027;31/07/2027;175,100;MWH;29,7770;EUR;MERCUR;MATCHED
BO903015;D2603217;12/08/2025;PWR_FR;B;01/12/2027;31/12/2027;379,600;MWH;93,4370;EUR;EDF_TR;MATCHED
BO902837;D2603024;16/02/2026;NG_PEG;B;01/11/2027;30/11/2027;109,600;MWH;36,3130;EUR;EEX_CL;MATCHED
BO907648;D2608135;02/07/2026;NG_PEG;B;01/09/2027;30/09/2027;97,400;MWH;25,8670;EUR;RWE;MATCHED
BO900970;D2601025;06/05/2026;NG_PEG;S;01/12/2026;31/12/2026;637,000;MWH;31,6300;EUR;EDF_TR;MATCHED
BO902683;D2602854;19/11/2025;PWR_FR;B;01/03/2026;31/05/2026;304,100;MWH;95,4700;EUR;MERCUR;MATCHED
BO906760;D2607193;10/11/2025;PWR_FR;B;01/05/2027;31/05/2027;318,000;MWH;74,7110;EUR;AXPO;MATCHED
BO905689;D2606068;23/02/2026;NG_PEG;B;01/01/2027;31/01/2027;62,200;MWH;39,8240;EUR;GUNVOR;MATCHED
BO905028;D2605356;30/03/2026;NG_PEG;B;01/01/2026;31/01/2026;405,400;MWH;33,0030;EUR;AXPO;MATCHED
BO905447;D2605810;12/12/2025;PWR_FR;S;01/11/2026;31/01/2027;226,300;MWH;92,3270;EUR;MERCUR;MATCHED
BO900248;D2600262;28/05/2026;NG_PEG;S;01/06/2027;30/06/2027;130,900;MWH;26,0330;EUR;VITOL;MATCHED
BO907527;D2608002;23/06/2025;NG_PEG;S;01/01/2027;31/01/2027;258,100;MWH;50,2660;EUR;ICE_EN;MATCHED
BO903570;D2603794;27/04/2026;PWR_FR;B;01/06/2026;30/06/2026;105,100;MWH;66,9470;EUR;EEX_CL;MATCHED
BO908664;D2601881;15/10/2025;NG_PEG;S;01/05/2026;31/05/2026;177,700;MWH;27,5940;EUR;EDF_TR;MATCHED
BO903440;D2603658;22/07/2025;NG_PEG;B;01/06/2027;30/06/2027;229,700;MWH;27,6270;EUR;AXPO;MATCHED
BO901312;D2601393;02/09/2025;PWR_FR;B;01/04/2026;30/06/2026;103,500;MWH;86,6310;EUR;MERCUR;MATCHED
BO900025;D2600028;09/04/2026;PWR_FR;B;01/08/2027;31/08/2027;249,200;MWH;70,1650;EUR;EDF_TR;MATCHED
BO905638;D2606015;01/07/2025;PWR_FR;S;01/09/2026;30/11/2026;633,200;MWH;63,9690;EUR;ICE_EN;MATCHED
BO900115;D2600123;08/10/2025;NG_PEG;B;01/04/2026;30/04/2026;999,600;MWH;33,3630;EUR;MERCUR;MATCHED
BO903461;D2603679;24/11/2025;PWR_FR;B;01/12/2026;28/02/2027;76,900;MWH;103,7130;EUR;EEX_CL;MATCHED
BO908889;D2600902;15/04/2026;PWR_FR;S;01/02/2027;28/02/2027;203,500;MWH;84,7600;EUR;EEX_CL;MATCHED
BO901751;D2601860;23/12/2025;PWR_FR;B;01/05/2026;31/05/2026;226,500;MWH;66,0980;EUR;UNIPER;MATCHED
BO907926;D2608439;26/05/2026;PWR_FR;B;01/07/2027;31/07/2027;316,700;MWH;70,0720;EUR;VITOL;MATCHED
BO905541;D2605909;08/10/2025;PWR_FR;S;01/04/2026;30/04/2026;274,000;MWH;69,4630;EUR;AXPO;MATCHED
BO904988;D2605314;14/11/2025;NG_PEG;B;01/01/2027;31/01/2027;148,400;MWH;34,1340;EUR;ICE_EN;MATCHED
BO904158;D2604420;10/10/2025;NG_PEG;S;01/11/2027;30/11/2027;62,400;MWH;37,7570;EUR;ICE_EN;MATCHED
BO901411;D2601502;06/01/2026;PWR_FR;B;01/11/2026;30/11/2026;222,600;MWH;72,7460;EUR;TOTALE;MATCHED
BO901457;D2601549;26/11/2025;PWR_FR;B;01/12/2027;31/12/2027;195,000;MWH;86,8020;EUR;RWE;MATCHED
BO905066;D2605395;14/07/2025;PWR_FR;S;01/10/2027;31/10/2027;97,100;MWH;86,8740;EUR;SHELL_;MATCHED
BO907249;D2607712;09/06/2026;PWR_FR;B;01/11/2026;30/11/2026;527,300;MWH;86,2320;EUR;VITOL;MATCHED
BO904092;D2604350;16/07/2026;PWR_FR;B;01/11/2027;30/11/2027;475,200;MWH;85,3800;EUR;RWE;MATCHED
BO902437;D2602591;02/02/2026;PWR_FR;B;01/05/2026;31/05/2026;900,800;MWH;80,5250;EUR;ICE_EN;MATCHED
BO903062;D2603266;26/08/2025;PWR_FR;S;01/12/2027;31/12/2027;78,300;MWH;98,2470;EUR;MERCUR;MATCHED
BO902058;D2602190;25/11/2025;NG_PEG;B;01/10/2026;31/12/2026;492,100;MWH;25,3270;EUR;EEX_CL;MATCHED
BO906274;D2606685;25/07/2025;PWR_FR;B;01/03/2026;31/03/2026;101,900;MWH;86,8440;EUR;MERCUR;MATCHED
BO901836;D2601953;30/06/2026;PWR_FR;S;01/12/2026;28/02/2027;110,300;MWH;95,4820;EUR;SHELL_;MATCHED
BO906206;D2606612;17/12/2025;NG_PEG;B;01/12/2027;29/02/2028;1509,600;MWH;25,3150;EUR;VITOL;MATCHED
BO908747;D2601048;03/06/2026;PWR_FR;S;01/12/2027;31/12/2027;764,300;MWH;69,2500;EUR;UNIPER;MATCHED
BO901544;D2601643;23/06/2025;NG_PEG;B;01/10/2026;31/10/2026;60,200;MWH;28,7580;EUR;TOTALE;MATCHED
BO900642;D2600682;24/03/2026;PWR_FR;B;01/06/2026;30/06/2026;209,900;MWH;64,0330;EUR;RWE;MATCHED
BO906902;D2607343;22/08/2025;PWR_FR;B;01/02/2026;28/02/2026;847,500;MWH;82,9410;EUR;SHELL_;MATCHED
BO906222;D2606630;27/02/2026;NG_PEG;S;01/02/2026;28/02/2026;204,200;MWH;32,1580;EUR;UNIPER;MATCHED
BO902224;D2602362;29/10/2025;PWR_FR;S;01/10/2026;31/10/2026;1187,500;MWH;88,5840;EUR;MERCUR;MATCHED
BO903155;D2603364;30/01/2026;PWR_FR;B;01/10/2026;31/10/2026;645,600;MWH;62,6822;EUR;AXPO;MATCHED
BO990010;D9500010;24/12/2025;PWR_FR;S;01/01/2027;31/01/2027;266,200;MWH;91,9300;EUR;UNIPER;MATCHED
BO906672;D2607103;01/05/2026;PWR_FR;B;01/07/2026;30/09/2026;168,200;MWH;55,0210;EUR;AXPO;MATCHED
BO902066;D2602199;06/11/2025;NG_PEG;S;01/03/2027;31/05/2027;108,800;MWH;30,2930;EUR;EEX_CL;MATCHED
BO907928;D2608441;08/09/2025;PWR_FR;S;01/02/2026;28/02/2026;158,200;MWH;91,8640;EUR;EDF_TR;MATCHED
BO902827;D2603014;19/03/2026;NG_PEG;B;01/01/2027;31/01/2027;208,200;MWH;40,2960;EUR;GUNVOR;MATCHED
BO907668;D2608155;06/06/2025;PWR_FR;B;01/12/2027;31/12/2027;324,900;MWH;99,2810;EUR;EDF_TR;MATCHED
BO903025;D2603228;12/03/2026;PWR_FR;B;01/03/2027;31/03/2027;283,000;MWH;88,9900;EUR;MERCUR;MATCHED
BO901904;D2602028;23/01/2026;PWR_FR;S;01/03/2027;31/03/2027;583,700;MWH;84,7280;EUR;STATKR;MATCHED
BO990093;D9500093;14/08/2025;PWR_FR;B;01/01/2026;31/01/2026;164,100;MWH;94,3020;EUR;GUNVOR;MATCHED
BO904025;D2604279;27/03/2026;NG_PEG;B;01/12/2027;31/12/2027;95,000;MWH;41,6070;EUR;TOTALE;MATCHED
BO907858;D2608362;20/10/2025;NG_PEG;S;01/09/2026;30/09/2026;249,800;MWH;22,1120;EUR;EDF_TR;MATCHED
BO908318;D2608853;18/08/2025;PWR_FR;B;01/05/2027;31/05/2027;184,600;MWH;62,0820;EUR;SHELL_;MATCHED
BO904934;d2605259;01/01/2026;NG_PEG;B;01/09/2026;30/11/2026;568,000;MWH;22,8060;EUR;EEX_CL;MATCHED
BO905518;D2605885;22/01/2026;NG_PEG;B;01/12/2026;30/11/2027;1015,700;MWH;40,6220;EUR;AXPO;MATCHED
BO906609;D2607034;01/07/2026;PWR_FR;B;01/04/2027;30/04/2027;297,600;MWH;85,1000;EUR;TOTALE;MATCHED
BO904790;D2605105;29/12/2025;PWR_FR;B;01/06/2026;31/05/2027;96,500;MWH;48,8720;EUR;MERCUR;MATCHED
BO903047;D2603250;20/03/2026;NG_PEG;B;01/04/2027;30/04/2027;620,300;MWH;37,8800;EUR;ICE_EN;MATCHED
BO905288;D2605639;02/07/2026;PWR_FR;S;01/11/2027;30/11/2027;242,100;MWH;100,8520;EUR;UNIPER;MATCHED
BO905841;D2606229;18/09/2025;PWR_FR;S;01/03/2027;31/03/2027;225,000;MWH;79,1550;EUR;SHELL_;MATCHED
BO904046;D2604303;23/02/2026;NG_PEG;S;01/08/2027;31/08/2027;160,500;MWH;27,9150;EUR;EEX_CL;MATCHED
BO907783;D2608277;11/11/2025;PWR_FR;B;01/12/2026;28/02/2027;552,800;MWH;89,9560;EUR;SHELL_;MATCHED
BO902458;D2602612;29/05/2026;PWR_FR;S;01/02/2026;28/02/2026;838,000;MWH;86,6270;EUR;EEX_CL;MATCHED
BO903171;D2603380;08/06/2026;PWR_FR;S;01/06/2027;31/05/2028;470,700;MWH;71,1680;EUR;UNIPER;MATCHED
BO904441;D2604723;03/09/2025;PWR_FR;B;01/02/2027;28/02/2027;188,300;MWH;88,5300;EUR;RWE;MATCHED
BO902835;D2603022;06/10/2025;NG_PEG;B;01/12/2026;28/02/2027;370,000;MWH;39,6950;EUR;MERCUR;MATCHED
BO900383;D2600406;21/10/2025;PWR_FR;S;01/05/2027;31/05/2027;435200,000;KWH;75,4680;EUR;AXPO;MATCHED
BO906971;D2607416;06/04/2026;NG_PEG;B;01/08/2026;31/08/2026;462,100;MWH;30,4290;EUR;SHELL_;MATCHED
BO908646;D2606634;11/11/2025;PWR_FR;B;01/07/2026;31/07/2026;206,500;MWH;57,1900;EUR;RWE;MATCHED
BO901885;D2602009;05/05/2026;PWR_FR;S;01/09/2027;30/09/2027;133,600;MWH;61,4010;EUR;ICE_EN;MATCHED
BO906783;D2607216;15/10/2025;PWR_FR;B;01/09/2026;30/09/2026;85,000;MWH;78,0200;EUR;TOTALE;MATCHED
BO908349;D2608885;23/06/2026;PWR_FR;S;01/12/2026;28/02/2027;84,000;MWH;82,7190;EUR;ICE_EN;MATCHED
BO908872;D2604168;27/06/2025;NG_PEG;S;01/03/2026;31/03/2026;516,900;MWH;41,4990;EUR;GUNVOR;MATCHED
BO908819;D2603283;05/01/2026;PWR_FR;S;01/11/2026;30/11/2026;40,700;MWH;93,3570;EUR;SHELL_;MATCHED
BO902394;D2602547;17/06/2026;PWR_FR;B;01/09/2027;30/11/2027;136,900;MWH;71,1180;EUR;SHELL_;MATCHED
BO908661;D2604055;25/08/2025;PWR_FR;S;01/02/2027;28/02/2027;37,200;MWH;83,8510;EUR;TOTALE;MATCHED
BO906053;D2606449;29/06/2026;PWR_FR;B;01/06/2026;30/06/2026;58,000;MWH;65,2970;EUR;EEX_CL;MATCHED
BO904141;D2604403;15/09/2025;PWR_FR;S;01/07/2026;30/09/2026;305,900;MWH;65,3470;EUR;EEX_CL;MATCHED
BO902464;D2602618;25/07/2025;PWR_FR;B;01/10/2026;31/10/2026;539,600;MWH;71,8230;EUR;SHELL_;MATCHED
BO907140;D2607597;06/07/2026;PWR_FR;B;01/11/2026;31/10/2027;888,000;MWH;85,1520;EUR;GUNVOR;MATCHED
BO908120;D2608644;09/03/2026;PWR_FR;S;01/01/2026;31/01/2026;197,700;MWH;97,3440;EUR;STATKR;MATCHED
BO906561;D2606983;20/06/2025;PWR_FR;B;01/03/2026;31/03/2026;245,100;MWH;87,9060;EUR;UNIPER;MATCHED
BO907650;D2608137;08/07/2025;PWR_FR;B;01/09/2026;30/09/2026;871,600;MWH;63,0550;EUR;ICE_EN;MATCHED
BO903225;D2603438;02/10/2025;NG_PEG;B;01/09/2027;30/09/2027;112,600;MWH;33,2770;EUR;GUNVOR;MATCHED
BO905242;D2605587;25/02/2026;NG_PEG;B;01/01/2027;31/01/2027;417,400;MWH;34,3290;EUR;EDF_TR;CXL
BO903230;D2603443;07/07/2026;NG_PEG;B;01/03/2027;31/03/2027;166,100;MWH;32,3860;EUR;MERCUR;MATCHED
BO901691;D2601798;24/06/2025;PWR_FR;B;01/01/2026;31/01/2026;204,200;MWH;99,1860;EUR;MERCUR;MATCHED
BO906072;D02606468;18/12/2025;PWR_FR;B;01/03/2027;31/03/2027;192,700;MWH;96,9050;EUR;UNIPER;MATCHED
BO905314;D2605667;06/11/2025;NG_PEG;S;01/06/2026;31/05/2027;564,700;MWH;23,2510;EUR;GUNVOR;MATCHED
BO908659;D2603989;13/03/2026;PWR_FR;S;01/02/2026;28/02/2026;99,400;MWH;94,2360;EUR;ICE_EN;MATCHED
BO905215;D2605556;13/03/2026;PWR_FR;S;01/11/2027;31/10/2028;19,700;MWH;81,9980;EUR;AXPO;MATCHED
BO902516;D2602676;18/02/2026;NG_PEG;B;01/01/2026;31/01/2026;85,100;MWH;39,7210;EUR;TOTALE;MATCHED
BO904921;D2605244;28/08/2025;NG_PEG;B;01/09/2026;30/09/2026;37,500;MWH;31,4090;EUR;VITOL;MATCHED
BO902504;D2602662;14/05/2026;NG_PEG;S;01/09/2027;31/08/2028;85,800;MWH;29,5300;EUR;STATKR;MATCHED
BO902238;D2602377;18/05/2026;PWR_FR;B;01/05/2027;31/05/2027;118,800;MWH;72,2190;EUR;EEX_CL;MATCHED
BO900361;D2600382;30/06/2025;PWR_FR;B;01/05/2026;31/07/2026;656,500;MWH;78,4850;EUR;TOTALE;MATCHED
BO902231;D2602369;05/11/2025;NG_PEG;B;01/09/2026;30/09/2026;766,200;MWH;25,7140;EUR;AXPO;MATCHED
BO908776;D2605863;05/03/2026;NG_PEG;B;01/09/2026;30/09/2026;107,900;MWH;26,9330;EUR;EDF_TR;MATCHED
BO906789;D2607222;01/05/2026;NG_PEG;B;01/05/2026;31/05/2026;77,400;MWH;26,0080;EUR;SHELL_;MATCHED
BO907791;D2608287;30/01/2026;PWR_FR;B;01/09/2026;30/09/2026;433,700;MWH;66,0150;EUR;MERCUR;MATCHED
BO906895;D2607335;02/07/2026;NG_PEG;S;01/12/2026;31/12/2026;115,300;MWH;34,3520;EUR;AXPO;MATCHED
BO907700;D2608188;07/05/2026;PWR_FR;B;01/02/2027;28/02/2027;538,100;MWH;92,9720;EUR;RWE;MATCHED
BO904824;D2605141;06/10/2025;PWR_FR;S;01/02/2026;28/02/2026;165,300;MWH;89,1330;EUR;UNIPER;MATCHED
BO901313;D2601394;15/07/2026;PWR_FR;B;01/10/2027;31/10/2027;186,500;MWH;65,3100;EUR;AXPO;MATCHED
BO902839;D2603026;22/01/2026;NG_PEG;B;01/06/2026;30/06/2026;163,000;MWH;27,3020;EUR;UNIPER;MATCHED
BO903952;D2604200;29/04/2026;NG_PEG;S;01/05/2026;31/05/2026;152,700;MWH;25,3860;EUR;MERCUR;MATCHED
BO905711;D2606092;02/12/2025;PWR_FR;B;01/04/2027;30/06/2027;226,300;MWH;84,6110;EUR;EEX_CL;MATCHED
BO908214;D2608743;18/07/2025;NG_PEG;B;01/01/2027;31/01/2027;237,700;MWH;37,1010;EUR;GUNVOR;MATCHED
BO905441;D2605802;14/07/2025;PWR_FR;S;01/07/2027;31/07/2027;67,500;MWH;59,5880;EUR;GUNVOR;MATCHED
BO904752;D2605064;06/08/2025;NG_PEG;S;01/11/2027;31/01/2028;176,000;MWH;34,9660;EUR;EDF_TR;MATCHED
BO906292;D2606703;12/12/2025;NG_PEG;B;01/10/2026;31/10/2026;232,100;MWH;35,2610;EUR;STATKR;MATCHED
BO904319;D2604590;03/09/2025;PWR_FR;S;01/11/2026;30/11/2026;468,700;MWH;88,1620;EUR;ICE_EN;CXL
BO905084;D2605415;09/07/2025;NG_PEG;S;01/09/2027;30/09/2027;79,800;MWH;28,1760;EUR;UNIPER;MATCHED
BO903367;D2603585;11/07/2025;NG_PEG;S;01/08/2027;31/08/2027;246,900;MWH;25,4980;EUR;RWE;MATCHED
BO904863;D2605185;12/05/2026;NG_PEG;B;01/10/2026;31/12/2026;135,000;MWH;36,1940;EUR;VITOL;MATCHED
BO901121; D2601194;29/07/2025;PWR_FR;S;01/04/2026;30/04/2026;47,000;MWH;86,0310;EUR;TOTALE;MATCHED
BO900665;D2600706;01/01/2026;PWR_FR;B;01/04/2027;30/04/2027;292,400;MWH;75,1350;EUR;SHELL_;MATCHED
BO908028;D2608547;20/05/2026;NG_PEG;S;01/10/2027;31/10/2027;124,700;MWH;31,0100;EUR;STATKR;MATCHED
BO901120;D2601193;06/02/2026;NG_PEG;B;01/02/2026;30/04/2026;76,000;MWH;39,5260;EUR;GUNVOR;MATCHED
BO906737;D2607170;27/01/2026;NG_PEG;S;01/07/2026;31/07/2026;180,300;MWH;25,8490;EUR;ICE_EN;MATCHED
BO902470;D2602624;21/07/2025;PWR_FR;S;01/03/2027;31/03/2027;288,000;MWH;93,0400;EUR;SHELL_;MATCHED
BO900247;D2600261;05/06/2026;PWR_FR;S;01/12/2026;31/12/2026;1293,100;MWH;100,6140;EUR;RWE;MATCHED
BO906312;D2606725;09/04/2026;NG_PEG;B;01/10/2027;30/09/2028;84,000;MWH;33,3960;EUR;TOTALE;MATCHED
BO905888;D2606276;08/07/2025;PWR_FR;B;01/06/2027;30/06/2027;82,400;MWH;58,7400;EUR;EEX_CL;MATCHED
BO901019;D2601082;27/10/2025;NG_PEG;B;01/11/2026;30/11/2026;456,800;MWH;30,6630;EUR;GUNVOR;CXL
BO903376;D2603594;17/07/2026;NG_PEG;B;01/08/2027;31/10/2027;76,800;MWH;24,6050;EUR;GUNVOR;MATCHED
BO901448;D2601540;20/01/2026;NG_PEG;B;01/09/2026;30/09/2026;54,800;MWH;32,5170;EUR;TOTALE;MATCHED
BO901701;D2601809;22/07/2026;PWR_FR;B;01/11/2027;30/11/2027;165,600;MWH;87,2160;EUR;UNIPER;MATCHED
BO904836;D2605154;15/05/2026;PWR_FR;B;01/02/2026;28/02/2026;337,200;MWH;99,8980;EUR;VITOL;MATCHED
BO902507;D2602665;10/10/2025;PWR_FR;B;01/10/2026;31/10/2026;157,600;MWH;87,1130;EUR;UNIPER;MATCHED
BO905303;D2605656;15/06/2026;PWR_FR;B;01/04/2027;30/04/2027;373,500;MWH;71,8340;EUR;VITOL;MATCHED
BO907048;D2607497;23/03/2026;PWR_FR;S;01/12/2027;29/02/2028;463,500;MWH;98,4660;EUR;EDF_TR;MATCHED
BO901297;D2601376;28/08/2025;NG_PEG;B;01/11/2026;30/11/2026;254,900;MWH;39,5910;EUR;TOTALE;MATCHED
BO903198;D2603410;01/06/2026;NG_PEG;B;01/09/2026;30/09/2026;217,700;MWH;31,9440;EUR;EEX_CL;MATCHED
BO900745;D2600787;28/08/2025;PWR_FR;B;01/09/2026;30/11/2026;166,500;MWH;70,5550;EUR;UNIPER;MATCHED
BO906011;D2606405;24/03/2026;PWR_FR;S;01/07/2026;31/07/2026;71,600;MWH;56,8550;EUR;MERCUR;MATCHED
BO903990;D2604241;01/10/2025;NG_PEG;B;01/07/2027;31/07/2027;483,700;MWH;27,1490;EUR;EDF_TR;MATCHED
BO903451;D2603669;04/07/2025;PWR_FR;S;01/12/2027;31/12/2027;27,000;MWH;76,5940;EUR;AXPO;MATCHED
BO907066;D2607517;20/10/2025;PWR_FR;S;01/02/2027;28/02/2027;189,800;MWH;95,3910;EUR;RWE;CXL
BO900125;D2600133;12/09/2025;PWR_FR;S;01/11/2027;30/11/2027;353,700;MWH;93,4910;EUR;AXPO;MATCHED
BO903712;D2603944;07/07/2026;NG_PEG;B;01/01/2026;31/01/2026;190,800;MWH;45,9950;EUR;TOTALE;MATCHED
BO904926;D2605250;17/07/2026;NG_PEG;S;01/09/2027;30/11/2027;257,200;MWH;28,5720;EUR;RWE;MATCHED
BO901670;D2601777;24/02/2026;NG_PEG;B;01/08/2026;31/08/2026;43,600;MWH;26,2310;EUR;EEX_CL;MATCHED
BO907065;D2607516;05/08/2025;NG_PEG;B;01/05/2026;31/05/2026;126,900;MWH;23,7620;EUR;TOTALE;MATCHED
BO904999;D2605327;07/10/2025;PWR_FR;B;01/02/2027;28/02/2027;265,400;MWH;92,7480;EUR;ICE_EN;MATCHED
BO901996;D2602126;29/01/2026;PWR_FR;S;01/03/2027;31/03/2027;535,000;MWH;85,4930;EUR;EDF_TR;MATCHED
BO906550;D2606972;01/07/2025;NG_PEG;S;01/11/2026;31/01/2027;654,000;MWH;32,3160;EUR;VITOL;MATCHED
BO905632;D2606009;17/12/2025;NG_PEG;B;01/08/2027;31/08/2027;523,500;MWH;23,1440;EUR;AXPO;CXL
BO908740;D2607658;27/06/2025;NG_PEG;B;01/02/2027;30/04/2027;67,200;MWH;39,1790;EUR;EEX_CL;MATCHED
BO904846;D2605166;20/03/2026;PWR_FR;S;01/01/2026;31/01/2026;679600,000;KWH;98,1930;EUR;GUNVOR;MATCHED
BO900208;D2600221;28/11/2025;NG_PEG;B;01/03/2027;29/02/2028;325,300;MWH;34,1720;EUR;EDF_TR;MATCHED
BO904093;D2604351;02/02/2026;PWR_FR;B;01/03/2026;31/03/2026;126,600;MWH;85,2220;EUR;AXPO;MATCHED
BO900620;D2600660;25/12/2025;PWR_FR;B;01/02/2026;28/02/2026;1323,100;MWH;83,3050;EUR;ICE_EN;MATCHED
BO906236;D2606645;03/07/2026;PWR_FR;S;01/07/2026;31/07/2026;92,500;MWH;53,9000;EUR;SHELL_;MATCHED
BO906536;D2606958;17/04/2026;PWR_FR;S;01/01/2026;31/01/2026;1022,000;MWH;87,3070;EUR;ICE_EN;MATCHED
BO908771;D2602683;29/12/2025;PWR_FR;B;01/05/2027;31/07/2027;227,100;MWH;54,3890;EUR;TOTALE;MATCHED
BO905811;D2606197;05/08/2025;NG_PEG;B;01/12/2027;31/12/2027;524,200;MWH;35,4600;EUR;EEX_CL;MATCHED
BO900874;D2600925;28/08/2025;PWR_FR;S;01/05/2027;31/05/2027;395,900;MWH;65,7190;EUR;ICE_EN;MATCHED
BO900482;D2600513;23/06/2026;NG_PEG;B;01/08/2026;31/08/2026;626,900;MWH;22,9400;EUR;EDF_TR;MATCHED
BO906717;D2607149;05/05/2026;PWR_FR;B;01/10/2026;31/10/2026;309,300;MWH;72,7180;EUR;EEX_CL;CXL
BO905901;D2606289;31/12/2025;NG_PEG;B;01/05/2027;31/05/2027;442,100;MWH;25,3840;EUR;SHELL_;MATCHED
BO902411;D2602565;16/04/2026;PWR_FR;S;01/01/2027;31/01/2027;147,200;MWH;86,4410;EUR;EDF_TR;MATCHED
BO904500;D2604786;02/06/2026;NG_PEG;B;01/06/2027;30/06/2027;118,700;MWH;23,7100;EUR;ICE_EN;MATCHED
BO906147;D2606547;04/08/2025;PWR_FR;B;01/04/2026;31/03/2027;1285,900;MWH;77,7280;EUR;GUNVOR;MATCHED
BO908046;D2608566;07/01/2026;NG_PEG;S;01/02/2026;28/02/2026;123,200;MWH;37,4080;EUR;SHELL_;MATCHED
BO900891;D2600942;20/02/2026;NG_PEG;B;01/07/2026;31/07/2026;326,300;MWH;24,2420;EUR;ICE_EN;MATCHED
BO905929;D2606317;25/11/2025;NG_PEG;B;01/10/2027;31/10/2027;102,100;MWH;33,6010;EUR;AXPO;MATCHED
BO906140;D2606540;28/10/2025;NG_PEG;S;01/01/2027;31/01/2027;123,600;MWH;36,8470;EUR;TOTALE;MATCHED
BO906694;D2607126;22/12/2025;PWR_FR;S;01/12/2026;31/12/2026;182,800;MWH;90,8920;EUR;SHELL_;MATCHED
BO901123;D2601196;03/02/2026;NG_PEG;S;01/04/2026;30/04/2026;367,100;MWH;32,9680;EUR;GUNVOR;MATCHED
BO900429;D2600454;23/02/2026;PWR_FR;B;01/11/2027;30/11/2027;67,100;MWH;97,3460;EUR;UNIPER;MATCHED
BO904247;D2604515;28/08/2025;PWR_FR;S;01/01/2027;31/01/2027;330,900;MWH;89,7910;EUR;AXPO;MATCHED
BO907350;D2607819;17/03/2026;PWR_FR;B;01/02/2026;28/02/2026;88,400;MWH;80,1570;EUR;RWE;MATCHED
BO990094;D9500094;19/06/2026;NG_PEG;S;01/12/2026;31/12/2026;56,300;MWH;30,2260;EUR;RWE;MATCHED
BO908293;D2608827;14/11/2025;PWR_FR;S;01/12/2027;31/12/2027;62,000;MWH;93,6460;EUR;ICE_EN;MATCHED
BO908948;D2604079;30/10/2025;PWR_FR;B;01/10/2027;31/10/2027;234,500;MWH;96,8720;EUR;MERCUR;MATCHED
BO906768;D2607201;11/08/2025;PWR_FR;B;01/02/2027;28/02/2027;625,600;MWH;80,2030;EUR;ICE_EN;MATCHED
BO906360;D2606775;22/10/2025;NG_PEG;B;01/12/2026;31/12/2026;395,800;MWH;33,5190;EUR;EEX_CL;MATCHED
BO901285;D2601363;12/12/2025;PWR_FR;S;01/08/2027;31/08/2027;59,400;MWH;70,6910;EUR;VITOL;MATCHED
BO908959;D2601201;26/06/2025;NG_PEG;B;01/04/2026;30/04/2026;942,600;MWH;29,9460;EUR;VITOL;MATCHED
BO907450;D2607923;07/05/2026;PWR_FR;B;01/06/2027;30/06/2027;613,700;MWH;60,5310;EUR;TOTALE;MATCHED
BO906700;D2607132;14/08/2025;PWR_FR;S;01/09/2026;30/09/2026;163,500;MWH;69,9110;EUR;AXPO;MATCHED
BO905185;D2605524;28/04/2026;PWR_FR;B;01/04/2026;30/04/2026;343,500;MWH;100,2610;EUR;TOTALE;MATCHED
BO904653;D2604951;18/02/2026;PWR_FR;S;01/09/2026;30/09/2026;63,400;MWH;70,8140;EUR;EDF_TR;MATCHED
BO906579;D2607003;23/03/2026;NG_PEG;B;01/11/2027;30/11/2027;984,300;MWH;32,9260;EUR;UNIPER;MATCHED
BO900971;D2601026;10/04/2026;NG_PEG;S;01/09/2026;30/09/2026;201,900;MWH;26,9950;EUR;RWE;MATCHED
BO906691;D2607123;21/11/2025;NG_PEG;S;01/03/2027;31/03/2027;216,700;MWH;31,8260;EUR;SHELL_;MATCHED
BO902390;D2602543;17/07/2026;NG_PEG;B;01/01/2026;31/01/2026;124,900;MWH;44,5360;EUR;MERCUR;MATCHED
BO903637;D2603866;14/11/2025;PWR_FR;B;01/08/2026;31/08/2026;1368,900;MWH;63,1680;EUR;SHELL_;MATCHED
BO905617;D2605992;13/02/2026;NG_PEG;B;01/02/2026;30/04/2026;805,800;MWH;39,4350;EUR;EDF_TR;MATCHED
BO900417;D2600441;11/09/2025;PWR_FR;B;01/10/2026;31/12/2026;570,800;MWH;79,6090;EUR;STATKR;MATCHED
BO903999;D2604250;21/04/2026;PWR_FR;B;01/09/2026;30/09/2026;151,500;MWH;82,6440;EUR;VITOL;MATCHED
BO903576;D2603800;22/10/2025;NG_PEG;B;01/04/2027;30/06/2027;354,900;MWH;29,5440;EUR;SHELL_;MATCHED
BO904144;D2604406;05/08/2025;NG_PEG;S;01/10/2026;31/12/2026;236,300;MWH;34,1680;EUR;RWE;MATCHED
BO904649;D2604946;02/03/2026;NG_PEG;S;01/03/2027;31/03/2027;237,500;MWH;28,0740;EUR;UNIPER;MATCHED
BO905538;D2605906;16/12/2025;NG_PEG;S;01/10/2026;31/10/2026;80,400;MWH;33,3230;EUR;RWE;MATCHED
BO903042;D2603245;03/06/2026;PWR_FR;B;01/07/2026;30/09/2026;275,200;MWH;64,5010;EUR;AXPO;CXL
BO903206;D2603419;20/07/2026;PWR_FR;B;01/06/2027;31/08/2027;519,000;MWH;59,9160;EUR;UNIPER;MATCHED
BO900337;D2600357;20/10/2025;PWR_FR;S;01/03/2027;31/03/2027;180,900;MWH;87,6240;EUR;EEX_CL;MATCHED
BO903231;D2603444;07/05/2026;PWR_FR;B;01/02/2026;30/04/2026;122,500;MWH;97,4810;EUR;STATKR;MATCHED
BO901479;D2601573;15/08/2025;NG_PEG;B;01/06/2027;31/05/2028;585,500;MWH;22,2620;EUR;ICE_EN;MATCHED
BO908420;D2608960;19/02/2026;NG_PEG;B;01/08/2027;31/08/2027;306,100;MWH;21,1050;EUR;SHELL_;MATCHED
BO902052;D2602183;16/12/2025;NG_PEG;B;01/12/2027;30/11/2028;1325,600;MWH;33,8640;EUR;SHELL_;MATCHED
BO906134;D2606534;24/12/2025;PWR_FR;B;01/12/2027;31/12/2027;793,300;MWH;82,5810;EUR;RWE;MATCHED
BO901620;D2601725;20/11/2025;NG_PEG;B;01/05/2027;31/05/2027;43,600;MWH;25,9930;EUR;VITOL;MATCHED
BO901101;D2601172;17/02/2026;PWR_FR;B;01/06/2026;30/06/2026;307,800;MWH;69,4190;EUR;EEX_CL;MATCHED
BO905787;D2606172;14/05/2026;PWR_FR;B;01/12/2027;29/02/2028;346,900;MWH;72,8980;EUR;TOTALE;MATCHED
BO904330;D2604602;09/07/2026;NG_PEG;S;01/04/2027;30/04/2027;369,600;MWH;31,2130;EUR;AXPO;CXL
BO905274;D2605621;15/07/2026;NG_PEG;S;01/04/2026;30/04/2026;111,800;MWH;26,5830;EUR;ICE_EN;MATCHED
BO908979;D2608414;17/02/2026;NG_PEG;B;01/06/2027;30/06/2027;100,500;MWH;25,5160;EUR;TOTALE;MATCHED
BO907780;D2608274;18/06/2026;NG_PEG;S;01/10/2027;31/10/2027;1138,500;MWH;34,1920;EUR;STATKR;MATCHED
BO901469;D2601561;10/11/2025;PWR_FR;S;01/02/2027;28/02/2027;657,700;MWH;97,9500;EUR;SHELL_;CXL
BO908896;D2603996;12/06/2025;NG_PEG;B;01/03/2027;31/03/2027;209,300;MWH;30,5790;EUR;UNIPER;MATCHED
BO902261;D2602401;18/12/2025;PWR_FR;S;01/07/2027;30/09/2027;235,300;MWH;60,1890;EUR;UNIPER;CXL
BO900155;D2600165;02/04/2026;PWR_FR;S;01/09/2026;30/09/2026;2014,500;MWH;68,0150;EUR;UNIPER;MATCHED
BO908129;D2608653;01/12/2025;PWR_FR;S;01/06/2027;31/08/2027;530,800;MWH;56,2160;EUR;UNIPER;MATCHED
BO900940;D2600993;21/08/2025;PWR_FR;S;01/12/2027;31/12/2027;75,200;MWH;86,7120;EUR;GUNVOR;MATCHED
BO907101;D2607556;02/12/2025;PWR_FR;B;01/01/2027;31/01/2027;240400,000;KWH;90,0730;EUR;RWE;MATCHED
BO907391;D2607862;07/05/2026;NG_PEG;B;01/02/2026;31/01/2027;225,400;MWH;33,4740;EUR;ICE_EN;MATCHED
BO908861;D2601734;16/03/2026;PWR_FR;B;01/02/2027;28/02/2027;54,400;MWH;94,4250;EUR;EDF_TR;MATCHED
BO901965;D2602093;14/11/2025;NG_PEG;S;01/05/2026;31/07/2026;47,700;MWH;28,6810;EUR;STATKR;MATCHED
BO908102;D2608625;12/11/2025;PWR_FR;B;01/05/2027;31/05/2027;112,200;MWH;78,9630;EUR;TOTALE;MATCHED
BO908536;D2601982;15/10/2025;NG_PEG;B;01/02/2026;30/04/2026;1084,900;MWH;36,2830;EUR;VITOL;CXL
BO905650;D2606027;16/12/2025;PWR_FR;B;01/06/2027;30/06/2027;480,900;MWH;59,9380;EUR;STATKR;CXL
BO902637;D2602803;14/01/2026;PWR_FR;S;01/08/2026;31/10/2026;556,700;MWH;49,1480;EUR;MERCUR;MATCHED
BO904593;D2604886;16/02/2026;PWR_FR;B;01/04/2026;30/04/2026;210,100;MWH;91,0190;EUR;MERCUR;MATCHED
BO908811;D2603910;04/06/2026;PWR_FR;S;01/01/2027;31/03/2027;334,500;MWH;77,6230;EUR;MERCUR;MATCHED
BO905342;D2605695;03/11/2025;PWR_FR;B;01/06/2027;30/06/2027;981,500;MWH;59,6800;EUR;RWE;MATCHED
BO905770;D2606153;21/07/2026;PWR_FR;B;01/03/2026;31/03/2026;379,800;MWH;77,7410;EUR;VITOL;MATCHED
BO908363;D2608901;24/12/2025;PWR_FR;B;01/01/2027;31/01/2027;248,400;MWH;84,9780;EUR;UNIPER;MATCHED
BO904925;D2605249;04/02/2026;PWR_FR;B;01/07/2026;31/07/2026;85,600;MWH;53,4690;EUR;TOTALE;MATCHED
BO904002;D2604253;25/05/2026;PWR_FR;S;01/01/2026;31/01/2026;71,700;MWH;107,9630;EUR;AXPO;CXL
BO904794;D2605110;23/03/2026;PWR_FR;S;01/08/2027;31/08/2027;300,700;MWH;48,0930;EUR;AXPO;MATCHED
BO905767;D2606150;28/05/2026;PWR_FR;B;01/06/2026;31/08/2026;96,900;MWH;63,5760;EUR;MERCUR;MATCHED
BO901736;D2601845;25/11/2025;NG_PEG;B;01/12/2026;31/12/2026;216,300;MWH;40,5350;EUR;UNIPER;MATCHED
BO905566;D2605935;08/04/2026;NG_PEG;B;01/08/2027;31/08/2027;383,000;MWH;20,6500;EUR;EDF_TR;MATCHED
BO905777;D2606161;11/11/2025;NG_PEG;B;01/12/2026;28/02/2027;99,100;MWH;33,8450;EUR;VITOL;MATCHED
BO905745;D2606126;05/06/2026;NG_PEG;B;01/04/2026;30/06/2026;52,600;MWH;29,8960;EUR;RWE;MATCHED
BO905365;D2605722;11/06/2026;PWR_FR;B;01/02/2026;30/04/2026;138,400;MWH;70,2380;EUR;GUNVOR;MATCHED
BO905751;D2606132;13/03/2026;PWR_FR;B;01/07/2027;31/07/2027;34,500;MWH;77,4630;EUR;RWE;MATCHED
BO902669;D2602837;16/07/2025;PWR_FR;S;01/08/2027;31/08/2027;173,100;MWH;60,0780;EUR;STATKR;CXL
BO904349;D2604623;15/10/2025;PWR_FR;B;01/02/2027;28/02/2027;311,300;MWH;87,8650;EUR;GUNVOR;MATCHED
BO906374;D2606789;14/08/2025;NG_PEG;S;01/10/2026;31/10/2026;232,400;MWH;28,9580;EUR;RWE;MATCHED
BO907762;D2608254;31/07/2025;NG_PEG;S;01/05/2027;31/05/2027;456,300;MWH;28,9370;EUR;EDF_TR;MATCHED
BO908782;D2606595;16/10/2025;PWR_FR;S;01/04/2027;30/04/2027;447,000;MWH;76,5620;EUR;EEX_CL;MATCHED
BO904233;D2604499;25/03/2026;PWR_FR;B;01/01/2027;31/01/2027;380,500;MWH;94,7880;EUR;UNIPER;MATCHED
BO907020;D2607469;25/03/2026;PWR_FR;B;01/09/2027;30/09/2027;57,600;MWH;74,7590;EUR;SHELL_;MATCHED
BO902451;D2602605;10/11/2025;PWR_FR;S;01/12/2027;31/12/2027;1097,800;MWH;86,7150;EUR;GUNVOR;MATCHED
BO903776;D2604015;02/04/2026;PWR_FR;S;01/06/2027;30/06/2027;127,500;MWH;55,3210;EUR;GUNVOR;MATCHED
BO903557;D2603779;11/02/2026;PWR_FR;B;01/09/2027;30/11/2027;152,500;MWH;94,8820;EUR;UNIPER;MATCHED
BO906821;D2607259;14/01/2026;PWR_FR;B;01/03/2027;31/03/2027;188,400;MWH;74,0240;EUR;EDF_TR;MATCHED
BO908719;D2603340;16/02/2026;NG_PEG;B;01/04/2027;30/04/2027;85,500;MWH;31,0290;EUR;EDF_TR;MATCHED
BO906572;D2606995;20/11/2025;NG_PEG;S;01/08/2027;31/10/2027;431,800;MWH;28,9890;EUR;SHELL_;MATCHED
BO907549;D2608026;16/07/2025;PWR_FR;S;01/03/2027;31/03/2027;55,300;MWH;87,6250;EUR;TOTALE;MATCHED
BO908211;D2608740;24/07/2025;NG_PEG;B;01/01/2027;31/03/2027;205,900;MWH;37,4560;EUR;EEX_CL;MATCHED
BO907730;D2608219;29/09/2025;PWR_FR;B;01/01/2027;31/01/2027;112,500;MWH;107,8680;EUR;EEX_CL;MATCHED
BO907284;D2607749;23/12/2025;PWR_FR;B;01/08/2027;31/10/2027;466,500;MWH;70,9600;EUR;EEX_CL;MATCHED
BO904545;D2604835;18/06/2025;PWR_FR;B;01/12/2027;31/12/2027;287,500;MWH;90,0720;EUR;EDF_TR;MATCHED
BO906205;D2606611;13/10/2025;PWR_FR;S;01/04/2027;31/03/2028;282,900;MWH;92,7020;EUR;EEX_CL;MATCHED
BO904685;D2604990;25/06/2025;PWR_FR;B;01/10/2026;31/10/2026;844,800;MWH;65,9890;EUR;EDF_TR;MATCHED
BO905835;D2606223;03/07/2026;PWR_FR;S;01/08/2026;31/10/2026;24,000;MWH;66,5430;EUR;VITOL;MATCHED
BO908266;D2608798;17/10/2025;NG_PEG;B;01/07/2026;30/06/2027;64,700;MWH;23,0320;EUR;MERCUR;MATCHED
BO900420;D2600444;01/08/2025;PWR_FR;B;01/05/2026;31/05/2026;225,800;MWH;64,9640;EUR;ICE_EN;MATCHED
BO908331;D2608867;05/08/2025;PWR_FR;S;01/06/2026;30/06/2026;202,800;MWH;64,7530;EUR;SHELL_;MATCHED
BO900979;D2601035;17/09/2025;PWR_FR;B;01/09/2027;30/11/2027;382,700;MWH;55,2190;EUR;VITOL;MATCHED
BO904030;D2604284;28/01/2026;NG_PEG;B;01/06/2026;30/06/2026;169,500;MWH;28,3840;EUR;ICE_EN;MATCHED
BO907100;D2607555;02/07/2026;NG_PEG;B;01/04/2026;30/04/2026;164,400;MWH;32,5610;EUR;RWE;CXL
BO902016;D2602146;27/10/2025;NG_PEG;S;01/12/2027;31/12/2027;99,500;MWH;34,2160;EUR;TOTALE;MATCHED
BO900524;D2600559;23/12/2025;NG_PEG;S;01/08/2027;31/08/2027;494,500;MWH;28,3820;EUR;ICE_EN;MATCHED
BO907373;D2607843;18/03/2026;PWR_FR;B;01/09/2027;30/09/2027;115,300;MWH;75,1230;EUR;TOTALE;MATCHED
BO906730;D2607162;03/10/2025;NG_PEG;B;01/01/2027;31/01/2027;470,300;MWH;43,1040;EUR;EDF_TR;MATCHED
BO908721;D2603412;13/11/2025;PWR_FR;B;01/02/2027;28/02/2027;383,500;MWH;91,5810;EUR;GUNVOR;MATCHED
BO900910;D2600961;20/10/2025;PWR_FR;S;01/03/2026;31/03/2026;226,900;MWH;92,9720;EUR;UNIPER;MATCHED
BO904122;D2604382;06/08/2025;PWR_FR;B;01/04/2026;30/06/2026;343,800;MWH;77,7420;EUR;RWE;MATCHED
BO908158;D2608685;29/01/2026;PWR_FR;B;01/07/2027;30/09/2027;492,100;MWH;66,3640;EUR;VITOL;MATCHED
BO905807;D2606193;24/04/2026;NG_PEG;S;01/08/2027;31/10/2027;502,000;MWH;27,2910;EUR;SHELL_;MATCHED
BO903848;D2604090;07/08/2025;NG_PEG;B;01/05/2026;31/05/2026;528,900;MWH;30,3680;EUR;AXPO;MATCHED
BO908329;D2608865;23/04/2026;PWR_FR;B;01/12/2027;31/12/2027;42,400;MWH;80,0640;EUR;STATKR;MATCHED
BO904666;D2604967;01/01/2026;PWR_FR;B;01/12/2027;29/02/2028;215,000;MWH;84,5510;EUR;ICE_EN;MATCHED
BO903111;D2603318;28/11/2025;PWR_FR;B;01/03/2026;31/03/2026;129,500;MWH;91,4170;EUR;EDF_TR;MATCHED
BO908715;D2607294;01/06/2026;NG_PEG;B;01/05/2026;31/05/2026;51,400;MWH;26,7890;EUR;TOTALE;MATCHED
BO904652;D2604950;08/07/2026;PWR_FR;B;01/04/2026;30/04/2026;350,500;MWH;70,8750;EUR;UNIPER;MATCHED
BO900431;D2600457;05/01/2026;NG_PEG;S;01/05/2026;31/05/2026;19,400;MWH;22,8610;EUR;EEX_CL;MATCHED
BO904249;D2604517;02/10/2025;PWR_FR;B;01/05/2027;31/05/2027;276,700;MWH;83,0180;EUR;TOTALE;MATCHED
BO901006;D2601066;29/08/2025;NG_PEG;B;01/01/2027;31/01/2027;356,100;MWH;35,1550;EUR;EDF_TR;MATCHED
BO907609;D2608093;14/01/2026;PWR_FR;S;01/06/2026;30/06/2026;155,100;MWH;65,8950;EUR;UNIPER;MATCHED
BO900308;D2600327;28/01/2026;PWR_FR;B;01/11/2026;30/11/2026;99,700;MWH;93,6940;EUR;ICE_EN;MATCHED
BO905282;D2605633;22/01/2026;NG_PEG;B;01/02/2026;30/04/2026;74,800;MWH;38,6560;EUR;STATKR;MATCHED
BO907317;D2607785;23/06/2026;PWR_FR;S;01/01/2026;31/03/2026;1409,700;MWH;93,1120;EUR;TOTALE;MATCHED
BO908431;D2608971;24/04/2026;NG_PEG;S;01/02/2027;31/01/2028;44,700;MWH;35,4630;EUR;TOTALE;MATCHED
BO906551;D2606973;14/07/2025;PWR_FR;S;01/11/2026;30/11/2026;137,000;MWH;84,6030;EUR;MERCUR;MATCHED
BO906771;D2607204;09/07/2025;PWR_FR;S;01/03/2027;31/05/2027;1006,000;MWH;97,6930;EUR;GUNVOR;MATCHED
BO900068;D2600073;08/01/2026;NG_PEG;B;01/01/2027;31/01/2027;342,100;MWH;33,7090;EUR;EDF_TR;MATCHED
BO903517;D2603737;18/02/2026;PWR_FR;S;01/12/2027;31/12/2027;57,000;MWH;91,8940;EUR;ICE_EN;MATCHED
BO903841;D2604083;20/03/2026;PWR_FR;S;01/10/2026;31/10/2026;742,000;MWH;57,4280;EUR;EDF_TR;MATCHED
BO904681;D2604985;17/11/2025;PWR_FR;S;01/08/2026;31/08/2026;38,600;MWH;73,0840;EUR;EEX_CL;MATCHED
BO903070;D2603274;24/02/2026;PWR_FR;B;01/07/2026;30/09/2026;1278,500;MWH;60,3030;EUR;EEX_CL;CXL
BO903372;D2603590;29/01/2026;PWR_FR;B;01/10/2026;31/12/2026;241,500;MWH;87,1890;EUR;EDF_TR;MATCHED
BO902022;D2602152;29/06/2026;NG_PEG;B;01/04/2027;30/04/2027;152,300;MWH;39,5020;EUR;STATKR;MATCHED
BO905758;D2606139;04/03/2026;NG_PEG;B;01/05/2026;31/05/2026;170,100;MWH;26,6160;EUR;SHELL_;MATCHED
BO906747;D2607180;26/08/2025;PWR_FR;S;01/12/2027;30/11/2028;480,800;MWH;78,6780;EUR;TOTALE;MATCHED
BO906492;D2606912;22/01/2026;NG_PEG;B;01/02/2026;28/02/2026;212,200;MWH;37,5650;EUR;RWE;MATCHED
BO903162;D2603371;15/06/2026;PWR_FR;B;01/07/2027;31/07/2027;173,900;MWH;52,5750;EUR;ICE_EN;MATCHED
BO900689;D2600730;19/05/2026;NG_PEG;B;01/01/2027;31/01/2027;159,700;MWH;35,4470;EUR;EEX_CL;MATCHED
BO902788;D2602972;25/09/2025;PWR_FR;B;01/08/2026;31/10/2026;171,000;MWH;64,0670;EUR;EEX_CL;MATCHED
BO903263;D2603479;12/06/2026;NG_PEG;S;01/03/2027;31/03/2027;69,600;MWH;39,2470;EUR;EDF_TR;MATCHED
BO907390;D2607861;23/03/2026;NG_PEG;B;01/12/2026;31/12/2026;543,500;MWH;32,4130;EUR;RWE;MATCHED
BO903036;D2603239;06/02/2026;PWR_FR;B;01/01/2027;31/01/2027;636,400;MWH;89,7710;EUR;AXPO;MATCHED
BO907378;D2607849;30/09/2025;PWR_FR;B;01/03/2027;31/03/2027;330,400;MWH;99,5130;EUR;VITOL;MATCHED
BO903704;D2603936;24/07/2025;NG_PEG;B;01/11/2027;31/01/2028;137,900;MWH;31,0300;EUR;RWE;MATCHED
BO901191;D2601267;14/11/2025;NG_PEG;S;01/08/2027;31/08/2027;127,000;MWH;29,0880;EUR;MERCUR;MATCHED
BO905477;D2605842;02/04/2026;PWR_FR;B;01/04/2026;30/04/2026;607,800;MWH;73,6470;EUR;STATKR;MATCHED
BO905820;D2606206;29/10/2025;PWR_FR;S;01/10/2026;31/10/2026;99,100;MWH;82,4830;EUR;GUNVOR;MATCHED
BO903601;D2603827;12/03/2026;PWR_FR;B;01/03/2026;31/03/2026;704,700;MWH;92,8180;EUR;ICE_EN;MATCHED
BO902337;D2602482;21/10/2025;PWR_FR;S;01/10/2027;31/10/2027;395,100;MWH;78,8260;EUR;TOTALE;MATCHED
BO906440;D2606859;19/12/2025;PWR_FR;B;01/11/2027;30/11/2027;141,800;MWH;80,3960;EUR;AXPO;MATCHED
BO900666;D2600707;09/06/2025;PWR_FR;B;01/05/2026;31/05/2026;178,500;MWH;64,4890;EUR;AXPO;MATCHED
BO901290;D2601369;03/06/2026;PWR_FR;S;01/05/2026;31/05/2026;218,700;MWH;64,5790;EUR;TOTALE;MATCHED
BO903710;D2603942;05/03/2026;PWR_FR;S;01/01/2026;31/12/2026;285,100;MWH;110,6640;EUR;TOTALE;MATCHED
BO905478;D2605843;25/11/2025;PWR_FR;B;01/06/2026;30/06/2026;652,800;MWH;50,2880;EUR;VITOL;MATCHED
BO906862;D2607302;15/07/2026;PWR_FR;B;01/01/2026;31/01/2026;164,100;MWH;87,7380;EUR;EDF_TR;MATCHED
BO903506;D2603726;16/04/2026;PWR_FR;B;01/01/2026;31/03/2026;249,900;MWH;92,5670;EUR;RWE;MATCHED
BO903860;D2604103;11/08/2025;NG_PEG;B;01/10/2026;30/09/2027;403,600;MWH;34,4260;EUR;STATKR;MATCHED
BO906766;D2607199;03/06/2025;NG_PEG;B;01/03/2027;31/03/2027;49,800;MWH;41,2870;EUR;AXPO;CXL
BO904287;D2604558;28/05/2026;PWR_FR;B;01/02/2027;28/02/2027;436,700;MWH;117,0000;EUR;MERCUR;MATCHED
BO900892;D2600943;07/08/2025;NG_PEG;B;01/04/2026;30/04/2026;146,700;MWH;28,7360;EUR;AXPO;MATCHED
BO902173;D2602309;31/03/2026;PWR_FR;S;01/11/2027;30/11/2027;127,500;MWH;98,6950;EUR;ICE_EN;MATCHED
BO905059;D2605388;10/07/2026;PWR_FR;B;01/03/2027;31/03/2027;500,800;MWH;85,8890;EUR;VITOL;MATCHED
BO904533;D2604822;09/04/2026;PWR_FR;S;01/06/2026;30/06/2026;332,300;MWH;51,1820;EUR;ICE_EN;MATCHED
BO907468; D2607941;04/11/2025;PWR_FR;B;01/02/2027;28/02/2027;71,900;MWH;103,7270;EUR;UNIPER;MATCHED
BO904933;D2605257;13/04/2026;NG_PEG;S;01/06/2027;30/06/2027;41,900;MWH;24,3870;EUR;RWE;MATCHED
BO907878;D2608385;23/04/2026;PWR_FR;B;01/08/2026;31/07/2027;2666,900;MWH;67,8850;EUR;MERCUR;MATCHED
BO906367;D2606782;17/02/2026;NG_PEG;B;01/05/2027;31/05/2027;114,400;MWH;29,6040;EUR;RWE;MATCHED
BO990045;D9500045;26/11/2025;PWR_FR;S;01/08/2026;31/08/2026;49,900;MWH;59,6820;EUR;AXPO;MATCHED
BO904706;D2605014;22/04/2026;PWR_FR;B;01/04/2026;30/06/2026;147,100;MWH;77,8570;EUR;RWE;MATCHED
BO901894;D2602018;02/06/2025;NG_PEG;S;01/09/2027;30/09/2027;513,500;MWH;26,6030;EUR;MERCUR;MATCHED
BO906664;D2607093;08/01/2026;NG_PEG;B;01/05/2027;31/05/2027;690,600;MWH;28,8850;EUR;EDF_TR;MATCHED
BO907795;D2608291;22/10/2025;PWR_FR;B;01/01/2026;31/12/2026;94,200;MWH;99,3550;EUR;RWE;MATCHED
BO903995;D2604246;22/08/2025;PWR_FR;S;01/10/2027;31/12/2027;149,900;MWH;64,2430;EUR;VITOL;MATCHED
BO900699;D2600741;20/04/2026;PWR_FR;S;01/06/2026;30/06/2026;583,700;MWH;49,8770;EUR;TOTALE;MATCHED
BO904209; D2604474;17/07/2025;PWR_FR;B;01/09/2027;30/09/2027;201,900;MWH;71,2070;EUR;MERCUR;MATCHED
BO906162;D2606563;28/04/2026;PWR_FR;S;01/04/2026;30/04/2026;81,300;MWH;81,7150;EUR;TOTALE;MATCHED
BO905548;D2605916;18/06/2025;PWR_FR;B;01/11/2026;30/11/2026;362,800;MWH;82,1860;EUR;GUNVOR;MATCHED
BO903115;D2603322;14/10/2025;PWR_FR;S;01/04/2027;30/04/2027;96,200;MWH;89,8750;EUR;SHELL_;MATCHED
BO901754;D2601863;13/06/2025;PWR_FR;B;01/12/2026;28/02/2027;52,900;MWH;90,9240;EUR;VITOL;MATCHED
BO908667;D2605109;05/09/2025;NG_PEG;S;01/10/2026;31/12/2026;344,200;MWH;32,2190;EUR;GUNVOR;MATCHED
BO900753;D2600795;17/04/2026;NG_PEG;B;01/03/2027;29/02/2028;80,200;MWH;30,1100;EUR;STATKR;MATCHED
BO903594;D2603820;04/06/2026;NG_PEG;S;01/09/2027;30/09/2027;543,800;MWH;31,0460;EUR;STATKR;MATCHED
BO906288;D2606699;27/02/2026;PWR_FR;S;01/05/2026;31/07/2026;65,800;MWH;67,1750;EUR;MERCUR;MATCHED
BO903599;D2603825;03/03/2026;NG_PEG;B;01/02/2026;28/02/2026;671,200;MWH;36,1620;EUR;STATKR;MATCHED
BO902799;D2602984;08/07/2025;PWR_FR;B;01/10/2027;31/12/2027;68,000;MWH;77,4470;EUR;RWE;MATCHED
BO906856;D2607296;06/07/2026;PWR_FR;S;01/05/2027;31/07/2027;356,500;MWH;85,0920;EUR;STATKR;MATCHED
BO903270;D2603487;05/06/2026;PWR_FR;S;01/04/2027;30/04/2027;856,000;MWH;86,8360;EUR;ICE_EN;MATCHED
BO905111;D2605443;27/06/2025;PWR_FR;B;01/05/2026;31/07/2026;252,100;MWH;83,0260;EUR;ICE_EN;MATCHED
BO902571;D2602735;04/11/2025;NG_PEG;S;01/10/2026;31/12/2026;330,900;MWH;38,1080;EUR;GUNVOR;MATCHED
BO906958;D2607401;20/07/2026;NG_PEG;B;01/08/2026;31/08/2026;231,800;MWH;24,8680;EUR;TOTALE;MATCHED
BO905402;D2605761;07/07/2025;PWR_FR;S;01/01/2027;31/03/2027;166800,000;KWH;97,5190;EUR;UNIPER;MATCHED
BO906097;D2606496;11/03/2026;PWR_FR;S;01/02/2026;28/02/2026;681,300;MWH;105,2010;EUR;TOTALE;MATCHED
BO907927;D2608440;29/12/2025;PWR_FR;S;01/04/2027;30/04/2027;193,800;MWH;76,2100;EUR;SHELL_;MATCHED
BO904518;D2604807;18/02/2026;PWR_FR;B;01/11/2027;30/11/2027;244,200;MWH;79,9750;EUR;VITOL;MATCHED
BO905313;D2605666;23/07/2025;NG_PEG;B;01/12/2027;31/12/2027;1014,200;MWH;37,4790;EUR;VITOL;MATCHED
BO907924;D2608437;22/07/2026;NG_PEG;B;01/08/2026;31/10/2026;793,300;MWH;24,0790;EUR;RWE;MATCHED
BO903297;D2603514;29/12/2025;PWR_FR;B;01/04/2027;30/04/2027;102,900;MWH;73,6950;EUR;AXPO;MATCHED
BO904068;D2604326;27/06/2025;NG_PEG;B;01/09/2027;30/09/2027;119,400;MWH;26,5990;EUR;RWE;MATCHED
BO907239;D2607701;19/11/2025;PWR_FR;B;01/12/2026;31/12/2026;259,300;MWH;106,4200;EUR;MERCUR;MATCHED
BO902061;D2602193;10/04/2026;PWR_FR;S;01/10/2026;31/10/2026;363,100;MWH;76,1120;EUR;AXPO;MATCHED
BO908245;D2608776;12/02/2026;PWR_FR;S;01/05/2027;31/05/2027;93,000;MWH;74,7460;EUR;STATKR;MATCHED
BO900704;D2600746;26/03/2026;NG_PEG;S;01/07/2027;31/07/2027;1102,800;MWH;26,3980;EUR;TOTALE;MATCHED
BO900458;D2600485;30/10/2025;NG_PEG;B;01/10/2026;31/10/2026;87,400;MWH;27,4500;EUR;VITOL;MATCHED
BO908929;D2605180;09/07/2026;NG_PEG;B;01/08/2027;31/08/2027;87,800;MWH;27,8399;EUR;RWE;MATCHED
BO907670;D2608157;18/12/2025;NG_PEG;B;01/01/2027;31/01/2027;486,500;MWH;33,6190;EUR;ICE_EN;MATCHED
BO990007;D9500007;28/04/2026;NG_PEG;B;01/02/2027;30/04/2027;260,500;MWH;40,6790;EUR;SHELL_;MATCHED
BO902774;D2602955;07/05/2026;NG_PEG;S;01/04/2026;30/06/2026;209,300;MWH;33,5050;EUR;UNIPER;MATCHED
BO907808;D2608304;15/04/2026;PWR_FR;S;01/12/2026;31/12/2026;554,800;MWH;90,8490;EUR;VITOL;MATCHED
BO905385;D2605743;10/06/2025;NG_PEG;B;01/09/2027;30/09/2027;664,300;MWH;26,6500;EUR;EEX_CL;MATCHED
BO907645;D2608132;03/02/2026;PWR_FR;B;01/01/2027;31/01/2027;262,400;MWH;103,5580;EUR;EDF_TR;MATCHED
BO900600;D2600639;29/10/2025;NG_PEG;S;01/06/2026;31/08/2026;208,600;MWH;25,0100;EUR;ICE_EN;MATCHED
BO904028;D2604282;04/07/2025;NG_PEG;B;01/05/2027;31/05/2027;132,300;MWH;19,9760;EUR;EDF_TR;MATCHED
BO901436;D2601528;24/10/2025;PWR_FR;S;01/10/2027;31/10/2027;27,500;MWH;78,9880;EUR;AXPO;MATCHED
BO900923;D2600975;18/09/2025;PWR_FR;B;01/03/2027;31/03/2027;114,200;MWH;90,6730;EUR;GUNVOR;MATCHED
BO906569;D2606992;08/12/2025;PWR_FR;B;01/12/2027;31/12/2027;153,900;MWH;77,7740;EUR;VITOL;MATCHED
BO908289;D2608823;02/06/2026;NG_PEG;S;01/06/2026;30/06/2026;514,700;MWH;24,8800;EUR;UNIPER;MATCHED
BO903855;D2604098;09/04/2026;NG_PEG;B;01/07/2026;31/07/2026;301,500;MWH;26,6190;EUR;ICE_EN;MATCHED
BO901189;D2601265;29/07/2025;PWR_FR;S;01/02/2027;28/02/2027;168,000;MWH;104,2400;EUR;RWE;MATCHED
BO901920;D2602045;18/06/2025;NG_PEG;B;01/05/2026;31/05/2026;31,200;MWH;27,8960;EUR;STATKR;MATCHED
BO902498;D2602653;24/11/2025;NG_PEG;S;01/10/2026;31/10/2026;115,600;MWH;32,8490;EUR;UNIPER;MATCHED
BO904277;D2604546;13/02/2026;PWR_FR;B;01/04/2026;30/04/2026;305,000;MWH;72,1950;EUR;GUNVOR;MATCHED
BO903486;D2603706;04/12/2025;NG_PEG;S;01/07/2026;30/09/2026;222,700;MWH;23,3840;EUR;STATKR;MATCHED
BO907923;D2608436;20/10/2025;NG_PEG;B;01/06/2026;31/05/2027;408,000;MWH;22,0480;EUR;TOTALE;MATCHED
BO901718;D2601826;01/08/2025;PWR_FR;B;01/02/2026;28/02/2026;431,300;MWH;90,3680;EUR;SHELL_;MATCHED
BO904568;D2604860;08/09/2025;NG_PEG;S;01/03/2026;31/03/2026;364,400;MWH;29,9960;EUR;RWE;MATCHED
BO906839;D2607278;04/07/2025;NG_PEG;S;01/10/2027;30/09/2028;163,400;MWH;29,3310;EUR;RWE;MATCHED
BO901326;D2601409;03/10/2025;PWR_FR;S;01/10/2027;31/10/2027;68,600;MWH;81,1900;EUR;VITOL;MATCHED
BO905119;D2605451;05/01/2026;NG_PEG;S;01/12/2026;28/02/2027;250,300;MWH;42,8860;EUR;EEX_CL;MATCHED
BO902583;D2602747;15/10/2025;PWR_FR;S;01/11/2026;31/10/2027;53,400;MWH;77,5730;EUR;ICE_EN;MATCHED
BO906383;D2606800;20/06/2025;PWR_FR;B;01/05/2026;31/05/2026;612,100;MWH;74,2510;EUR;RWE;MATCHED
BO905654;D2606031;26/09/2025;NG_PEG;B;01/12/2027;29/02/2028;122,500;MWH;39,5990;EUR;EEX_CL;MATCHED
BO906489;D2606909;13/01/2026;PWR_FR;B;01/06/2027;31/08/2027;58,300;MWH;53,5680;EUR;GUNVOR;MATCHED
BO900164;D2600174;17/07/2026;PWR_FR;B;01/04/2027;30/06/2027;81,300;MWH;83,1790;EUR;STATKR;MATCHED
BO908465;D2602638;27/06/2025;NG_PEG;B;01/04/2027;30/06/2027;677,600;MWH;38,8600;EUR;ICE_EN;MATCHED
BO901183;D2601259;19/06/2025;PWR_FR;S;01/04/2026;30/04/2026;159,200;MWH;75,7410;EUR;TOTALE;MATCHED
BO902397;D2602551;11/06/2025;PWR_FR;S;01/12/2026;31/12/2026;176,000;MWH;85,2370;EUR;UNIPER;MATCHED
BO904091;D2604349;28/05/2026;NG_PEG;B;01/02/2027;28/02/2027;139,000;MWH;33,9510;EUR;VITOL;MATCHED
BO901465;D2601557;09/04/2026;PWR_FR;B;01/01/2027;31/01/2027;57,900;MWH;79,1640;EUR;RWE;MATCHED
BO901552;D2601653;02/06/2026;NG_PEG;B;01/02/2026;31/01/2027;181,100;MWH;38,0890;EUR;ICE_EN;MATCHED
BO906145;D2606545;18/06/2026;PWR_FR;B;01/05/2027;31/05/2027;67,200;MWH;73,8440;EUR;STATKR;MATCHED
BO903709; D2603941;14/07/2026;PWR_FR;S;01/06/2026;30/06/2026;617,600;MWH;57,9420;EUR;RWE;MATCHED
BO902910;D2603104;27/03/2026;PWR_FR;B;01/07/2027;30/06/2028;577,800;MWH;63,7080;EUR;RWE;MATCHED
BO906287;D2606698;01/12/2025;PWR_FR;B;01/07/2027;31/07/2027;65,500;MWH;56,2650;EUR;GUNVOR;MATCHED
BO908283;D2608817;11/02/2026;PWR_FR;B;01/01/2026;31/01/2026;186,300;MWH;121,8720;EUR;SHELL_;MATCHED
BO900635;D2600675;15/06/2026;PWR_FR;B;01/07/2027;30/09/2027;109,400;MWH;52,4030;EUR;VITOL;MATCHED
BO908612;D2606210;06/01/2026;PWR_FR;B;01/10/2026;31/12/2026;309,200;MWH;100,5020;EUR;ICE_EN;MATCHED
BO902360;D2602508;02/09/2025;PWR_FR;B;01/07/2026;31/07/2026;144,900;MWH;57,2150;EUR;TOTALE;MATCHED
BO903008;D2603210;01/12/2025;PWR_FR;B;01/02/2027;28/02/2027;276,500;MWH;107,5720;EUR;ICE_EN;MATCHED
BO903107;D2603313;16/02/2026;NG_PEG;S;01/07/2026;31/07/2026;179,300;MWH;27,1550;EUR;EDF_TR;MATCHED
BO904628;D2604924;23/07/2026;PWR_FR;B;01/11/2027;31/01/2028;85,600;MWH;74,4560;EUR;SHELL_;MATCHED
BO904201;D2604465;18/02/2026;NG_PEG;B;01/06/2027;31/05/2028;51,500;MWH;22,3990;EUR;EEX_CL;MATCHED
BO901336;D2601419;10/06/2025;PWR_FR;S;01/04/2027;30/04/2027;124,200;MWH;78,5500;EUR;TOTALE;MATCHED
BO907182;D2607640;07/11/2025;PWR_FR;S;01/03/2027;31/03/2027;63,000;MWH;106,7250;EUR;EEX_CL;MATCHED
BO905626;D2606003;21/01/2026;PWR_FR;B;01/10/2027;31/10/2027;80,300;MWH;74,4910;EUR;AXPO;MATCHED
BO907315;D2607783;20/03/2026;PWR_FR;S;01/09/2027;30/09/2027;615,200;MWH;78,4130;EUR;AXPO;MATCHED
BO908454;D2608994;21/10/2025;PWR_FR;B;01/08/2026;31/08/2026;320,200;MWH;57,0970;EUR;RWE;MATCHED
BO902616;D2602782;12/12/2025;NG_PEG;B;01/06/2026;30/06/2026;135,600;MWH;25,2910;EUR;AXPO;MATCHED
BO904904;D2605226;21/05/2026;PWR_FR;S;01/05/2026;31/05/2026;135,600;MWH;73,5820;EUR;MERCUR;MATCHED
BO900048;D2600051;18/06/2025;NG_PEG;S;01/04/2027;30/04/2027;164,600;MWH;25,1060;EUR;GUNVOR;MATCHED
BO906110;D2606509;24/07/2025;PWR_FR;B;01/09/2027;30/11/2027;464,100;MWH;63,4880;EUR;EDF_TR;MATCHED
BO901956;D2602084;29/08/2025;PWR_FR;S;01/03/2027;31/05/2027;172,800;MWH;89,6570;EUR;STATKR;MATCHED
BO900253;D2600268;14/11/2025;PWR_FR;S;01/09/2026;30/09/2026;378,600;MWH;64,5870;EUR;ICE_EN;MATCHED
BO901009;D2601069;29/01/2026;NG_PEG;B;01/07/2027;30/06/2028;121,300;MWH;25,9410;EUR;EDF_TR;MATCHED
BO903784;D2604024;21/01/2026;PWR_FR;B;01/08/2026;31/08/2026;754,700;MWH;52,7380;EUR;EEX_CL;MATCHED
BO905218;D2605559;28/11/2025;NG_PEG;S;01/09/2026;30/09/2026;77,900;MWH;26,9090;EUR;GUNVOR;MATCHED
BO904069;D2604327;23/06/2025;PWR_FR;B;01/07/2026;31/07/2026;45,500;MWH;59,1440;EUR;MERCUR;MATCHED
BO901432;D2601523;14/11/2025;NG_PEG;B;01/11/2027;30/11/2027;146,300;MWH;33,5780;EUR;AXPO;MATCHED
BO900623;D2600663;02/12/2025;NG_PEG;B;01/02/2026;30/04/2026;135,900;MWH;38,0940;EUR;RWE;MATCHED
BO906989;D2607435;20/03/2026;PWR_FR;B;01/05/2026;31/07/2026;451,400;MWH;72,9590;EUR;SHELL_;MATCHED
BO990009;D9500009;30/01/2026;PWR_FR;B;01/09/2026;30/09/2026;433,700;MWH;66,0150;EUR;MERCUR;MATCHED
BO905344;D2605697;09/02/2026;NG_PEG;B;01/01/2027;31/01/2027;486,700;MWH;31,4360;EUR;AXPO;MATCHED
BO906966;D2607410;16/09/2025;PWR_FR;B;01/06/2027;30/06/2027;125,600;MWH;62,1730;EUR;AXPO;MATCHED
BO902539;D2602700;27/01/2026;PWR_FR;S;01/07/2027;31/07/2027;56,400;MWH;65,9010;EUR;MERCUR;MATCHED
BO908361;D2608898;06/06/2025;PWR_FR;B;01/02/2026;30/04/2026;164,800;MWH;94,1530;EUR;STATKR;MATCHED
BO902128;D2602262;15/08/2025;NG_PEG;S;01/05/2026;31/05/2026;697,700;MWH;34,8440;EUR;STATKR;MATCHED
BO903210;D2603423;21/08/2025;NG_PEG;S;01/04/2027;30/06/2027;159,700;MWH;27,3780;EUR;STATKR;MATCHED
BO905400;D2605759;10/09/2025;PWR_FR;B;01/04/2026;31/03/2027;93,200;MWH;85,4690;EUR;EDF_TR;MATCHED
BO904453;D2604737;02/07/2026;PWR_FR;S;01/07/2026;31/07/2026;182,700;MWH;72,4320;EUR;GUNVOR;MATCHED
BO901746;D2601855;09/06/2025;PWR_FR;S;01/06/2027;30/06/2027;106,900;MWH;53,8142;EUR;SHELL_;MATCHED
BO904781;D2605095;30/10/2025;PWR_FR;B;01/12/2027;31/12/2027;121,400;MWH;102,0893;EUR;EEX_CL;MATCHED
BO900500;D02600534;26/02/2026;PWR_FR;B;01/11/2027;30/11/2027;435,100;MWH;98,5210;EUR;AXPO;MATCHED
BO904734;D2605043;02/12/2025;PWR_FR;S;01/07/2027;31/07/2027;330,500;MWH;40,7330;EUR;ICE_EN;MATCHED
BO901235;D2601312;21/10/2025;NG_PEG;B;01/06/2027;30/06/2027;316,500;MWH;25,7870;EUR;STATKR;MATCHED
BO906125;D2606525;22/06/2026;PWR_FR;B;01/10/2026;31/10/2026;283,700;MWH;65,2520;EUR;ICE_EN;MATCHED
BO902716;D2602888;19/06/2026;PWR_FR;B;01/03/2027;29/02/2028;200,800;MWH;85,8830;EUR;VITOL;MATCHED
BO905585;D2605955;21/07/2025;PWR_FR;B;01/03/2027;31/03/2027;53,300;MWH;86,3980;EUR;VITOL;MATCHED
BO908648;D2605654;07/01/2026;PWR_FR;S;01/09/2027;30/09/2027;448,000;MWH;63,5200;EUR;AXPO;MATCHED
BO906649;D2607077;29/06/2026;PWR_FR;S;01/12/2026;31/12/2026;716,600;MWH;102,1870;EUR;STATKR;MATCHED
BO903172;D2603381;03/09/2025;PWR_FR;S;01/08/2027;31/07/2028;556,200;MWH;58,8130;EUR;MERCUR;MATCHED
BO903160;D2603369;25/02/2026;PWR_FR;S;01/10/2026;31/10/2026;264,000;MWH;77,0890;EUR;GUNVOR;MATCHED
BO905129;D2605463;23/12/2025;PWR_FR;B;01/05/2027;31/05/2027;449,900;MWH;67,3420;EUR;SHELL_;MATCHED
BO900499;D2600533;17/09/2025;PWR_FR;B;01/10/2027;31/10/2027;352,600;MWH;74,3490;EUR;GUNVOR;MATCHED
BO906552;D2606974;24/09/2025;PWR_FR;S;01/12/2026;31/12/2026;65,700;MWH;79,5330;EUR;TOTALE;MATCHED
BO908998;D2607408;12/11/2025;PWR_FR;B;01/06/2027;31/05/2028;398,000;MWH;71,3250;EUR;TOTALE;MATCHED
BO908519; D2602125;14/10/2025;NG_PEG;B;01/03/2027;31/05/2027;639,500;MWH;34,9750;EUR;AXPO;MATCHED
BO901413;D2601504;23/06/2026;NG_PEG;S;01/06/2027;30/06/2027;189,800;MWH;29,2660;EUR;RWE;MATCHED
BO900856;D2600906;12/02/2026;NG_PEG;B;01/11/2027;31/01/2028;539,300;MWH;32,7050;EUR;SHELL_;MATCHED
BO903283;D2603500;21/04/2026;NG_PEG;S;01/06/2026;30/06/2026;190,200;MWH;25,1740;EUR;GUNVOR;MATCHED
BO906697;D2607129;25/02/2026;PWR_FR;B;01/08/2027;31/08/2027;453,900;MWH;69,0080;EUR;STATKR;MATCHED
BO902493;D2602648;23/06/2025;PWR_FR;S;01/10/2027;31/10/2027;695,900;MWH;84,3470;EUR;STATKR;MATCHED
BO903788;D2604028;11/06/2025;PWR_FR;B;01/02/2026;28/02/2026;594,800;MWH;98,8152;EUR;MERCUR;MATCHED
BO906809;D2607247;13/01/2026;PWR_FR;S;01/02/2026;30/04/2026;674,500;MWH;95,9060;EUR;GUNVOR;MATCHED
BO906183;D2606587;02/06/2026;PWR_FR;S;01/11/2026;30/11/2026;177,300;MWH;80,1120;EUR;VITOL;MATCHED
BO908512;D2604290;06/10/2025;PWR_FR;B;01/07/2027;31/07/2027;316,200;MWH;59,6140;EUR;STATKR;MATCHED
BO902672;D2602841;03/03/2026;PWR_FR;S;01/06/2027;30/06/2027;118,500;MWH;59,1950;EUR;ICE_EN;MATCHED
BO901021;D2601084;16/10/2025;PWR_FR;S;01/03/2027;31/03/2027;156,500;MWH;79,2570;EUR;STATKR;MATCHED
BO900449;D2600475;21/05/2026;NG_PEG;B;01/09/2027;30/09/2027;173,800;MWH;21,5010;EUR;SHELL_;MATCHED
BO905487;D2605852;14/11/2025;PWR_FR;S;01/10/2026;30/09/2027;202,900;MWH;72,8187;EUR;UNIPER;MATCHED
BO900860;D2600910;15/04/2026;NG_PEG;S;01/04/2027;30/06/2027;192,500;MWH;31,9550;EUR;STATKR;MATCHED
BO904877;D2605199;11/07/2025;PWR_FR;B;01/09/2026;30/11/2026;314,700;MWH;72,5290;EUR;EEX_CL;MATCHED
BO908783;D2602733;19/02/2026;PWR_FR;S;01/01/2026;31/01/2026;1108,700;MWH;102,8800;EUR;VITOL;MATCHED
BO905275;D2605622;18/09/2025;PWR_FR;B;01/08/2027;31/07/2028;160,500;MWH;58,5950;EUR;TOTALE;MATCHED
BO990012;D9500012;25/09/2025;PWR_FR;S;01/02/2026;28/02/2026;135,700;MWH;90,1570;EUR;AXPO;MATCHED
BO908081;D2608602;17/03/2026;PWR_FR;B;01/12/2027;31/12/2027;743,200;MWH;89,3330;EUR;UNIPER;MATCHED
BO902351;D2602498;11/07/2025;NG_PEG;S;01/02/2027;28/02/2027;144,200;MWH;37,1970;EUR;AXPO;MATCHED
BO906462;D2606882;31/03/2026;PWR_FR;B;01/11/2026;30/11/2026;226,900;MWH;91,5320;EUR;VITOL;MATCHED
BO904146;D2604408;01/09/2025;PWR_FR;B;01/09/2027;30/09/2027;187,900;MWH;72,0550;EUR;RWE;MATCHED
BO902229;D2602367;11/05/2026;NG_PEG;B;01/07/2026;31/07/2026;1048,100;MWH;20,3369;EUR;RWE;MATCHED
BO902288;D2602432;04/02/2026;PWR_FR;S;01/02/2026;28/02/2026;458,600;MWH;102,8290;EUR;AXPO;MATCHED
BO905115;D2605447;16/07/2025;PWR_FR;S;01/01/2026;31/03/2026;98,800;MWH;100,4170;EUR;STATKR;MATCHED
BO901722;D2601830;21/08/2025;PWR_FR;S;01/12/2027;31/12/2027;130,300;MWH;108,8710;EUR;SHELL_;MATCHED
BO900603;D2600643;22/08/2025;PWR_FR;S;01/01/2027;31/01/2027;235,700;MWH;97,2340;EUR;EDF_TR;MATCHED
BO900544;D2600580;12/09/2025;NG_PEG;B;01/05/2026;31/05/2026;902,300;MWH;32,6470;EUR;GUNVOR;MATCHED
BO905025;D2605353;16/07/2025;PWR_FR;B;01/01/2026;31/01/2026;53,300;MWH;84,4720;EUR;STATKR;CXL
BO900567;D2600604;29/05/2026;PWR_FR;B;01/03/2027;31/03/2027;111,200;MWH;83,1200;EUR;GUNVOR;MATCHED
BO905375;D2605732;08/01/2026;PWR_FR;B;01/04/2026;30/04/2026;566,800;MWH;73,8570;EUR;ICE_EN;MATCHED
BO904932;D2605256;10/07/2026;NG_PEG;B;01/02/2026;28/02/2026;116,400;MWH;39,0250;EUR;EEX_CL;MATCHED
BO906081;D2606478;02/07/2026;PWR_FR;B;01/10/2027;31/12/2027;307,900;MWH;71,5260;EUR;GUNVOR;MATCHED
BO902796;D2602981;15/04/2026;PWR_FR;S;01/02/2027;30/04/2027;79,000;MWH;76,1690;EUR;AXPO;MATCHED
BO903729;D2603962;23/02/2026;PWR_FR;B;01/04/2026;30/06/2026;465,600;MWH;74,4320;EUR;SHELL_;MATCHED
BO903105;D2603311;10/11/2025;PWR_FR;S;01/04/2026;30/06/2026;55,200;MWH;76,8480;EUR;AXPO;MATCHED
BO908164;D2608691;23/10/2025;PWR_FR;B;01/05/2026;31/05/2026;149,600;MWH;75,0570;EUR;VITOL;MATCHED
BO908258;D2608790;19/09/2025;NG_PEG;B;01/09/2027;30/11/2027;129,600;MWH;30,0210;EUR;EDF_TR;MATCHED
BO904214;D2604479;06/03/2026;NG_PEG;B;01/04/2026;30/04/2026;391,600;MWH;29,2090;EUR;TOTALE;MATCHED
BO904866;D2605188;18/03/2026;PWR_FR;S;01/07/2026;31/07/2026;76,300;MWH;65,0000;EUR;TOTALE;MATCHED
BO903054;D2603257;19/12/2025;PWR_FR;S;01/06/2026;30/06/2026;350,400;MWH;68,3770;EUR;RWE;MATCHED
BO907412;D2607885;05/12/2025;NG_PEG;B;01/01/2027;31/03/2027;451800,000;KWH;39,0670;EUR;AXPO;MATCHED
BO908624;D2602919;12/05/2026;PWR_FR;S;01/02/2027;28/02/2027;198,300;MWH;80,4920;EUR;RWE;MATCHED
BO903057;D2603260;15/01/2026;NG_PEG;S;01/03/2026;31/05/2026;202,600;MWH;41,8740;EUR;GUNVOR;MATCHED
BO901271;D2601349;14/01/2026;NG_PEG;S;01/01/2026;31/01/2026;354,100;MWH;38,8180;EUR;EEX_CL;MATCHED
BO908645;D2605988;25/06/2026;NG_PEG;B;01/09/2027;31/08/2028;362,000;MWH;31,2530;EUR;TOTALE;MATCHED
BO904813;D2605129;15/06/2026;PWR_FR;S;01/02/2027;30/04/2027;624,900;MWH;96,3380;EUR;AXPO;MATCHED
BO901575;D2601677;07/04/2026;NG_PEG;S;01/08/2026;31/08/2026;410,900;MWH;28,2220;EUR;MERCUR;MATCHED
BO904821;D2605138;03/10/2025;PWR_FR;S;01/04/2027;30/04/2027;194,200;MWH;77,9400;EUR;AXPO;MATCHED
BO903033;D2603236;31/10/2025;NG_PEG;S;01/05/2026;31/05/2026;378,700;MWH;24,9310;EUR;STATKR;MATCHED
BO900939;D2600992;05/06/2025;PWR_FR;B;01/07/2027;31/07/2027;143,700;MWH;63,5090;EUR;VITOL;MATCHED
BO908475;D2606550;24/07/2026;NG_PEG;S;01/10/2026;31/10/2026;144,000;MWH;34,3920;EUR;VITOL;MATCHED
BO906020;D2606414;26/02/2026;PWR_FR;B;01/05/2027;31/05/2027;586,000;MWH;75,2360;EUR;UNIPER;MATCHED
BO906959;D2607402;09/09/2025;PWR_FR;B;01/06/2027;31/08/2027;638,400;MWH;62,3690;EUR;SHELL_;MATCHED
BO903816;D2604057;28/01/2026;PWR_FR;B;01/03/2026;31/03/2026;363,500;MWH;94,0300;EUR;SHELL_;MATCHED
BO907715;D2608204;27/03/2026;NG_PEG;S;01/02/2026;30/04/2026;127,600;MWH;39,2640;EUR;STATKR;MATCHED
BO904720;D2605029;09/09/2025;PWR_FR;B;01/09/2026;30/09/2026;330,300;MWH;76,2010;EUR;SHELL_;MATCHED
BO904024;D2604277;21/05/2026;PWR_FR;B;01/02/2026;28/02/2026;226,900;MWH;109,5610;EUR;MERCUR;MATCHED
BO901982;D2602110;14/10/2025;NG_PEG;B;01/08/2027;31/08/2027;288,900;MWH;27,6800;EUR;EEX_CL;MATCHED
BO904314;D2604585;03/02/2026;PWR_FR;B;01/01/2026;31/01/2026;202,000;MWH;96,5880;EUR;MERCUR;MATCHED
BO907934;D2608447;03/07/2026;NG_PEG;B;01/02/2026;28/02/2026;754,800;MWH;30,5020;EUR;EDF_TR;MATCHED
BO908990;D2602839;30/04/2026;PWR_FR;B;01/07/2027;31/07/2027;442,300;MWH;55,8310;EUR;RWE;MATCHED
BO908371;D2608909;15/09/2025;PWR_FR;B;01/08/2026;31/08/2026;210,000;MWH;59,5550;EUR;TOTALE;MATCHED
BO906427;D2606846;31/10/2025;NG_PEG;B;01/07/2026;31/07/2026;268,400;MWH;25,6660;EUR;VITOL;MATCHED
BO908809;D2600500;31/12/2025;NG_PEG;B;01/02/2026;28/02/2026;500,600;MWH;40,2620;EUR;GUNVOR;MATCHED
BO907371;D2607841;26/06/2026;NG_PEG;S;01/10/2027;31/10/2027;209,900;MWH;32,9230;EUR;EEX_CL;MATCHED
BO902677;D2602847;16/07/2026;PWR_FR;B;01/08/2027;31/08/2027;763,700;MWH;66,0320;EUR;AXPO;MATCHED
BO908901;D2602824;17/06/2025;NG_PEG;S;01/12/2027;31/12/2027;93,500;MWH;41,4090;EUR;EDF_TR;MATCHED
BO902998;D2603198;10/09/2025;NG_PEG;S;01/11/2027;31/01/2028;162,800;MWH;44,2160;EUR;ICE_EN;MATCHED
BO906400;D2606818;11/07/2025;NG_PEG;S;01/11/2026;31/01/2027;86,000;MWH;34,9690;EUR;GUNVOR;MATCHED
BO900390;D2600413;13/10/2025;NG_PEG;S;01/11/2026;30/11/2026;647,900;MWH;31,8870;EUR;EDF_TR;MATCHED
BO908017;D2608536;28/04/2026;NG_PEG;B;01/05/2027;31/05/2027;269,400;MWH;29,6430;EUR;SHELL_;MATCHED
BO903068;D2603272;01/07/2026;PWR_FR;S;01/03/2026;31/03/2026;161,200;MWH;85,6370;EUR;MERCUR;MATCHED
BO901655;D2601761;19/06/2025;PWR_FR;S;01/05/2027;31/07/2027;347,800;MWH;71,7230;EUR;TOTALE;MATCHED
BO905394;D2605753;28/05/2026;NG_PEG;S;01/10/2027;31/10/2027;605,300;MWH;29,9360;EUR;EDF_TR;MATCHED
BO902573;D2602737;29/01/2026;NG_PEG;B;01/09/2026;30/09/2026;1750,300;MWH;28,5480;EUR;AXPO;MATCHED
BO902119;D2602253;17/02/2026;NG_PEG;B;01/01/2026;31/01/2026;185,700;MWH;35,5730;EUR;RWE;MATCHED
BO902698;D2602870;11/06/2026;PWR_FR;S;01/10/2026;31/10/2026;544,300;MWH;80,2650;EUR;VITOL;MATCHED
BO906709;D2607141;09/10/2025;PWR_FR;S;01/02/2027;28/02/2027;1271,500;MWH;111,5390;EUR;GUNVOR;MATCHED
BO901739;D2601848;02/04/2026;NG_PEG;S;01/10/2027;31/12/2027;110,100;MWH;30,2570;EUR;ICE_EN;MATCHED
BO907027;D2607476;18/03/2026;PWR_FR;B;01/10/2027;31/10/2027;162,700;MWH;74,4910;EUR;SHELL_;MATCHED
BO907361;D2607830;01/06/2026;NG_PEG;S;01/03/2027;31/05/2027;314,800;MWH;40,4660;EUR;MERCUR;MATCHED
BO906742;D2607175;30/06/2026;NG_PEG;B;01/09/2027;30/09/2027;62,600;MWH;25,7170;EUR;RWE;MATCHED
BO908098;D2608621;19/05/2026;PWR_FR;S;01/05/2026;31/05/2026;1460,600;MWH;66,5990;EUR;TOTALE;MATCHED
BO900973;D2601028;21/07/2025;PWR_FR;B;01/11/2027;31/01/2028;158,400;MWH;86,0300;EUR;ICE_EN;MATCHED
BO904168;D2604430;24/02/2026;PWR_FR;B;01/06/2027;31/08/2027;840,500;MWH;56,4510;EUR;GUNVOR;MATCHED
BO906437;D2606856;26/05/2026;NG_PEG;S;01/08/2027;31/08/2027;130,800;MWH;24,8700;EUR;EEX_CL;MATCHED
BO906223;D2606631;23/03/2026;PWR_FR;B;01/10/2026;30/09/2027;227,000;MWH;68,7060;EUR;EDF_TR;MATCHED
BO904466;D2604750;08/04/2026;PWR_FR;B;01/01/2026;31/01/2026;403,500;MWH;106,2710;EUR;GUNVOR;MATCHED
BO903148;D2603356;14/07/2025;PWR_FR;S;01/08/2027;31/08/2027;204,000;MWH;59,9770;EUR;STATKR;MATCHED
BO900846;D2600894;20/08/2025;PWR_FR;S;01/12/2026;31/12/2026;91,600;MWH;123,2590;EUR;EEX_CL;MATCHED
BO903183;D2603394;14/10/2025;PWR_FR;S;01/04/2027;30/06/2027;434,900;MWH;80,7710;EUR;ICE_EN;MATCHED
BO901229;D2601306;15/09/2025;PWR_FR;B;01/05/2026;31/05/2026;196,800;MWH;82,7290;EUR;GUNVOR;MATCHED
BO904437;D2604719;11/07/2025;PWR_FR;S;01/02/2026;30/04/2026;238,100;MWH;77,9120;EUR;EDF_TR;MATCHED
BO903286;D2603503;17/03/2026;PWR_FR;S;01/05/2027;31/05/2027;222,900;MWH;59,0790;EUR;STATKR;MATCHED
BO906885;D2607325;10/07/2026;NG_PEG;S;01/06/2026;31/05/2027;233,000;MWH;28,1110;EUR;GUNVOR;MATCHED
BO900880;D2600931;12/06/2026;NG_PEG;S;01/03/2026;31/03/2026;96,900;MWH;37,0710;EUR;STATKR;MATCHED
BO905604;D2605977;13/07/2026;PWR_FR;S;01/06/2027;31/08/2027;251,800;MWH;60,8020;EUR;AXPO;MATCHED
BO903638;D2603867;09/01/2026;NG_PEG;B;01/03/2026;31/03/2026;72,900;MWH;33,5370;EUR;MERCUR;MATCHED
BO901267;D2601345;25/09/2025;NG_PEG;B;01/04/2027;30/04/2027;1115,800;MWH;32,2380;EUR;AXPO;MATCHED
BO905871;D2606259;27/10/2025;PWR_FR;B;01/10/2026;31/10/2026;221,200;MWH;83,0140;EUR;ICE_EN;MATCHED
BO906261;D2606671;18/12/2025;PWR_FR;B;01/08/2027;31/08/2027;98,800;MWH;64,6770;EUR;RWE;MATCHED
BO907227;D2607688;02/04/2026;PWR_FR;S;01/03/2026;31/05/2026;111,200;MWH;95,1380;EUR;TOTALE;MATCHED
BO901901;D2602025;20/04/2026;PWR_FR;S;01/01/2026;31/01/2026;158,900;MWH;90,4300;EUR;ICE_EN;MATCHED
BO906186;D2606590;24/03/2026;PWR_FR;S;01/11/2026;30/11/2026;119,900;MWH;100,3810;EUR;MERCUR;MATCHED
BO990019;D9500019;08/01/2026;PWR_FR;B;01/01/2026;31/01/2026;710,300;MWH;97,5620;EUR;TOTALE;MATCHED
BO903437;D2603655;25/05/2026;PWR_FR;B;01/09/2027;30/09/2027;832,100;MWH;61,2410;EUR;RWE;MATCHED
BO903167;D2603376;23/09/2025;NG_PEG;S;01/04/2026;30/04/2026;163,900;MWH;35,3180;EUR;TOTALE;MATCHED
BO903762;D2603998;23/07/2025;NG_PEG;B;01/08/2027;31/08/2027;82,000;MWH;28,1300;EUR;VITOL;MATCHED
BO908377;D2608915;28/05/2026;PWR_FR;B;01/12/2026;31/12/2026;928,400;MWH;79,3470;EUR;EDF_TR;MATCHED
BO902286;D2602430;17/11/2025;PWR_FR;B;01/04/2027;30/04/2027;98,100;MWH;74,8160;EUR;UNIPER;MATCHED
BO905925;D2606313;26/02/2026;PWR_FR;B;01/01/2026;31/01/2026;344,700;MWH;102,9800;EUR;VITOL;MATCHED
BO900823;D2600870;06/07/2026;NG_PEG;S;01/05/2027;31/07/2027;178,800;MWH;28,1430;EUR;GUNVOR;MATCHED
BO906273;D2606684;08/04/2026;PWR_FR;B;01/10/2026;31/10/2026;976,600;MWH;79,1400;EUR;MERCUR;MATCHED
BO907523;D2607998;11/06/2025;NG_PEG;S;01/05/2026;31/05/2026;298,200;MWH;27,9890;EUR;RWE;MATCHED
BO900604;D2600644;22/10/2025;PWR_FR;S;01/05/2027;31/05/2027;215,900;MWH;76,9270;EUR;STATKR;MATCHED
BO905202;D2605542;03/02/2026;NG_PEG;B;01/10/2027;31/10/2027;169,900;MWH;27,6310;EUR;EDF_TR;MATCHED
BO906277;D2606688;04/08/2025;PWR_FR;S;01/10/2027;31/10/2027;94,800;MWH;70,6930;EUR;ICE_EN;MATCHED
BO901259;D2601337;22/07/2026;NG_PEG;B;01/07/2027;30/09/2027;142,400;MWH;24,4690;EUR;STATKR;MATCHED
BO903622;D2603849;09/07/2025;PWR_FR;B;01/03/2027;31/03/2027;170,900;MWH;73,0390;EUR;EEX_CL;CXL
BO908772;D2606343;23/07/2025;PWR_FR;B;01/08/2026;31/07/2027;257,700;MWH;64,9500;EUR;EEX_CL;MATCHED
BO908494;D2600622;10/11/2025;PWR_FR;B;01/09/2026;30/09/2026;253,000;MWH;78,6840;EUR;GUNVOR;MATCHED
BO900578;D2600616;14/05/2026;PWR_FR;B;01/04/2027;30/04/2027;36,000;MWH;59,4120;EUR;VITOL;MATCHED
BO906854;D2607293;14/07/2026;PWR_FR;S;01/12/2026;31/12/2026;93,500;MWH;97,6050;EUR;TOTALE;MATCHED
BO908257;D2608789;02/04/2026;NG_PEG;S;01/10/2026;31/10/2026;205,100;MWH;26,4720;EUR;TOTALE;MATCHED
BO902163;D2602299;11/12/2025;PWR_FR;B;01/10/2026;31/10/2026;1616,600;MWH;65,1120;EUR;EDF_TR;MATCHED
BO906910;D2607351;14/07/2025;PWR_FR;B;01/12/2026;28/02/2027;137,700;MWH;96,2770;EUR;AXPO;MATCHED
BO905494;D2605859;08/04/2026;PWR_FR;S;01/12/2026;30/11/2027;450,700;MWH;86,2470;EUR;RWE;MATCHED
BO905629;D2606006;22/08/2025;NG_PEG;S;01/03/2027;31/03/2027;175,600;MWH;32,3140;EUR;SHELL_;MATCHED
BO904883;D2605205;29/01/2026;NG_PEG;B;01/09/2027;30/09/2027;615,700;MWH;32,7530;EUR;GUNVOR;MATCHED
BO901129;D2601204;24/10/2025;PWR_FR;B;01/09/2027;30/09/2027;245,700;MWH;78,6240;EUR;UNIPER;MATCHED
BO905658;D2606035;18/12/2025;PWR_FR;S;01/05/2026;31/07/2026;269,900;MWH;78,0210;EUR;VITOL;MATCHED
BO902612;D2602778;10/06/2026;PWR_FR;B;01/02/2027;30/04/2027;105,200;MWH;96,4740;EUR;SHELL_;MATCHED
BO906001;D2606395;25/06/2026;PWR_FR;B;01/12/2027;29/02/2028;204,000;MWH;69,7690;EUR;AXPO;MATCHED
BO905647;D2606024;05/09/2025;PWR_FR;B;01/01/2026;31/01/2026;86,600;MWH;103,5630;EUR;UNIPER;MATCHED
BO906376;D2606791;12/01/2026;PWR_FR;S;01/05/2026;31/05/2026;32,000;MWH;55,7490;EUR;GUNVOR;MATCHED
BO901772;D2601882;13/03/2026;PWR_FR;B;01/07/2026;30/06/2027;254,500;MWH;42,8980;EUR;UNIPER;MATCHED
BO900376;D2600399;11/12/2025;PWR_FR;S;01/05/2026;31/05/2026;263,400;MWH;83,1110;EUR;GUNVOR;MATCHED
BO907711;D2608200;11/09/2025;PWR_FR;B;01/11/2027;30/11/2027;763,800;MWH;80,1740;EUR;TOTALE;MATCHED
BO900035;D2600038;19/01/2026;PWR_FR;B;01/11/2027;30/11/2027;142,900;MWH;82,9430;EUR;VITOL;MATCHED
BO902293;D2602437;05/05/2026;NG_PEG;B;01/05/2026;31/05/2026;1721,800;MWH;28,2960;EUR;ICE_EN;MATCHED
BO900004;D2600004;07/08/2025;PWR_FR;S;01/11/2026;30/11/2026;150,700;MWH;93,1620;EUR;ICE_EN;MATCHED
BO908695;D2607425;31/12/2025;PWR_FR;B;01/02/2026;28/02/2026;497,900;MWH;83,1820;EUR;RWE;MATCHED
BO905797;D2606183;26/02/2026;NG_PEG;S;01/11/2027;30/11/2027;168,200;MWH;33,1920;EUR;TOTALE;MATCHED
BO904936;D2605261;04/11/2025;NG_PEG;S;01/02/2027;30/04/2027;157,200;MWH;32,7540;EUR;RWE;MATCHED
BO901630;D2601736;22/05/2026;PWR_FR;S;01/04/2026;30/04/2026;208,700;MWH;68,4260;EUR;EDF_TR;MATCHED
BO900386;D2600409;08/07/2025;PWR_FR;B;01/02/2027;28/02/2027;232,500;MWH;90,1890;EUR;ICE_EN;MATCHED
BO901207;D2601283;29/12/2025;NG_PEG;S;01/02/2026;28/02/2026;475,800;MWH;33,2020;EUR;VITOL;MATCHED
BO905812;D2606198;25/06/2026;PWR_FR;B;01/07/2027;31/07/2027;112,600;MWH;59,0760;EUR;ICE_EN;MATCHED
BO900824;D2600871;28/11/2025;PWR_FR;B;01/04/2026;30/04/2026;596,800;MWH;75,6000;EUR;MERCUR;MATCHED
BO900536;D2600571;18/12/2025;NG_PEG;S;01/11/2026;30/11/2026;82,500;MWH;39,2210;EUR;EDF_TR;MATCHED
BO908353;D2608890;22/04/2026;PWR_FR;B;01/06/2027;30/06/2027;174,000;MWH;77,6430;EUR;VITOL;MATCHED
BO903269;D2603486;14/07/2025;NG_PEG;B;01/02/2027;28/02/2027;330,100;MWH;37,4970;EUR;ICE_EN;MATCHED
BO905383;D2605741;30/12/2025;PWR_FR;B;01/06/2027;30/06/2027;197,400;MWH;69,4950;EUR;EDF_TR;MATCHED
BO905908;D2606296;10/07/2025;NG_PEG;B;01/01/2026;31/12/2026;324,600;MWH;41,0250;EUR;MERCUR;MATCHED
BO905628;D2606005;04/11/2025;NG_PEG;S;01/03/2027;31/05/2027;116,200;MWH;32,8190;EUR;MERCUR;MATCHED
BO906276;D2606687;19/11/2025;PWR_FR;B;01/06/2026;30/06/2026;357,100;MWH;67,9270;EUR;STATKR;MATCHED
BO901400;D2601489;07/07/2026;NG_PEG;B;01/01/2026;31/01/2026;63,300;MWH;33,5270;EUR;SHELL_;MATCHED
BO905255;D2605601;11/02/2026;NG_PEG;B;01/02/2026;28/02/2026;243,400;MWH;38,4860;EUR;SHELL_;MATCHED
BO905639;D2606016;30/12/2025;PWR_FR;S;01/06/2027;31/08/2027;694,200;MWH;59,5120;EUR;MERCUR;MATCHED
BO901892;D2602016;05/03/2026;NG_PEG;S;01/06/2026;31/08/2026;397,100;MWH;25,2200;EUR;STATKR;MATCHED
BO908881;D2605505;01/12/2025;PWR_FR;S;01/10/2027;31/10/2027;116,500;MWH;86,1530;EUR;TOTALE;MATCHED
BO904339;D2604613;29/04/2026;NG_PEG;B;01/12/2027;29/02/2028;857,100;MWH;38,4210;EUR;EEX_CL;MATCHED
BO908192;D2608720;11/07/2025;NG_PEG;S;01/08/2026;31/08/2026;162,400;MWH;28,5900;EUR;TOTALE;MATCHED
BO901489;D2601584;10/07/2026;PWR_FR;S;01/07/2027;31/07/2027;36,600;MWH;59,6950;EUR;RWE;MATCHED
BO902953;D2603148;17/10/2025;NG_PEG;B;01/03/2026;31/03/2026;248,600;MWH;28,2830;EUR;ICE_EN;MATCHED
BO904635;D2604931;13/03/2026;PWR_FR;S;01/08/2027;31/08/2027;197,600;MWH;64,2000;EUR;SHELL_;MATCHED
BO900219;D2600232;23/01/2026;PWR_FR;B;01/05/2026;31/05/2026;25,500;MWH;70,4570;EUR;MERCUR;MATCHED
BO908477;D2602521;12/09/2025;PWR_FR;B;01/10/2027;31/12/2027;284,000;MWH;66,5900;EUR;ICE_EN;MATCHED
BO905348;D2605701;01/04/2026;NG_PEG;S;01/05/2026;31/05/2026;180,500;MWH;24,1350;EUR;EEX_CL;MATCHED
BO905675;D2606053;09/10/2025;PWR_FR;S;01/02/2027;28/02/2027;389,000;MWH;89,2770;EUR;EDF_TR;MATCHED
BO900924;D2600976;20/07/2026;PWR_FR;S;01/11/2027;30/11/2027;239,800;MWH;82,9360;EUR;SHELL_;MATCHED
BO908209;D2608738;30/06/2026;NG_PEG;S;01/03/2026;31/05/2026;709,600;MWH;37,0230;EUR;ICE_EN;MATCHED
BO906061;D2606457;06/05/2026;PWR_FR;B;01/03/2027;31/03/2027;101,500;MWH;94,6890;EUR;EEX_CL;MATCHED
BO904381;D2604658;14/10/2025;PWR_FR;S;01/04/2026;30/04/2026;541,100;MWH;94,2640;EUR;AXPO;MATCHED
BO903304;D2603521;24/06/2026;PWR_FR;S;01/03/2027;31/05/2027;74,300;MWH;93,2070;EUR;STATKR;MATCHED
BO906825;D2607264;06/04/2026;NG_PEG;B;01/08/2027;31/08/2027;195,900;MWH;23,9980;EUR;VITOL;MATCHED
BO900358;D2600379;16/04/2026;NG_PEG;B;01/12/2026;28/02/2027;178,500;MWH;39,7570;EUR;RWE;MATCHED
BO905156;D2605491;14/07/2025;PWR_FR;B;01/10/2027;30/09/2028;754,800;MWH;89,3600;EUR;SHELL_;MATCHED
BO905669;D2606047;11/02/2026;PWR_FR;S;01/11/2026;31/01/2027;43,900;MWH;81,6340;EUR;GUNVOR;MATCHED
BO900042;D2600045;28/01/2026;PWR_FR;B;01/02/2027;31/01/2028;116,600;MWH;96,7990;EUR;GUNVOR;MATCHED
BO902383;D2602535;25/08/2025;PWR_FR;B;01/08/2027;31/08/2027;64,900;MWH;73,8390;EUR;STATKR;MATCHED
BO908883;D2601453;04/09/2025;PWR_FR;S;01/04/2026;30/04/2026;99,400;MWH;87,3540;EUR;MERCUR;MATCHED
BO903616;D2603843;17/06/2026;NG_PEG;B;01/11/2026;30/11/2026;638,100;MWH;39,2710;EUR;EEX_CL;MATCHED
BO903311;D2603529;23/06/2026;NG_PEG;S;01/04/2026;30/04/2026;822,400;MWH;31,2670;EUR;VITOL;MATCHED
BO900342;D2600362;23/02/2026;PWR_FR;B;01/04/2026;30/04/2026;96,100;MWH;64,9340;EUR;TOTALE;MATCHED
BO902706;D2602878;12/06/2026;PWR_FR;B;01/03/2027;31/03/2027;74,800;MWH;77,4680;EUR;EDF_TR;MATCHED
BO906040;D2606435;31/10/2025;PWR_FR;S;01/04/2026;30/04/2026;246,300;MWH;70,0450;EUR;TOTALE;MATCHED
BO905551;D2605919;24/11/2025;NG_PEG;B;01/10/2027;31/10/2027;88,200;MWH;30,6270;EUR;EDF_TR;MATCHED
BO901540;D2601639;22/07/2026;PWR_FR;B;01/10/2027;31/10/2027;628,100;MWH;63,6300;EUR;AXPO;MATCHED
BO902792;D2602977;15/08/2025;PWR_FR;S;01/06/2026;30/06/2026;119,400;MWH;69,1230;EUR;EEX_CL;MATCHED
BO902690;D2602862;18/08/2025;NG_PEG;S;01/12/2027;31/12/2027;146,000;MWH;41,1050;EUR;STATKR;MATCHED
BO903273;D2603490;30/06/2025;PWR_FR;S;01/03/2027;31/03/2027;1144,600;MWH;77,5550;EUR;EDF_TR;MATCHED
BO904959;D2605285;17/09/2025;PWR_FR;B;01/09/2026;30/09/2026;407,300;MWH;70,5340;EUR;EDF_TR;MATCHED
BO907356;D2607825;02/09/2025;NG_PEG;S;01/04/2026;30/04/2026;667,900;MWH;31,9380;EUR;EDF_TR;MATCHED
BO908499;D2605560;29/05/2026;PWR_FR;S;01/10/2027;31/12/2027;68,500;MWH;79,1050;EUR;STATKR;MATCHED
BO901375;D2601462;25/06/2025;NG_PEG;S;01/07/2026;30/06/2027;83,100;MWH;27,2540;EUR;EDF_TR;MATCHED
BO900146;D2600155;13/07/2026;NG_PEG;S;01/04/2027;30/04/2027;96,100;MWH;35,3180;EUR;MERCUR;MATCHED
BO904329;D2604601;14/05/2026;NG_PEG;B;01/09/2026;30/09/2026;128,700;MWH;29,9280;EUR;SHELL_;MATCHED
BO906423;D2606842;25/06/2026;PWR_FR;B;01/04/2027;30/06/2027;194,200;MWH;71,5890;EUR;UNIPER;MATCHED
BO901316;D2601397;27/02/2026;NG_PEG;S;01/09/2027;30/09/2027;286,300;MWH;26,3650;EUR;MERCUR;MATCHED
BO903740;D2603974;02/10/2025;NG_PEG;B;01/04/2027;30/04/2027;487,200;MWH;29,0480;EUR;EEX_CL;MATCHED
BO901592;D2601696;08/10/2025;PWR_FR;B;01/09/2027;30/11/2027;109,000;MWH;80,3370;EUR;EEX_CL;MATCHED
BO907576;D2608056;23/01/2026;PWR_FR;B;01/02/2027;30/04/2027;342,000;MWH;84,6500;EUR;TOTALE;MATCHED
BO903657;D2603887;27/03/2026;PWR_FR;S;01/07/2026;31/07/2026;309,600;MWH;46,7500;EUR;AXPO;MATCHED
BO907340;D2607809;17/09/2025;PWR_FR;S;01/08/2026;31/10/2026;530,000;MWH;71,6990;EUR;MERCUR;MATCHED
BO905979;D2606373;24/11/2025;NG_PEG;S;01/11/2027;31/01/2028;690,200;MWH;40,2560;EUR;ICE_EN;CXL
BO902071;D2602204;17/09/2025;NG_PEG;S;01/09/2026;30/11/2026;600,300;MWH;26,6980;EUR;VITOL;MATCHED
BO908298;D2608833;16/07/2026;PWR_FR;B;01/05/2026;31/07/2026;527,300;MWH;58,3770;EUR;EEX_CL;MATCHED
BO908154;D2608681;27/06/2025;PWR_FR;B;01/01/2026;31/01/2026;46,000;MWH;100,4960;EUR;GUNVOR;MATCHED
BO904605;D2604899;17/04/2026;PWR_FR;S;01/12/2026;31/12/2026;66,900;MWH;91,7860;EUR;EDF_TR;MATCHED
BO908461;D2601680;22/09/2025;NG_PEG;B;01/02/2027;28/02/2027;89,900;MWH;38,7000;EUR;RWE;MATCHED
BO903715;D2603947;02/07/2026;PWR_FR;B;01/03/2027;31/05/2027;525,600;MWH;84,0350;EUR;VITOL;MATCHED
BO902535;D2602696;08/12/2025;PWR_FR;B;01/02/2027;28/02/2027;118,900;MWH;103,5720;EUR;GUNVOR;MATCHED
BO907800;D2608296;17/09/2025;PWR_FR;S;01/07/2027;31/07/2027;180,200;MWH;64,7540;EUR;TOTALE;MATCHED
BO900778;D2600820;16/07/2025;NG_PEG;B;01/02/2026;28/02/2026;63,400;MWH;32,1900;EUR;STATKR;MATCHED
BO906636;D2607062;27/01/2026;NG_PEG;S;01/11/2027;31/01/2028;484,800;MWH;34,4310;EUR;AXPO;MATCHED
BO904565;D2604857;20/10/2025;NG_PEG;B;01/05/2027;31/05/2027;64,100;MWH;27,0660;EUR;RWE;MATCHED
BO908862;D2604387;02/04/2026;PWR_FR;B;01/07/2026;31/07/2026;472,300;MWH;59,9590;EUR;TOTALE;MATCHED
BO903233;D2603447;18/09/2025;PWR_FR;S;01/07/2026;31/07/2026;309,700;MWH;66,1800;EUR;AXPO;CXL
BO903060;D2603264;16/12/2025;NG_PEG;B;01/04/2027;30/04/2027;92,100;MWH;29,0230;EUR;STATKR;MATCHED
BO906712;D2607144;30/09/2025;PWR_FR;S;01/04/2027;30/04/2027;435,500;MWH;81,9580;EUR;EDF_TR;MATCHED
BO900069;D2600074;11/06/2025;PWR_FR;B;01/10/2027;31/10/2027;186,900;MWH;102,4080;EUR;SHELL_;MATCHED
BO904275;D2604544;07/05/2026;PWR_FR;S;01/03/2027;31/03/2027;909,300;MWH;83,3570;EUR;ICE_EN;MATCHED
BO904847;D2605167;28/08/2025;NG_PEG;B;01/04/2027;30/04/2027;983,400;MWH;32,6140;EUR;GUNVOR;MATCHED
BO906333;D2606748;18/03/2026;NG_PEG;B;01/11/2027;30/11/2027;620,700;MWH;33,9350;EUR;VITOL;MATCHED
BO900489;D2600520;24/09/2025;PWR_FR;B;01/10/2026;31/10/2026;187,200;MWH;66,7650;EUR;SHELL_;MATCHED
BO903209;D2603422;16/01/2026;PWR_FR;B;01/07/2026;31/07/2026;138,500;MWH;61,4020;EUR;VITOL;MATCHED
BO904364;D2604639;13/08/2025;NG_PEG;B;01/12/2027;31/12/2027;330,600;MWH;43,1410;EUR;TOTALE;MATCHED
BO902342;D2602488;11/06/2025;PWR_FR;S;01/06/2027;30/06/2027;335,800;MWH;57,0050;EUR;MERCUR;MATCHED
BO905801;D2606187;07/04/2026;NG_PEG;B;01/08/2026;31/08/2026;280,700;MWH;25,9740;EUR;TOTALE;MATCHED
BO906348;D2606763;03/03/2026;NG_PEG;S;01/08/2026;31/08/2026;389,900;MWH;27,9910;EUR;EDF_TR;MATCHED
BO908390;D2608929;13/03/2026;PWR_FR;B;01/03/2026;31/03/2026;102,500;MWH;82,2780;EUR;STATKR;MATCHED
BO902884;D2603077;29/12/2025;PWR_FR;S;01/01/2027;31/01/2027;230,100;MWH;110,2390;EUR;TOTALE;MATCHED
BO904235;D2604501;02/06/2026;PWR_FR;S;01/12/2026;28/02/2027;141,700;MWH;100,9580;EUR;GUNVOR;MATCHED
BO902044;D2602175;30/03/2026;NG_PEG;S;01/05/2027;31/05/2027;342,100;MWH;28,9600;EUR;EDF_TR;CXL
BO900413;D2600437;19/11/2025;NG_PEG;B;01/03/2026;31/03/2026;148,100;MWH;33,0480;EUR;GUNVOR;MATCHED
BO908024;D2608543;30/06/2026;NG_PEG;S;01/08/2027;31/08/2027;182,100;MWH;27,9930;EUR;UNIPER;MATCHED
BO900313;D2600333;30/03/2026;NG_PEG;S;01/07/2027;31/07/2027;107,300;MWH;25,7315;EUR;UNIPER;MATCHED
BO903409;D2603627;22/08/2025;PWR_FR;S;01/05/2027;31/05/2027;73,400;MWH;61,3250;EUR;VITOL;MATCHED
BO907604;D2608088;16/07/2026;PWR_FR;S;01/08/2027;31/08/2027;157,600;MWH;59,8360;EUR;MERCUR;MATCHED
BO904455;D2604739;06/05/2026;NG_PEG;S;01/08/2027;31/10/2027;135,700;MWH;24,2150;EUR;TOTALE;MATCHED
BO902544;D2602705;24/11/2025;PWR_FR;B;01/11/2027;30/11/2027;66,000;MWH;99,8300;EUR;EDF_TR;MATCHED
BO902367;D2602518;10/07/2025;PWR_FR;S;01/07/2027;31/07/2027;672,400;MWH;71,6730;EUR;EDF_TR;MATCHED
BO904071;D2604329;11/03/2026;PWR_FR;B;01/03/2026;31/03/2026;99,700;MWH;88,7550;EUR;EDF_TR;MATCHED
BO900838;D2600886;13/07/2026;NG_PEG;S;01/08/2027;31/10/2027;167,400;MWH;24,7210;EUR;SHELL_;MATCHED
BO906880;D2607320;08/07/2025;PWR_FR;B;01/08/2027;31/08/2027;257,500;MWH;51,7820;EUR;RWE;MATCHED
BO905256;D2605602;05/08/2025;PWR_FR;S;01/03/2026;31/03/2026;1187,400;MWH;75,4920;EUR;MERCUR;MATCHED
BO906201;D2606606;08/08/2025;NG_PEG;B;01/12/2027;31/12/2027;120,200;MWH;33,8410;EUR;MERCUR;MATCHED
BO908080; D2608601;11/09/2025;PWR_FR;S;01/08/2026;31/10/2026;97,600;MWH;56,2270;EUR;STATKR;MATCHED
BO900157;D2600167;13/01/2026;PWR_FR;S;01/05/2027;31/07/2027;247,200;MWH;72,7130;EUR;GUNVOR;MATCHED
BO902112;D2602246;13/07/2026;PWR_FR;B;01/07/2026;31/07/2026;825,200;MWH;53,6080;EUR;GUNVOR;MATCHED
BO905012;D2605340;06/10/2025;PWR_FR;B;01/11/2027;30/11/2027;82,900;MWH;90,9280;EUR;UNIPER;MATCHED
BO901980;D2602108;18/05/2026;PWR_FR;B;01/07/2027;31/07/2027;1163,500;MWH;56,5960;EUR;VITOL;MATCHED
BO903786;D2604026;17/04/2026;NG_PEG;S;01/02/2027;28/02/2027;122,600;MWH;37,8840;EUR;EDF_TR;MATCHED
BO908223;D2608753;27/08/2025;NG_PEG;B;01/08/2026;31/07/2027;555,100;MWH;26,7010;EUR;RWE;MATCHED
BO906890;D2607330;19/08/2025;NG_PEG;S;01/07/2026;31/07/2026;159,300;MWH;26,9530;EUR;VITOL;MATCHED
BO902141;D2602276;02/04/2026;PWR_FR;S;01/12/2027;31/12/2027;137,000;MWH;101,9230;EUR;EEX_CL;MATCHED
BO906616;D2607041;15/10/2025;NG_PEG;B;01/08/2027;31/08/2027;324,200;MWH;21,5290;EUR;GUNVOR;MATCHED
BO904206;D2604470;30/03/2026;PWR_FR;B;01/05/2026;31/05/2026;164,800;MWH;61,7980;EUR;AXPO;CXL
BO903546;D2603767;13/10/2025;PWR_FR;S;01/06/2027;30/06/2027;213,200;MWH;63,1760;EUR;ICE_EN;MATCHED
BO903535;D2603756;07/04/2026;NG_PEG;B;01/08/2027;31/08/2027;1187,800;MWH;30,4850;EUR;MERCUR;MATCHED
BO907457;D2607930;22/07/2025;PWR_FR;B;01/01/2027;31/03/2027;188,600;MWH;80,7320;EUR;STATKR;MATCHED
BO990061;D9500061;01/01/2026;PWR_FR;B;01/12/2026;31/12/2026;93,100;MWH;95,9370;EUR;GUNVOR;CXL
BO907021;D2607470;13/10/2025;PWR_FR;B;01/07/2027;30/09/2027;105,500;MWH;61,4420;EUR;GUNVOR;MATCHED
BO907179;D02607637;17/09/2025;PWR_FR;B;01/09/2026;30/11/2026;46,800;MWH;80,1500;EUR;ICE_EN;MATCHED
BO907990;D2608507;11/06/2026;NG_PEG;S;01/08/2026;31/07/2027;933,700;MWH;27,4970;EUR;RWE;MATCHED
BO906913;D2607354;23/06/2025;PWR_FR;B;01/11/2026;30/11/2026;150,600;MWH;94,9860;EUR;GUNVOR;MATCHED
BO902797;D2602982;01/01/2026;PWR_FR;S;01/08/2026;31/08/2026;663,200;MWH;49,2980;EUR;VITOL;MATCHED
BO901749;D2601858;02/06/2025;PWR_FR;B;01/04/2027;30/06/2027;490,900;MWH;84,8610;EUR;RWE;MATCHED
BO904070;D2604328;10/03/2026;NG_PEG;B;01/12/2027;31/12/2027;284300,000;KWH;34,3570;EUR;GUNVOR;MATCHED
BO900729;D2600771;20/03/2026;PWR_FR;S;01/07/2027;30/06/2028;500,100;MWH;57,4210;EUR;ICE_EN;MATCHED
BO902189;D2602327;10/12/2025;PWR_FR;B;01/01/2026;31/01/2026;726,900;MWH;103,6140;EUR;VITOL;MATCHED
BO901281;D2601359;19/02/2026;NG_PEG;B;01/03/2026;31/03/2026;127,600;MWH;34,5990;EUR;TOTALE;MATCHED
BO902239;D2602378;10/06/2025;PWR_FR;B;01/06/2027;31/08/2027;330,800;MWH;69,6640;EUR;SHELL_;MATCHED
BO905981;D2606375;29/06/2026;PWR_FR;B;01/01/2026;31/01/2026;394,300;MWH;110,3040;EUR;STATKR;MATCHED
BO900189;D2600201;16/09/2025;PWR_FR;S;01/06/2026;30/06/2026;1481,600;MWH;64,1450;EUR;AXPO;MATCHED
BO908843;D2608752;19/02/2026;NG_PEG;S;01/08/2026;31/08/2026;331,700;MWH;26,2350;EUR;ICE_EN;MATCHED
BO900705;D2600747;20/11/2025;NG_PEG;B;01/07/2027;31/07/2027;130,300;MWH;22,3330;EUR;VITOL;MATCHED
BO901957;D2602085;07/07/2026;PWR_FR;S;01/10/2027;31/10/2027;231,700;MWH;85,3890;EUR;MERCUR;MATCHED
BO907997;D2608514;18/02/2026;NG_PEG;B;01/01/2027;31/01/2027;156,900;MWH;34,7640;EUR;RWE;MATCHED
BO904858;D2605179;27/02/2026;NG_PEG;B;01/03/2027;31/03/2027;94,000;MWH;35,9500;EUR;MERCUR;MATCHED
BO900430;D2600455;11/06/2026;NG_PEG;S;01/09/2026;30/09/2026;740,800;MWH;30,6720;EUR;UNIPER;MATCHED
BO905936;D2606325;22/07/2026;PWR_FR;S;01/12/2027;29/02/2028;239,800;MWH;93,4750;EUR;EEX_CL;MATCHED
BO904121;D2604381;01/12/2025;PWR_FR;S;01/09/2026;30/09/2026;704,700;MWH;69,5340;EUR;UNIPER;MATCHED
BO906855;D2607295;30/07/2025;NG_PEG;B;01/05/2027;31/05/2027;149,100;MWH;29,3500;EUR;AXPO;MATCHED
BO902035;D2602166;02/07/2025;PWR_FR;B;01/08/2027;31/08/2027;49,600;MWH;62,6640;EUR;AXPO;MATCHED
BO905737;D2606118;01/07/2026;PWR_FR;S;01/01/2027;31/01/2027;76,700;MWH;97,2630;EUR;TOTALE;MATCHED
BO902872;D2603061;14/01/2026;PWR_FR;S;01/08/2026;31/08/2026;345,100;MWH;61,4630;EUR;STATKR;MATCHED
BO907876;D2608383;14/07/2026;PWR_FR;B;01/10/2026;31/10/2026;231,800;MWH;92,4140;EUR;RWE;MATCHED
BO906822;D2607260;10/12/2025;PWR_FR;B;01/11/2026;30/11/2026;436,200;MWH;89,8500;EUR;MERCUR;MATCHED
BO906603;D2607028;11/03/2026;NG_PEG;B;01/01/2026;31/03/2026;132,400;MWH;36,0570;EUR;TOTALE;MATCHED
BO907728;D2608217;17/06/2025;NG_PEG;B;01/05/2026;31/05/2026;1238,700;MWH;23,9900;EUR;EEX_CL;MATCHED
BO907980;D2608497;12/06/2025;NG_PEG;B;01/07/2026;31/07/2026;147,800;MWH;23,7010;EUR;STATKR;MATCHED
BO903542;D2603763;20/02/2026;NG_PEG;B;01/08/2026;31/08/2026;1811,300;MWH;26,0930;EUR;TOTALE;MATCHED
BO906253;D2606663;05/11/2025;NG_PEG;S;01/01/2027;31/01/2027;564,800;MWH;38,7440;EUR;MERCUR;MATCHED
BO904956;D2605282;18/08/2025;NG_PEG;B;01/02/2026;28/02/2026;139,200;MWH;39,7480;EUR;ICE_EN;MATCHED
BO908032;D2608551;10/12/2025;PWR_FR;B;01/06/2027;30/06/2027;311,800;MWH;67,9790;EUR;UNIPER;MATCHED
BO904704;D2605012;20/01/2026;NG_PEG;S;01/02/2026;28/02/2026;78,200;MWH;34,5430;EUR;TOTALE;MATCHED
BO900229;D2600242;13/02/2026;NG_PEG;S;01/09/2027;30/09/2027;154,700;MWH;28,7270;EUR;UNIPER;MATCHED
BO902178;D2602314;29/08/2025;PWR_FR;B;01/05/2027;31/05/2027;357,000;MWH;63,3130;EUR;EDF_TR;MATCHED
BO903454;D2603672;03/09/2025;NG_PEG;S;01/10/2027;31/10/2027;284,000;MWH;36,6250;EUR;EDF_TR;MATCHED
BO903371;D2603589;17/06/2026;NG_PEG;S;01/04/2026;31/03/2027;399,200;MWH;31,5090;EUR;STATKR;MATCHED
BO902807;D2602993;18/11/2025;PWR_FR;B;01/07/2027;31/07/2027;9,700;MWH;67,5730;EUR;RWE;MATCHED
BO901277;D2601355;23/12/2025;NG_PEG;S;01/08/2026;31/08/2026;79,800;MWH;23,3230;EUR;EDF_TR;MATCHED
BO906264;D2606674;30/10/2025;PWR_FR;B;01/11/2027;30/11/2027;303,700;MWH;109,1440;EUR;AXPO;MATCHED
BO900017;D2600017;12/01/2026;PWR_FR;B;01/06/2027;31/08/2027;144,500;MWH;59,5900;EUR;TOTALE;MATCHED
BO907073;D2607524;13/01/2026;PWR_FR;S;01/01/2027;31/03/2027;223,400;MWH;71,6500;EUR;ICE_EN;MATCHED
BO902658;D2602825;10/04/2026;PWR_FR;S;01/10/2027;31/10/2027;317,800;MWH;69,9810;EUR;AXPO;MATCHED
BO906774;D2607207;26/01/2026;PWR_FR;B;01/04/2027;30/04/2027;250,600;MWH;70,4080;EUR;SHELL_;MATCHED
BO901548;D2601648;15/06/2026;PWR_FR;B;01/05/2027;31/07/2027;196,900;MWH;73,6180;EUR;VITOL;MATCHED
BO902429;d2602583;10/02/2026;PWR_FR;S;01/08/2027;31/10/2027;97,700;MWH;60,5440;EUR;SHELL_;MATCHED
BO902973;D2603169;16/09/2025;PWR_FR;B;01/09/2026;31/08/2027;22,600;MWH;50,0020;EUR;UNIPER;MATCHED
BO907865;D2608370;05/06/2026;PWR_FR;B;01/12/2026;28/02/2027;313,400;MWH;95,0580;EUR;SHELL_;MATCHED
BO901208;D2601284;14/07/2025;PWR_FR;B;01/05/2026;31/05/2026;236,100;MWH;57,4220;EUR;EEX_CL;MATCHED
BO905082;D2605413;28/07/2025;PWR_FR;S;01/11/2026;31/10/2027;113,000;MWH;77,1240;EUR;VITOL;MATCHED
BO900685;D2600726;04/11/2025;PWR_FR;B;01/07/2026;31/07/2026;183,900;MWH;67,3350;EUR;RWE;MATCHED
BO901731;D2601840;29/08/2025;PWR_FR;S;01/04/2026;30/04/2026;40,500;MWH;61,9880;EUR;VITOL;MATCHED
BO902948;D2603143;13/07/2026;PWR_FR;S;01/03/2026;28/02/2027;189,600;MWH;85,9960;EUR;ICE_EN;MATCHED
BO908528;D2603445;05/08/2025;PWR_FR;B;01/10/2026;31/10/2026;585,200;MWH;74,7000;EUR;GUNVOR;MATCHED
BO990041;D9500041;06/11/2025;NG_PEG;B;01/03/2027;31/03/2027;6910,400;MWH;34,1110;EUR;AXPO;MATCHED
BO905686;D2606065;08/05/2026;PWR_FR;S;01/10/2026;31/10/2026;116,800;MWH;83,8720;EUR;GUNVOR;MATCHED
BO907242;D2607704;12/08/2025;NG_PEG;B;01/11/2026;31/01/2027;225,600;MWH;35,6530;EUR;EDF_TR;MATCHED
BO908267;D2608799;20/03/2026;PWR_FR;B;01/11/2027;30/11/2027;484,000;MWH;88,4200;EUR;STATKR;MATCHED
BO901744;D2601853;03/09/2025;NG_PEG;B;01/06/2026;30/06/2026;589,100;MWH;22,5990;EUR;GUNVOR;MATCHED
BO905150;D2605485;12/01/2026;NG_PEG;B;01/03/2026;31/03/2026;596,000;MWH;34,4090;EUR;MERCUR;MATCHED
BO902495;D2602650;31/03/2026;PWR_FR;B;01/12/2027;31/12/2027;72,300;MWH;92,6120;EUR;MERCUR;MATCHED
BO905786;D2606171;26/08/2025;PWR_FR;B;01/04/2026;30/04/2026;120,700;MWH;73,3710;EUR;ICE_EN;MATCHED
BO905934;D2606323;21/05/2026;NG_PEG;S;01/03/2027;31/03/2027;261,200;MWH;32,1130;EUR;AXPO;MATCHED
BO905289;D2605640;24/06/2026;PWR_FR;B;01/08/2027;31/08/2027;72,400;MWH;78,2410;EUR;EEX_CL;MATCHED
BO990085;D9500085;06/06/2025;NG_PEG;B;01/01/2026;31/01/2026;336,400;MWH;41,0200;EUR;STATKR;MATCHED
BO903980;D2604230;14/01/2026;PWR_FR;B;01/09/2027;30/11/2027;238,500;MWH;63,3900;EUR;VITOL;MATCHED
BO902560;D2602722;02/04/2026;PWR_FR;B;01/09/2027;30/09/2027;46,400;MWH;52,7650;EUR;GUNVOR;MATCHED
BO907593;D2608077;30/07/2025;NG_PEG;B;01/08/2027;31/08/2027;103,300;MWH;22,3880;EUR;UNIPER;MATCHED
BO900154;D2600164;11/06/2026;NG_PEG;B;01/08/2027;31/07/2028;303,400;MWH;24,3790;EUR;VITOL;MATCHED
BO906589;D2607014;12/01/2026;PWR_FR;S;01/05/2027;31/05/2027;139,200;MWH;58,1180;EUR;UNIPER;MATCHED
BO906775;D2607208;04/02/2026;NG_PEG;B;01/09/2026;30/11/2026;228,600;MWH;29,3220;EUR;EDF_TR;MATCHED
BO907598;D2608082;13/11/2025;NG_PEG;B;01/01/2026;31/01/2026;109,700;MWH;39,4710;EUR;GUNVOR;MATCHED
BO907914;D2608427;19/01/2026;NG_PEG;S;01/12/2027;31/12/2027;412,100;MWH;38,1560;EUR;EEX_CL;MATCHED
BO905211;D2605552;12/12/2025;PWR_FR;B;01/03/2027;31/03/2027;326,800;MWH;75,8400;EUR;UNIPER;CXL
BO900280;D2600297;26/06/2025;NG_PEG;S;01/07/2027;31/07/2027;742,900;MWH;25,9630;EUR;TOTALE;MATCHED
BO903918;D2604162;19/03/2026;PWR_FR;B;01/06/2026;30/06/2026;186,600;MWH;53,8920;EUR;VITOL;MATCHED
BO907660;D2608147;19/02/2026;PWR_FR;B;01/07/2027;31/07/2027;483,400;MWH;63,8540;EUR;UNIPER;MATCHED
BO905805;D2606191;04/11/2025;NG_PEG;B;01/04/2027;30/04/2027;1120,100;MWH;35,1450;EUR;TOTALE;MATCHED
BO902200;D2602338;15/06/2026;NG_PEG;S;01/03/2026;31/05/2026;53,200;MWH;33,3450;EUR;EDF_TR;CXL
BO905450;D2605813;10/10/2025;NG_PEG;B;01/08/2027;31/08/2027;309,500;MWH;22,9240;EUR;RWE;MATCHED
BO907214;D2607674;16/04/2026;NG_PEG;B;01/01/2026;31/01/2026;197,100;MWH;39,3080;EUR;RWE;MATCHED
BO904571;D2604863;11/02/2026;NG_PEG;S;01/03/2026;31/03/2026;345,300;MWH;37,6550;EUR;SHELL_;MATCHED
BO904114;D2604374;31/03/2026;PWR_FR;B;01/05/2027;31/05/2027;351,000;MWH;63,3280;EUR;STATKR;MATCHED
BO903246;D2603461;21/07/2025;PWR_FR;S;01/02/2027;28/02/2027;70,800;MWH;85,6790;EUR;STATKR;MATCHED
BO903431;D2603649;02/01/2026;PWR_FR;B;01/09/2027;30/09/2027;217,300;MWH;85,1170;EUR;TOTALE;MATCHED
BO902026;D2602156;07/05/2026;PWR_FR;B;01/07/2027;31/07/2027;702,300;MWH;55,1970;EUR;EEX_CL;MATCHED
BO903655;D2603885;19/01/2026;NG_PEG;B;01/06/2027;30/06/2027;147,300;MWH;25,1520;EUR;SHELL_;MATCHED
BO902755;D2602934;21/07/2025;PWR_FR;S;01/04/2026;30/06/2026;215,600;MWH;86,4780;EUR;MERCUR;MATCHED
BO904613;D2604907;27/08/2025;PWR_FR;B;01/07/2026;31/07/2026;143,000;MWH;70,2150;EUR;MERCUR;MATCHED
BO900607;D2600647;02/06/2026;NG_PEG;S;01/01/2026;31/12/2026;666,100;MWH;38,9400;EUR;GUNVOR;MATCHED
BO906280;D2606691;14/07/2025;PWR_FR;B;01/02/2027;28/02/2027;91,200;MWH;86,1840;EUR;RWE;MATCHED
BO906114;D2606514;22/07/2025;NG_PEG;B;01/05/2026;30/04/2027;110,100;MWH;26,9720;EUR;TOTALE;MATCHED
BO903939;D2604186;26/09/2025;PWR_FR;S;01/01/2026;31/01/2026;157,500;MWH;105,2620;EUR;AXPO;MATCHED
BO902640;D2602806;28/08/2025;PWR_FR;B;01/09/2027;31/08/2028;169,200;MWH;69,0210;EUR;UNIPER;MATCHED
BO907630;D2608116;22/06/2026;PWR_FR;S;01/11/2026;30/11/2026;1274,700;MWH;99,0650;EUR;RWE;MATCHED
BO906755;D2607188;02/12/2025;PWR_FR;B;01/10/2027;31/10/2027;168,900;MWH;84,8800;EUR;SHELL_;MATCHED
BO901150;D2601225;04/09/2025;NG_PEG;S;01/09/2027;30/09/2027;149,500;MWH;23,9590;EUR;VITOL;MATCHED
BO902781;D2602965;14/08/2025;PWR_FR;S;01/08/2026;31/08/2026;183,600;MWH;45,3580;EUR;RWE;MATCHED
BO903303;D2603520;16/10/2025;PWR_FR;B;01/08/2027;31/08/2027;174,800;MWH;66,1320;EUR;ICE_EN;MATCHED
BO902582;D2602746;18/11/2025;PWR_FR;B;01/03/2026;31/03/2026;130,500;MWH;76,5690;EUR;VITOL;MATCHED
BO903394;D2603612;29/10/2025;PWR_FR;S;01/11/2026;30/11/2026;176,300;MWH;92,5930;EUR;RWE;MATCHED
BO908264;D2608796;22/06/2026;NG_PEG;B;01/11/2026;30/11/2026;292,600;MWH;34,1670;EUR;EDF_TR;MATCHED
BO906017;d2606411;08/07/2025;NG_PEG;S;01/02/2027;30/04/2027;295,600;MWH;34,8800;EUR;ICE_EN;MATCHED
BO903314;D2603532;11/07/2025;PWR_FR;B;01/05/2027;31/05/2027;107,600;MWH;77,5770;EUR;STATKR;MATCHED
BO903564;D2603786;13/03/2026;PWR_FR;S;01/05/2027;31/05/2027;160,900;MWH;57,5800;EUR;VITOL;MATCHED
BO902078;D2602212;05/01/2026;PWR_FR;B;01/08/2026;31/08/2026;148,400;MWH;53,2130;EUR;SHELL_;MATCHED
BO908394;D2608933;15/01/2026;NG_PEG;S;01/07/2026;31/07/2026;203,500;MWH;27,6420;EUR;EDF_TR;MATCHED
BO907859;D2608363;13/02/2026;PWR_FR;S;01/04/2026;30/06/2026;1503,700;MWH;67,6170;EUR;STATKR;MATCHED
BO904327;D2604598;19/06/2025;NG_PEG;S;01/07/2027;30/09/2027;1016,300;MWH;24,3620;EUR;AXPO;MATCHED
BO903429;D2603647;25/11/2025;NG_PEG;S;01/02/2027;28/02/2027;255,700;MWH;35,4810;EUR;ICE_EN;MATCHED
BO901831;D2601947;28/07/2025;PWR_FR;S;01/03/2026;28/02/2027;608,700;MWH;87,4410;EUR;TOTALE;MATCHED
BO903038;D2603241;19/06/2026;NG_PEG;S;01/09/2027;30/09/2027;476,300;MWH;29,2150;EUR;AXPO;MATCHED
BO903243;D2603458;27/08/2025;PWR_FR;S;01/08/2026;31/10/2026;327,200;MWH;55,9810;EUR;UNIPER;MATCHED
BO903275;D2603492;18/07/2025;NG_PEG;B;01/05/2027;31/05/2027;271,000;MWH;28,8050;EUR;UNIPER;MATCHED
BO990058;D9500058;03/07/2026;NG_PEG;B;01/04/2026;30/04/2026;343,400;MWH;33,7770;EUR;AXPO;MATCHED
BO901056;D2601123;24/10/2025;NG_PEG;B;01/09/2026;30/11/2026;1009,600;MWH;24,0690;EUR;EEX_CL;MATCHED
BO907034;D2607483;30/12/2025;NG_PEG;B;01/03/2027;31/03/2027;48,100;MWH;33,3290;EUR;RWE;MATCHED
BO901242;D2601320;11/07/2025;PWR_FR;S;01/12/2027;29/02/2028;305,000;MWH;86,7160;EUR;RWE;MATCHED
BO900982;D2601038;17/07/2025;PWR_FR;B;01/10/2026;31/10/2026;1070,400;MWH;80,0460;EUR;UNIPER;MATCHED
BO903218;D2603431;20/03/2026;PWR_FR;S;01/04/2026;30/04/2026;419,200;MWH;82,0750;EUR;SHELL_;MATCHED
BO908386;D2608925;15/07/2025;NG_PEG;S;01/07/2026;30/09/2026;324,500;MWH;25,5400;EUR;MERCUR;MATCHED
BO907682;D2608169;16/01/2026;PWR_FR;S;01/06/2027;30/06/2027;480,700;MWH;55,2520;EUR;SHELL_;MATCHED
BO906595;D2607020;05/08/2025;PWR_FR;B;01/01/2027;31/01/2027;90,300;MWH;93,7940;EUR;EDF_TR;MATCHED
BO904831;D2605149;24/06/2026;PWR_FR;B;01/07/2026;31/07/2026;77,500;MWH;61,8090;EUR;RWE;MATCHED
BO907594;D2608078;02/07/2026;PWR_FR;B;01/01/2026;31/03/2026;99,500;MWH;97,9740;EUR;EDF_TR;CXL
BO906654;D2607083;30/12/2025;NG_PEG;B;01/09/2026;30/11/2026;627,600;MWH;25,7440;EUR;UNIPER;MATCHED
BO905457;d2605820;06/08/2025;PWR_FR;B;01/03/2027;31/05/2027;157,600;MWH;89,4630;EUR;GUNVOR;MATCHED
BO908108;D2608631;24/07/2025;NG_PEG;B;01/01/2027;31/01/2027;172,300;MWH;39,8010;EUR;MERCUR;MATCHED
BO902749;D2602927;06/06/2025;PWR_FR;S;01/08/2026;31/08/2026;253,300;MWH;56,2770;EUR;MERCUR;MATCHED
BO905101;D2605433;16/01/2026;NG_PEG;S;01/09/2027;30/09/2027;112,800;MWH;24,6770;EUR;VITOL;MATCHED
BO902720;D2602892;01/06/2026;PWR_FR;S;01/04/2026;31/03/2027;241,100;MWH;83,0030;EUR;AXPO;MATCHED
BO906071;D2606467;23/04/2026;PWR_FR;B;01/03/2026;28/02/2027;180,200;MWH;81,8060;EUR;EEX_CL;MATCHED
BO904370;D2604647;18/03/2026;PWR_FR;B;01/05/2027;31/07/2027;271,400;MWH;81,1190;EUR;VITOL;MATCHED
BO901776;D2601886;13/07/2026;PWR_FR;B;01/04/2027;30/04/2027;320,400;MWH;80,4390;EUR;EDF_TR;MATCHED
BO908974;D2608715;27/04/2026;NG_PEG;B;01/10/2027;31/10/2027;148,300;MWH;31,3720;EUR;UNIPER;MATCHED
BO904896;D2605218;30/07/2025;NG_PEG;B;01/06/2027;30/06/2027;75,400;MWH;24,5810;EUR;EDF_TR;MATCHED
BO906738;D2607171;06/03/2026;NG_PEG;B;01/03/2026;31/05/2026;179,100;MWH;35,3400;EUR;EEX_CL;MATCHED
BO906488;D2606908;16/06/2025;PWR_FR;B;01/06/2027;30/06/2027;54,800;MWH;57,7390;EUR;ICE_EN;MATCHED
BO905894;D2606282;02/02/2026;NG_PEG;B;01/03/2026;31/03/2026;318,100;MWH;27,2530;EUR;ICE_EN;MATCHED
BO904828;D2605146;29/06/2026;NG_PEG;S;01/03/2026;31/03/2026;212,900;MWH;35,2210;EUR;ICE_EN;CXL
BO905714;D2606095;29/04/2026;NG_PEG;B;01/09/2027;30/11/2027;197100,000;KWH;24,7700;EUR;ICE_EN;MATCHED
BO900055;D2600058;07/07/2025;NG_PEG;B;01/06/2026;30/06/2026;208,900;MWH;23,1810;EUR;UNIPER;MATCHED
BO905690;D2606070;25/11/2025;PWR_FR;S;01/05/2027;31/05/2027;246,500;MWH;76,6790;EUR;MERCUR;MATCHED
BO905307;D2605660;02/06/2025;PWR_FR;S;01/07/2027;31/07/2027;127,600;MWH;62,9290;EUR;STATKR;MATCHED
BO907110;D2607566;16/01/2026;NG_PEG;B;01/09/2027;30/09/2027;568,800;MWH;28,4990;EUR;AXPO;MATCHED
BO905594;D2605964;31/10/2025;PWR_FR;B;01/07/2027;31/07/2027;206,900;MWH;60,7500;EUR;EEX_CL;MATCHED
BO904084;D2604342;01/10/2025;PWR_FR;B;01/02/2027;28/02/2027;2687,700;MWH;80,5150;EUR;ICE_EN;MATCHED
BO908367;D2608905;22/10/2025;PWR_FR;B;01/08/2027;31/10/2027;272,000;MWH;59,0250;EUR;SHELL_;MATCHED
BO904964;D2605290;30/04/2026;PWR_FR;S;01/06/2027;30/06/2027;861,600;MWH;64,9960;EUR;SHELL_;MATCHED
BO907308;D2607775;04/05/2026;NG_PEG;S;01/06/2027;30/06/2027;402,600;MWH;25,0260;EUR;MERCUR;MATCHED
BO900234;D2600248;13/07/2026;NG_PEG;S;01/09/2027;30/09/2027;327,700;MWH;29,4720;EUR;GUNVOR;CXL
BO904756;D2605068;25/02/2026;PWR_FR;B;01/07/2027;31/07/2027;133,500;MWH;65,8570;EUR;VITOL;MATCHED
BO901356;D2601439;10/09/2025;NG_PEG;B;01/02/2026;28/02/2026;145,600;MWH;30,5830;EUR;EEX_CL;MATCHED
BO900986;D2601042;05/12/2025;PWR_FR;B;01/08/2026;31/08/2026;428,100;MWH;58,7050;EUR;RWE;MATCHED
BO907208;D2607668;27/03/2026;PWR_FR;B;01/05/2027;31/05/2027;112,000;MWH;71,6790;EUR;VITOL;MATCHED
BO903778;D2604018;10/04/2026;NG_PEG;B;01/09/2026;30/09/2026;155,400;MWH;25,4620;EUR;EDF_TR;MATCHED
BO905306;D2605659;14/05/2026;PWR_FR;B;01/12/2027;29/02/2028;796,800;MWH;94,5460;EUR;SHELL_;MATCHED
BO900901;D2600952;18/08/2025;PWR_FR;B;01/08/2027;31/08/2027;71,800;MWH;59,4280;EUR;SHELL_;MATCHED
BO902460;D2602614;23/09/2025;PWR_FR;S;01/01/2026;31/01/2026;274,100;MWH;93,6690;EUR;TOTALE;MATCHED
BO903652;D2603882;20/10/2025;PWR_FR;B;01/06/2027;30/06/2027;277,900;MWH;66,4190;EUR;SHELL_;MATCHED
BO907818;D2608315;11/09/2025;PWR_FR;S;01/01/2026;31/01/2026;253,400;MWH;104,3640;EUR;EEX_CL;MATCHED
BO906758;D2607191;10/11/2025;PWR_FR;S;01/07/2027;30/09/2027;164,900;MWH;64,3450;EUR;EDF_TR;MATCHED
BO906548;D2606970;13/05/2026;PWR_FR;B;01/05/2027;31/05/2027;100,400;MWH;71,5200;EUR;STATKR;MATCHED
BO902250;D2602389;02/10/2025;PWR_FR;S;01/10/2026;31/12/2026;313,700;MWH;80,3640;EUR;STATKR;MATCHED
BO904637;D2604933;05/05/2026;PWR_FR;B;01/07/2026;30/09/2026;346,100;MWH;53,0850;EUR;VITOL;CXL
BO906673;D2607104;01/01/2026;PWR_FR;B;01/03/2026;31/03/2026;352,900;MWH;97,1200;EUR;VITOL;MATCHED
BO901453;D2601545;25/05/2026;PWR_FR;B;01/05/2027;31/07/2027;78,200;MWH;76,3240;EUR;SHELL_;MATCHED
BO900106;D2600112;24/12/2025;NG_PEG;B;01/06/2026;30/06/2026;123,500;MWH;31,3450;EUR;EEX_CL;MATCHED
BO908058;D2608578;14/04/2026;PWR_FR;S;01/01/2026;31/01/2026;297,400;MWH;96,6000;EUR;AXPO;MATCHED
BO908030;D2608549;25/09/2025;NG_PEG;B;01/02/2026;30/04/2026;473,500;MWH;36,9890;EUR;EEX_CL;MATCHED
BO908845;D2602195;17/06/2025;PWR_FR;B;01/08/2026;31/10/2026;112,600;MWH;79,4280;EUR;RWE;MATCHED
BO907913;D2608426;19/02/2026;NG_PEG;S;01/11/2027;31/01/2028;378,200;MWH;28,3160;EUR;VITOL;MATCHED
BO901130;D2601205;03/11/2025;NG_PEG;S;01/12/2027;31/12/2027;308,700;MWH;38,4850;EUR;AXPO;MATCHED
BO904143;D2604405;09/07/2025;PWR_FR;S;01/11/2026;30/11/2026;127,500;MWH;89,5150;EUR;SHELL_;MATCHED
BO907873;D2608380;23/03/2026;NG_PEG;B;01/02/2027;28/02/2027;445,600;MWH;37,3660;EUR;EDF_TR;MATCHED
BO901034;D2601098;12/08/2025;PWR_FR;S;01/07/2026;30/06/2027;248,200;MWH;69,2420;EUR;ICE_EN;MATCHED
BO901441;D2601533;27/03/2026;NG_PEG;S;01/12/2026;30/11/2027;166,600;MWH;30,9060;EUR;EDF_TR;MATCHED
BO904981;D2605307;09/03/2026;PWR_FR;B;01/11/2026;31/01/2027;337,000;MWH;81,7160;EUR;RWE;MATCHED
BO903573;D2603797;09/01/2026;NG_PEG;B;01/05/2026;31/07/2026;430,000;MWH;26,5500;EUR;TOTALE;MATCHED
BO904077;D2604335;03/02/2026;NG_PEG;S;01/09/2026;30/09/2026;408,000;MWH;25,3000;EUR;EDF_TR;MATCHED
BO906043;D02606438;15/07/2025;NG_PEG;B;01/08/2026;31/08/2026;491,200;MWH;27,6950;EUR;RWE;MATCHED
BO901859;D2601979;01/07/2026;NG_PEG;S;01/07/2026;31/07/2026;588,000;MWH;25,7310;EUR;VITOL;MATCHED
BO908816;D2601564;06/07/2026;NG_PEG;B;01/02/2027;28/02/2027;252,500;MWH;33,6000;EUR;GUNVOR;MATCHED
BO902294;D2602438;19/08/2025;PWR_FR;B;01/10/2026;31/10/2026;330,600;MWH;76,7100;EUR;ICE_EN;CXL
BO905361;D2605716;28/10/2025;NG_PEG;B;01/02/2026;28/02/2026;102,500;MWH;38,5090;EUR;EEX_CL;MATCHED
BO905069;D2605398;22/07/2025;PWR_FR;S;01/02/2026;28/02/2026;982,900;MWH;99,9510;EUR;UNIPER;MATCHED
BO901793; D2601905;11/08/2025;NG_PEG;S;01/10/2027;31/10/2027;274,000;MWH;34,0920;EUR;RWE;MATCHED
BO908920;D2601477;22/06/2026;NG_PEG;S;01/10/2026;31/10/2026;277,400;MWH;25,4390;EUR;SHELL_;MATCHED
BO902990;D2603188;03/06/2026;PWR_FR;S;01/03/2027;29/02/2028;354,000;MWH;86,3120;EUR;RWE;MATCHED
BO906650;D2607079;10/09/2025;PWR_FR;B;01/01/2027;31/01/2027;233,800;MWH;96,2310;EUR;GUNVOR;MATCHED
BO900933;D2600986;08/05/2026;PWR_FR;B;01/11/2027;31/01/2028;481,100;MWH;92,9210;EUR;VITOL;MATCHED
BO906849;D2607288;27/11/2025;PWR_FR;S;01/08/2026;31/08/2026;172,100;MWH;55,0590;EUR;AXPO;MATCHED
BO907333;D2607802;24/06/2025;NG_PEG;B;01/07/2026;31/07/2026;361,400;MWH;28,5410;EUR;AXPO;MATCHED
BO905186;D2605525;30/04/2026;NG_PEG;B;01/05/2026;31/05/2026;336,500;MWH;27,7720;EUR;EEX_CL;MATCHED
BO907513;D2607988;06/05/2026;NG_PEG;B;01/04/2026;30/04/2026;237,800;MWH;28,2380;EUR;RWE;MATCHED
BO908195;D2608723;29/08/2025;NG_PEG;S;01/08/2026;31/08/2026;257,500;MWH;22,7390;EUR;STATKR;MATCHED
BO902461;D2602615;24/12/2025;PWR_FR;B;01/04/2026;31/03/2027;494100,000;KWH;83,2240;EUR;TOTALE;MATCHED
BO901230;D2601307;07/07/2025;PWR_FR;S;01/05/2027;31/05/2027;551,300;MWH;65,3480;EUR;EDF_TR;MATCHED
BO902499;D2602655;14/07/2026;NG_PEG;S;01/03/2027;31/03/2027;139,900;MWH;42,5240;EUR;MERCUR;MATCHED
BO908119;D2608643;02/12/2025;NG_PEG;B;01/12/2027;29/02/2028;82,900;MWH;31,4390;EUR;RWE;MATCHED
BO907136;D2607593;13/02/2026;NG_PEG;B;01/04/2026;30/04/2026;1182,700;MWH;35,6510;EUR;VITOL;MATCHED
BO907831;d2608330;20/07/2026;PWR_FR;S;01/11/2026;31/01/2027;342,800;MWH;74,1630;EUR;ICE_EN;MATCHED
BO903922;D2604167;19/06/2025;PWR_FR;B;01/02/2027;28/02/2027;300,200;MWH;106,9930;EUR;STATKR;MATCHED
BO900086; D2600091;03/12/2025;PWR_FR;S;01/01/2027;31/01/2027;274,300;MWH;104,7160;EUR;RWE;MATCHED
BO903282;D2603499;10/07/2026;NG_PEG;B;01/10/2026;31/10/2026;64,200;MWH;35,7800;EUR;TOTALE;MATCHED
BO907414;D2607887;20/08/2025;NG_PEG;S;01/10/2027;31/10/2027;954,900;MWH;36,4760;EUR;RWE;MATCHED
BO903830;D2604071;04/09/2025;PWR_FR;B;01/04/2026;30/04/2026;267,800;MWH;60,7900;EUR;EDF_TR;MATCHED
BO901318;D2601399;19/02/2026;PWR_FR;S;01/06/2027;30/06/2027;231,100;MWH;74,8220;EUR;STATKR;MATCHED
BO902916;D2603110;05/08/2025;NG_PEG;S;01/03/2027;29/02/2028;274,400;MWH;32,6140;EUR;MERCUR;MATCHED
BO901247;D2601325;23/01/2026;PWR_FR;S;01/01/2027;31/12/2027;65,200;MWH;94,4420;EUR;AXPO;MATCHED
BO908551;D2604974;29/07/2025;PWR_FR;B;01/12/2026;28/02/2027;721,900;MWH;90,3280;EUR;SHELL_;MATCHED
BO907794;D2608290;22/05/2026;PWR_FR;B;01/01/2026;31/12/2026;92,300;MWH;64,4030;EUR;AXPO;MATCHED
BO904914;D2605236;23/04/2026;NG_PEG;B;01/04/2027;30/04/2027;176,900;MWH;31,2790;EUR;SHELL_;MATCHED
BO901748;D2601857;05/09/2025;PWR_FR;S;01/10/2026;31/10/2026;802,600;MWH;69,4130;EUR;RWE;MATCHED
BO901239;D2601317;11/03/2026;PWR_FR;S;01/12/2027;29/02/2028;114,400;MWH;83,4210;EUR;VITOL;MATCHED
BO900156;D2600166;17/02/2026;NG_PEG;S;01/04/2027;30/04/2027;582,000;MWH;29,6570;EUR;VITOL;MATCHED
BO900681;D2600722;10/09/2025;NG_PEG;B;01/06/2026;31/08/2026;300,400;MWH;25,4210;EUR;AXPO;MATCHED
BO902708;D2602880;10/10/2025;NG_PEG;B;01/06/2026;30/06/2026;1819,300;MWH;25,5290;EUR;MERCUR;MATCHED
BO905774;D2606158;12/09/2025;NG_PEG;B;01/07/2027;30/09/2027;183,000;MWH;23,3100;EUR;SHELL_;MATCHED
BO908787;D2602206;28/05/2026;PWR_FR;B;01/04/2026;30/04/2026;300,600;MWH;73,5610;EUR;AXPO;MATCHED
BO904398;d2604678;30/09/2025;PWR_FR;S;01/10/2026;31/10/2026;448,400;MWH;78,0480;EUR;MERCUR;MATCHED
BO900936;D2600989;09/12/2025;PWR_FR;S;01/04/2027;30/04/2027;790,700;MWH;81,1180;EUR;ICE_EN;MATCHED
BO902079;D2602213;02/09/2025;PWR_FR;S;01/07/2027;31/07/2027;226,900;MWH;62,4620;EUR;SHELL_;MATCHED
BO907004;D2607451;30/03/2026;PWR_FR;S;01/10/2026;31/10/2026;583,200;MWH;84,7390;EUR;UNIPER;CXL
BO904638;D2604934;07/04/2026;NG_PEG;B;01/01/2026;31/01/2026;182,500;MWH;47,5750;EUR;ICE_EN;MATCHED
BO904845;D02605165;09/03/2026;PWR_FR;B;01/11/2026;30/11/2026;379,200;MWH;77,8180;EUR;ICE_EN;MATCHED
BO908572;D2606156;16/04/2026;PWR_FR;B;01/08/2026;31/08/2026;38,500;MWH;62,7920;EUR;VITOL;MATCHED
BO906725;D2607157;10/09/2025;NG_PEG;B;01/11/2026;31/01/2027;112,200;MWH;32,7610;EUR;TOTALE;MATCHED
BO908350;D2608887;12/12/2025;PWR_FR;B;01/07/2026;31/07/2026;126,200;MWH;51,1190;EUR;MERCUR;MATCHED
BO908393;D2608932;29/08/2025;NG_PEG;S;01/07/2026;31/07/2026;137,000;MWH;28,1730;EUR;GUNVOR;MATCHED
BO900916;D2600968;03/07/2026;PWR_FR;B;01/07/2026;30/09/2026;313,400;MWH;58,7220;EUR;STATKR;MATCHED
BO900463;D2600491;29/08/2025;PWR_FR;S;01/10/2026;31/12/2026;342,100;MWH;82,4240;EUR;RWE;MATCHED
BO901148;D2601223;13/10/2025;NG_PEG;B;01/10/2027;31/10/2027;168,600;MWH;30,3830;EUR;RWE;MATCHED
BO903220;D2603433;04/02/2026;PWR_FR;S;01/02/2026;31/01/2027;162,800;MWH;78,4950;EUR;TOTALE;MATCHED
BO901180;D2601256;13/08/2025;NG_PEG;B;01/05/2026;31/07/2026;1070,600;MWH;26,6380;EUR;RWE;MATCHED
BO900080;D2600085;19/05/2026;PWR_FR;B;01/02/2026;30/04/2026;89,800;MWH;108,3620;EUR;MERCUR;MATCHED
BO905337;D2605690;13/07/2026;NG_PEG;S;01/02/2027;30/04/2027;139,800;MWH;39,0160;EUR;EEX_CL;MATCHED
BO905783;D2606167;08/09/2025;PWR_FR;B;01/09/2027;30/09/2027;475,200;MWH;67,7680;EUR;ICE_EN;MATCHED
BO902652;D2602818;28/11/2025;NG_PEG;B;01/07/2027;30/06/2028;153,000;MWH;29,0530;EUR;RWE;MATCHED
BO907847;D2608348;06/06/2025;PWR_FR;B;01/07/2026;31/07/2026;393,200;MWH;55,7480;EUR;EDF_TR;MATCHED
BO903032;D2603235;25/08/2025;PWR_FR;B;01/04/2027;30/06/2027;851,600;MWH;71,6350;EUR;ICE_EN;MATCHED
BO900144;D2600153;01/12/2025;NG_PEG;B;01/01/2027;31/01/2027;313,800;MWH;40,6770;EUR;VITOL;MATCHED
BO903946;D2604193;26/09/2025;NG_PEG;S;01/07/2027;30/09/2027;266,000;MWH;19,9480;EUR;GUNVOR;MATCHED
BO906352;D2606767;24/11/2025;PWR_FR;S;01/09/2027;30/09/2027;302,100;MWH;71,3860;EUR;TOTALE;MATCHED
BO908877;D2608919;19/06/2026;PWR_FR;B;01/04/2027;30/06/2027;146,000;MWH;86,2350;EUR;UNIPER;MATCHED
BO900598;D2600637;15/07/2026;NG_PEG;B;01/10/2026;31/12/2026;513,300;MWH;34,3720;EUR;AXPO;MATCHED
BO906824;D2607263;14/05/2026;PWR_FR;B;01/03/2027;31/03/2027;133,700;MWH;83,4470;EUR;STATKR;MATCHED
BO906385;D2606802;16/04/2026;NG_PEG;S;01/01/2026;31/01/2026;180,800;MWH;38,5650;EUR;ICE_EN;MATCHED
BO906969;D2607414;02/03/2026;PWR_FR;B;01/07/2027;31/07/2027;422,000;MWH;52,1450;EUR;STATKR;MATCHED
BO908633;D2604552;06/11/2025;NG_PEG;B;01/01/2026;31/01/2026;218,300;MWH;40,8670;EUR;RWE;MATCHED
BO905157;D2605492;02/02/2026;NG_PEG;B;01/09/2026;30/11/2026;127,500;MWH;25,8400;EUR;EDF_TR;MATCHED
BO905791;D2606176;22/10/2025;PWR_FR;S;01/07/2027;31/07/2027;345,400;MWH;65,5290;EUR;MERCUR;MATCHED
BO904128;D2604389;02/07/2025;PWR_FR;S;01/12/2027;29/02/2028;124,000;MWH;92,2500;EUR;UNIPER;MATCHED
BO906563;D2606985;18/09/2025;PWR_FR;S;01/12/2026;31/12/2026;230,200;MWH;89,3950;EUR;GUNVOR;MATCHED
BO905293;D2605644;18/11/2025;PWR_FR;B;01/01/2026;31/01/2026;1232,700;MWH;84,7190;EUR;VITOL;MATCHED
BO905613;D2605987;08/12/2025;PWR_FR;S;01/09/2026;30/09/2026;191,100;MWH;69,3800;EUR;EDF_TR;MATCHED
BO905054;D2605383;16/03/2026;NG_PEG;B;01/01/2027;31/03/2027;282,400;MWH;45,7510;EUR;RWE;MATCHED
BO908228;D2608758;06/06/2025;PWR_FR;B;01/04/2027;30/04/2027;305,000;MWH;89,3280;EUR;AXPO;MATCHED
BO904602;D2604896;09/01/2026;PWR_FR;B;01/03/2026;31/03/2026;328,900;MWH;78,0730;EUR;GUNVOR;MATCHED
BO904297;D2604568;03/03/2026;NG_PEG;S;01/03/2027;31/03/2027;173,800;MWH;30,7900;EUR;EDF_TR;CXL
BO900851;D2600899;02/12/2025;PWR_FR;B;01/02/2026;28/02/2026;158,800;MWH;86,9170;EUR;GUNVOR;MATCHED
BO907176;D2607634;15/07/2025;PWR_FR;S;01/05/2026;31/07/2026;451,700;MWH;69,0200;EUR;EEX_CL;MATCHED
BO908069;D2608589;21/10/2025;PWR_FR;S;01/02/2026;28/02/2026;227,300;MWH;89,8380;EUR;EDF_TR;MATCHED
BO907496;D2607969;08/10/2025;PWR_FR;B;01/07/2027;31/07/2027;185,500;MWH;42,8230;EUR;VITOL;MATCHED
BO908498;D2608341;15/04/2026;PWR_FR;S;01/09/2027;30/09/2027;55,900;MWH;56,2000;EUR;TOTALE;MATCHED
BO903079;D2603284;17/02/2026;PWR_FR;B;01/12/2026;28/02/2027;248,400;MWH;95,5580;EUR;UNIPER;MATCHED
BO905089;D2605420;25/11/2025;PWR_FR;S;01/02/2027;30/04/2027;362,200;MWH;87,4790;EUR;AXPO;MATCHED
BO906576;D2606999;14/01/2026;PWR_FR;S;01/03/2026;31/05/2026;229,000;MWH;101,3320;EUR;RWE;MATCHED
BO907106;D2607561;07/08/2025;NG_PEG;B;01/03/2027;31/03/2027;202,700;MWH;37,0790;EUR;RWE;MATCHED
BO904038;D2604293;01/09/2025;NG_PEG;B;01/09/2027;30/09/2027;291,400;MWH;27,3630;EUR;MERCUR;MATCHED
BO907901;D2608411;24/07/2025;PWR_FR;B;01/10/2026;31/10/2026;174,600;MWH;74,1900;EUR;ICE_EN;MATCHED
BO901206;D2601282;28/11/2025;PWR_FR;S;01/05/2026;31/07/2026;166,800;MWH;71,5660;EUR;ICE_EN;MATCHED
BO908584;D2601581;06/07/2026;NG_PEG;S;01/08/2026;31/10/2026;227,500;MWH;27,4050;EUR;RWE;MATCHED
BO903520;D2603741;13/07/2026;NG_PEG;S;01/11/2026;30/11/2026;213,300;MWH;35,8810;EUR;SHELL_;MATCHED
BO900505;D2600539;03/09/2025;NG_PEG;S;01/11/2026;31/01/2027;103,900;MWH;42,9020;EUR;TOTALE;MATCHED
BO904282;D2604551;01/07/2025;NG_PEG;S;01/12/2027;31/12/2027;148,700;MWH;25,7850;EUR;TOTALE;MATCHED
BO905502;D2605869;22/09/2025;PWR_FR;S;01/09/2027;30/09/2027;383,500;MWH;63,8800;EUR;STATKR;MATCHED
BO904109;D2604368;08/10/2025;PWR_FR;S;01/04/2027;30/04/2027;569,600;MWH;69,6170;EUR;UNIPER;MATCHED
BO903647;D2603877;04/02/2026;NG_PEG;B;01/06/2027;31/05/2028;167,500;MWH;25,3750;EUR;MERCUR;MATCHED
BO900833;D2600880;04/06/2025;NG_PEG;S;01/06/2026;30/06/2026;210,800;MWH;24,9950;EUR;EEX_CL;MATCHED
BO990017;D9500017;17/02/2026;NG_PEG;B;01/12/2027;31/12/2027;1599,100;MWH;38,4460;EUR;MERCUR;MATCHED
BO900914;D2600965;29/08/2025;PWR_FR;B;01/10/2026;31/10/2026;118,300;MWH;85,0600;EUR;UNIPER;MATCHED
BO904483;D2604769;29/12/2025;PWR_FR;B;01/02/2026;30/04/2026;103,300;MWH;99,6550;EUR;TOTALE;MATCHED
BO906102;D2606501;24/12/2025;PWR_FR;S;01/06/2027;30/06/2027;105,200;MWH;61,2310;EUR;EEX_CL;MATCHED
BO905825;D2606212;05/08/2025;PWR_FR;S;01/01/2026;31/01/2026;605,800;MWH;73,5370;EUR;SHELL_;MATCHED
BO905319;D2605672;30/09/2025;PWR_FR;B;01/06/2026;31/08/2026;517,300;MWH;65,3640;EUR;EDF_TR;MATCHED
BO905295;D2605646;25/06/2026;NG_PEG;S;01/09/2026;30/09/2026;1414,100;MWH;30,4850;EUR;EEX_CL;MATCHED
BO907991;D2608508;04/05/2026;PWR_FR;S;01/04/2027;30/04/2027;592,800;MWH;85,2700;EUR;ICE_EN;MATCHED
BO907722;D2608211;27/06/2025;NG_PEG;B;01/07/2026;31/07/2026;298,800;MWH;23,0590;EUR;ICE_EN;MATCHED
BO902355;D2602503;25/07/2025;PWR_FR;B;01/06/2026;31/08/2026;315,200;MWH;62,7870;EUR;AXPO;MATCHED
BO906819;D2607257;22/01/2026;NG_PEG;S;01/08/2027;31/08/2027;265,900;MWH;23,2830;EUR;GUNVOR;MATCHED
BO903626;D2603854;29/10/2025;PWR_FR;B;01/02/2027;28/02/2027;167,900;MWH;82,4830;EUR;ICE_EN;MATCHED
BO905939;D2606329;08/12/2025;PWR_FR;S;01/05/2027;31/05/2027;420,100;MWH;70,2340;EUR;STATKR;MATCHED
BO905208;D2605549;09/01/2026;PWR_FR;B;01/08/2026;31/08/2026;73,500;MWH;53,2010;EUR;UNIPER;MATCHED
BO905720;D2606101;04/02/2026;PWR_FR;B;01/05/2027;30/04/2028;154400,000;KWH;62,0230;EUR;GUNVOR;MATCHED
BO904955;D2605281;23/06/2026;NG_PEG;S;01/11/2026;30/11/2026;438,800;MWH;33,7870;EUR;GUNVOR;MATCHED
BO904764;D2605076;13/03/2026;PWR_FR;B;01/04/2026;30/04/2026;606,100;MWH;84,2270;EUR;MERCUR;MATCHED
BO901268;D2601346;19/01/2026;NG_PEG;S;01/05/2026;31/05/2026;187,900;MWH;22,8860;EUR;STATKR;MATCHED
BO904423;D2604704;14/10/2025;PWR_FR;B;01/05/2026;31/05/2026;1154,600;MWH;66,1798;EUR;MERCUR;MATCHED
BO900196;D2600209;19/06/2025;NG_PEG;B;01/11/2026;30/11/2026;165,500;MWH;35,2290;EUR;GUNVOR;MATCHED
BO908236;D2608767;23/06/2026;PWR_FR;S;01/11/2027;30/11/2027;142,100;MWH;82,6640;EUR;EEX_CL;MATCHED
BO903185;D2603396;21/07/2025;PWR_FR;S;01/12/2026;28/02/2027;125800,000;KWH;99,7740;EUR;EEX_CL;MATCHED
BO903258;D2603474;28/04/2026;PWR_FR;B;01/02/2027;28/02/2027;97,800;MWH;98,8220;EUR;UNIPER;MATCHED
BO905437;D2605797;05/09/2025;PWR_FR;B;01/03/2027;31/03/2027;170,300;MWH;80,5620;EUR;AXPO;MATCHED
BO900661;D2600702;28/01/2026;PWR_FR;S;01/11/2026;31/01/2027;286,100;MWH;85,8750;EUR;AXPO;MATCHED
BO906016;D2606410;02/06/2025;PWR_FR;S;01/04/2026;30/04/2026;57,800;MWH;62,9120;EUR;ICE_EN;MATCHED
BO902795;D2602980;19/08/2025;NG_PEG;B;01/10/2026;31/10/2026;678,200;MWH;35,5810;EUR;EEX_CL;MATCHED
BO902427;D2602581;09/07/2026;PWR_FR;B;01/05/2026;31/05/2026;632,600;MWH;55,5340;EUR;SHELL_;MATCHED
BO907628;D2608114;02/06/2025;PWR_FR;B;01/05/2026;31/05/2026;38,600;MWH;54,1370;EUR;GUNVOR;MATCHED
BO901747;D2601856;22/07/2026;PWR_FR;B;01/11/2026;30/11/2026;115,700;MWH;79,7710;EUR;AXPO;MATCHED
BO904851;D2605171;16/09/2025;NG_PEG;B;01/10/2026;31/12/2026;105,200;MWH;33,7460;EUR;EEX_CL;MATCHED
BO902578;D2602742;26/05/2026;NG_PEG;S;01/04/2027;30/06/2027;121,500;MWH;30,8520;EUR;AXPO;MATCHED
BO904939;D2605264;07/11/2025;PWR_FR;B;01/04/2026;30/04/2026;26200,000;KWH;83,0100;EUR;EDF_TR;MATCHED
BO906926;D2607369;09/12/2025;NG_PEG;B;01/05/2027;31/05/2027;1243,300;MWH;30,6160;EUR;AXPO;MATCHED
BO905362;D2605717;10/12/2025;NG_PEG;S;01/05/2027;31/05/2027;131,800;MWH;23,0570;EUR;STATKR;MATCHED
BO904258;D2604526;02/10/2025;NG_PEG;B;01/10/2027;31/12/2027;202,800;MWH;31,3320;EUR;GUNVOR;MATCHED
BO900837;D2600885;10/09/2025;PWR_FR;B;01/11/2026;30/11/2026;127,400;MWH;72,5980;EUR;GUNVOR;MATCHED
BO903217;D2603430;06/01/2026;PWR_FR;B;01/06/2026;31/05/2027;569,100;MWH;63,9900;EUR;EDF_TR;MATCHED
BO907327;D2607795;27/01/2026;PWR_FR;B;01/07/2027;31/07/2027;59,000;MWH;64,9530;EUR;SHELL_;MATCHED
BO902676;D2602846;25/07/2025;PWR_FR;S;01/11/2026;30/11/2026;316,100;MWH;98,0870;EUR;VITOL;MATCHED
BO901697;D2601805;02/09/2025;PWR_FR;B;01/05/2027;31/05/2027;225,500;MWH;66,4480;EUR;EDF_TR;MATCHED
BO907790;D2608286;18/07/2025;PWR_FR;S;01/02/2026;28/02/2026;213,600;MWH;96,9440;EUR;MERCUR;MATCHED
BO904240;D2604508;05/12/2025;NG_PEG;B;01/09/2026;31/08/2027;288,600;MWH;28,6930;EUR;AXPO;MATCHED
BO903825;D2604066;12/05/2026;NG_PEG;S;01/03/2026;31/05/2026;173,100;MWH;36,3250;EUR;ICE_EN;MATCHED
BO990079;D9500079;22/01/2026;NG_PEG;B;01/02/2026;30/04/2026;74,800;MWH;38,6560;EUR;STATKR;MATCHED
BO904550;D2604840;15/07/2025;PWR_FR;B;01/11/2027;30/11/2027;248,300;MWH;68,0940;EUR;GUNVOR;MATCHED
BO901348;D2601431;22/06/2026;PWR_FR;B;01/05/2026;31/05/2026;235,300;MWH;74,3370;EUR;MERCUR;MATCHED
BO905636;D2606013;23/01/2026;NG_PEG;S;01/04/2026;30/04/2026;1019,300;MWH;33,4070;EUR;EEX_CL;MATCHED
BO908430;D2608970;18/06/2025;NG_PEG;S;01/11/2027;30/11/2027;270,100;MWH;34,7470;EUR;SHELL_;MATCHED
BO905868;D2606256;24/04/2026;NG_PEG;S;01/01/2027;31/01/2027;242,300;MWH;38,5900;EUR;MERCUR;MATCHED
BO908203;D2608732;17/03/2026;NG_PEG;B;01/07/2027;30/09/2027;157,200;MWH;25,5970;EUR;VITOL;MATCHED
BO904416;D2604696;16/01/2026;PWR_FR;B;01/09/2027;30/09/2027;690,200;MWH;67,0460;EUR;EDF_TR;MATCHED
BO900477;D2600508;24/07/2026;NG_PEG;B;01/02/2027;28/02/2027;437,900;MWH;36,2160;EUR;RWE;MATCHED
BO901940;D2602067;13/11/2025;PWR_FR;B;01/03/2026;31/03/2026;1395,800;MWH;89,3280;EUR;GUNVOR;MATCHED
BO906624;D2607049;17/04/2026;NG_PEG;S;01/11/2027;30/11/2027;209,600;MWH;36,3100;EUR;EDF_TR;MATCHED
BO904689;D2604996;19/01/2026;NG_PEG;B;01/10/2026;31/10/2026;133,900;MWH;30,7700;EUR;EEX_CL;MATCHED
BO904801;D2605117;09/09/2025;PWR_FR;B;01/05/2026;31/07/2026;321,200;MWH;75,9580;EUR;ICE_EN;MATCHED
BO905864;D2606252;28/05/2026;NG_PEG;S;01/02/2026;30/04/2026;83,100;MWH;40,2460;EUR;EEX_CL;MATCHED
BO905940;D2606330;15/12/2025;NG_PEG;B;01/02/2027;28/02/2027;365,400;MWH;37,7940;EUR;GUNVOR;MATCHED
BO906748;D2607181;08/05/2026;PWR_FR;S;01/08/2026;31/08/2026;458,800;MWH;69,9730;EUR;GUNVOR;MATCHED
BO901916;D2602041;07/01/2026;NG_PEG;B;01/04/2026;30/06/2026;168,500;MWH;32,8740;EUR;TOTALE;MATCHED
BO907105;D2607560;23/12/2025;PWR_FR;S;01/10/2026;30/09/2027;76,800;MWH;79,0390;EUR;SHELL_;MATCHED
BO900310;D2600329;12/02/2026;PWR_FR;B;01/04/2027;30/04/2027;311,600;MWH;67,6819;EUR;STATKR;MATCHED
BO903824;D2604065;04/06/2025;NG_PEG;B;01/09/2027;31/08/2028;1295,700;MWH;31,0870;EUR;RWE;MATCHED
BO900733;D2600775;21/11/2025;PWR_FR;B;01/10/2026;31/10/2026;96,600;MWH;83,9410;EUR;RWE;MATCHED
BO902564;D2602726;05/05/2026;NG_PEG;S;01/05/2027;31/07/2027;250,300;MWH;24,3010;EUR;AXPO;MATCHED
BO900686;D2600727;08/07/2026;NG_PEG;B;01/01/2027;31/01/2027;290,800;MWH;37,3190;EUR;RWE;MATCHED
BO908261;D2608793;23/01/2026;PWR_FR;B;01/10/2026;31/10/2026;635,100;MWH;74,8340;EUR;RWE;MATCHED
BO905451;D2605814;13/01/2026;PWR_FR;B;01/09/2026;30/09/2026;667,800;MWH;79,4670;EUR;VITOL;MATCHED
BO908970;D2605087;23/12/2025;PWR_FR;B;01/04/2026;30/06/2026;88,300;MWH;59,7780;EUR;ICE_EN;MATCHED
BO903369;D2603587;23/03/2026;PWR_FR;B;01/10/2027;31/10/2027;77,700;MWH;77,4130;EUR;MERCUR;CXL
BO901379;D2601466;29/05/2026;PWR_FR;B;01/10/2027;31/10/2027;76,800;MWH;73,0330;EUR;AXPO;MATCHED
BO906634;D2607060;02/07/2025;NG_PEG;B;01/09/2026;31/08/2027;256,000;MWH;26,3940;EUR;MERCUR;MATCHED
BO905322;D2605675;03/12/2025;NG_PEG;S;01/11/2026;30/11/2026;697,600;MWH;43,0500;EUR;SHELL_;MATCHED
BO908547;D2607690;30/07/2025;PWR_FR;B;01/01/2027;31/03/2027;638,200;MWH;108,3220;EUR;SHELL_;MATCHED
BO906412;D2606830;04/02/2026;PWR_FR;B;01/09/2026;30/11/2026;79,600;MWH;76,0990;EUR;SHELL_;MATCHED
BO906024;D2606418;17/07/2026;NG_PEG;B;01/02/2027;28/02/2027;347,300;MWH;36,2260;EUR;VITOL;MATCHED
BO906787;D2607220;14/07/2025;PWR_FR;B;01/03/2027;31/05/2027;23,400;MWH;84,8590;EUR;UNIPER;MATCHED
BO903566;D2603789;29/05/2026;NG_PEG;S;01/09/2026;30/09/2026;101,000;MWH;26,0720;EUR;GUNVOR;MATCHED
BO901454;D2601546;10/04/2026;PWR_FR;B;01/01/2026;31/01/2026;188,300;MWH;83,3280;EUR;ICE_EN;MATCHED
BO906967;D2607411;10/06/2026;PWR_FR;S;01/12/2026;31/12/2026;124,300;MWH;89,4600;EUR;EEX_CL;MATCHED
BO908640;D2603074;10/07/2025;NG_PEG;B;01/11/2026;30/11/2026;134,900;MWH;27,2500;EUR;RWE;MATCHED
BO903529;D2603750;31/07/2025;PWR_FR;B;01/03/2027;31/03/2027;119,700;MWH;86,3020;EUR;STATKR;MATCHED
BO906504;D2606924;16/10/2025;NG_PEG;S;01/01/2027;31/01/2027;313,200;MWH;41,2590;EUR;GUNVOR;MATCHED
BO907915;D2608428;28/07/2025;NG_PEG;B;01/07/2027;30/09/2027;137,100;MWH;22,4610;EUR;UNIPER;MATCHED
BO907382;D2607853;30/03/2026;NG_PEG;B;01/02/2027;28/02/2027;214,500;MWH;36,3480;EUR;RWE;MATCHED
BO908435;D2608975;05/05/2026;PWR_FR;S;01/05/2026;30/04/2027;176,100;MWH;64,5970;EUR;TOTALE;MATCHED
BO901578;D2601681;17/10/2025;PWR_FR;B;01/07/2026;31/07/2026;503,600;MWH;47,3120;EUR;GUNVOR;MATCHED
BO905722;D2606103;26/12/2025;NG_PEG;S;01/05/2026;31/05/2026;129,600;MWH;28,6630;EUR;SHELL_;MATCHED
BO906652;D2607081;06/11/2025;PWR_FR;S;01/04/2026;30/04/2026;102,900;MWH;78,9760;EUR;STATKR;MATCHED
BO905511;D2605878;10/07/2026;PWR_FR;S;01/03/2026;31/03/2026;249,600;MWH;94,9850;EUR;EDF_TR;MATCHED
BO900165;D2600176;30/06/2025;NG_PEG;B;01/06/2026;30/06/2026;89,000;MWH;26,2480;EUR;ICE_EN;MATCHED
BO900056;D2600059;13/06/2025;PWR_FR;B;01/11/2027;30/11/2027;183,100;MWH;82,9870;EUR;SHELL_;MATCHED
BO907355;D2607824;25/02/2026;PWR_FR;B;01/08/2026;31/08/2026;980,600;MWH;54,9150;EUR;VITOL;MATCHED
BO900968;D2601023;19/06/2026;PWR_FR;B;01/04/2027;30/04/2027;635,800;MWH;82,8880;EUR;EEX_CL;MATCHED
BO904542;D2604832;22/09/2025;NG_PEG;B;01/10/2027;31/12/2027;931,100;MWH;29,6840;EUR;SHELL_;MATCHED
BO990008;D9500008;23/03/2026;NG_PEG;B;01/02/2027;28/02/2027;445,600;MWH;37,3660;EUR;EDF_TR;MATCHED
BO903733;D2603967;27/04/2026;PWR_FR;S;01/10/2027;31/10/2027;173,100;MWH;75,0760;EUR;SHELL_;MATCHED
BO908023;D2608542;29/06/2026;PWR_FR;S;01/06/2026;30/06/2026;230,300;MWH;57,0870;EUR;AXPO;MATCHED
BO906086;D2606483;22/08/2025;PWR_FR;S;01/04/2026;31/03/2027;457,400;MWH;84,8160;EUR;MERCUR;MATCHED
BO903963;D2604211;29/12/2025;PWR_FR;B;01/10/2027;31/10/2027;325,700;MWH;82,6290;EUR;UNIPER;MATCHED
BO901573;D2601675;28/01/2026;NG_PEG;S;01/09/2027;30/09/2027;77,000;MWH;30,2830;EUR;ICE_EN;MATCHED
BO903136;D2603344;24/11/2025;NG_PEG;B;01/09/2026;30/09/2026;518,200;MWH;28,5750;EUR;AXPO;MATCHED
BO902818;D2603005;02/10/2025;NG_PEG;S;01/11/2026;30/11/2026;377,300;MWH;33,8070;EUR;EEX_CL;MATCHED
BO907694;D2608182;31/07/2025;PWR_FR;B;01/08/2026;31/08/2026;181,300;MWH;60,8020;EUR;SHELL_;MATCHED
BO900553;D2600589;14/08/2025;PWR_FR;B;01/01/2027;31/01/2027;268,300;MWH;108,6820;EUR;GUNVOR;MATCHED
BO902041;D2602172;11/08/2025;NG_PEG;B;01/03/2027;31/03/2027;75,000;MWH;30,4630;EUR;VITOL;MATCHED
BO903398;D2603616;28/11/2025;NG_PEG;S;01/04/2026;30/04/2026;151,000;MWH;31,4580;EUR;EEX_CL;MATCHED
BO902868;D2603057;08/05/2026;PWR_FR;B;01/04/2026;31/03/2027;194,500;MWH;71,3190;EUR;EEX_CL;MATCHED
BO900032;D2600035;14/08/2025;PWR_FR;S;01/01/2027;31/01/2027;250,000;MWH;89,0280;EUR;MERCUR;MATCHED
BO905990;D2606384;17/12/2025;PWR_FR;B;01/11/2026;30/11/2026;274,400;MWH;83,9520;EUR;EEX_CL;MATCHED
BO905266;D2605613;19/02/2026;PWR_FR;S;01/05/2026;31/05/2026;195,800;MWH;75,2080;EUR;SHELL_;MATCHED
BO904203;D2604467;09/04/2026;PWR_FR;S;01/04/2027;30/06/2027;204,200;MWH;80,6120;EUR;GUNVOR;MATCHED
BO908091;D2608614;30/06/2026;NG_PEG;S;01/03/2026;31/05/2026;707,900;MWH;29,5930;EUR;STATKR;MATCHED
BO901397;D2601486;25/06/2025;NG_PEG;S;01/11/2026;30/11/2026;68,800;MWH;36,7010;EUR;SHELL_;MATCHED
BO903163; D2603372;16/12/2025;PWR_FR;B;01/05/2027;31/07/2027;519,300;MWH;78,6310;EUR;VITOL;MATCHED
BO908677;D2608242;17/09/2025;NG_PEG;B;01/11/2027;30/11/2027;183,600;MWH;40,2180;EUR;ICE_EN;MATCHED
BO990023;D9500023;03/11/2025;NG_PEG;B;01/01/2026;31/01/2026;172,500;MWH;37,0389;EUR;VITOL;MATCHED
BO901650;D2601756;22/08/2025;PWR_FR;S;01/12/2027;31/12/2027;290,800;MWH;76,8220;EUR;RWE;MATCHED
BO900307;D2600326;12/11/2025;PWR_FR;B;01/09/2027;30/09/2027;231,400;MWH;80,9190;EUR;EDF_TR;MATCHED
BO901622;D2601727;06/02/2026;NG_PEG;B;01/12/2027;31/12/2027;495,600;MWH;33,7030;EUR;TOTALE;MATCHED
BO903250;D2603466;25/06/2025;PWR_FR;S;01/07/2026;30/09/2026;82,500;MWH;75,8550;EUR;AXPO;MATCHED
BO908476;D2604452;26/05/2026;PWR_FR;S;01/05/2027;31/05/2027;257,300;MWH;61,8100;EUR;VITOL;MATCHED
BO900306;D2600325;22/05/2026;NG_PEG;B;01/05/2026;31/05/2026;276,400;MWH;31,6970;EUR;ICE_EN;MATCHED
BO908087; D2608609;09/12/2025;NG_PEG;B;01/08/2027;31/10/2027;33,400;MWH;23,7010;EUR;MERCUR;MATCHED
BO906992;D2607438;25/05/2026;NG_PEG;B;01/01/2027;31/01/2027;140,600;MWH;39,2240;EUR;GUNVOR;MATCHED
BO901741;D2601850;05/06/2025;NG_PEG;B;01/04/2027;30/04/2027;198,600;MWH;26,4140;EUR;RWE;MATCHED
BO907982;D2608499;04/09/2025;PWR_FR;B;01/01/2027;31/01/2027;222,500;MWH;88,5770;EUR;MERCUR;MATCHED
BO907954;D2608467;28/10/2025;PWR_FR;B;01/01/2026;31/01/2026;546,200;MWH;89,8200;EUR;UNIPER;MATCHED
BO906642;D2607070;07/04/2026;NG_PEG;B;01/03/2027;31/03/2027;121,000;MWH;37,7450;EUR;EDF_TR;MATCHED
BO903077;D2603281;09/02/2026;PWR_FR;S;01/04/2027;30/04/2027;654,900;MWH;99,2330;EUR;AXPO;MATCHED
BO904389;D2604668;03/07/2025;NG_PEG;S;01/06/2026;30/06/2026;162,000;MWH;26,6200;EUR;STATKR;MATCHED
BO902265;D2602405;24/12/2025;PWR_FR;S;01/06/2026;31/05/2027;22,600;MWH;59,2530;EUR;UNIPER;MATCHED
BO901880;D2602003;10/07/2026;NG_PEG;B;01/08/2027;31/08/2027;205,300;MWH;26,4470;EUR;VITOL;MATCHED
BO905233;D2605576;23/07/2025;PWR_FR;S;01/10/2026;31/10/2026;88,800;MWH;75,6960;EUR;RWE;MATCHED
BO904017;D2604270;22/12/2025;NG_PEG;B;01/12/2026;31/12/2026;377,100;MWH;38,4300;EUR;EEX_CL;MATCHED
BO903468;D2603686;09/02/2026;NG_PEG;S;01/03/2027;31/03/2027;157,800;MWH;33,5420;EUR;AXPO;MATCHED
BO906897;D2607338;30/06/2025;NG_PEG;S;01/07/2026;31/07/2026;40,500;MWH;26,6260;EUR;ICE_EN;MATCHED
BO902997;D2603196;12/02/2026;PWR_FR;S;01/05/2026;31/05/2026;1095,800;MWH;82,4940;EUR;SHELL_;MATCHED
BO906021;D2606415;26/05/2026;PWR_FR;S;01/08/2027;31/08/2027;177,700;MWH;74,8090;EUR;ICE_EN;MATCHED
BO901176;D2601252;13/07/2026;PWR_FR;B;01/12/2027;31/12/2027;224,300;MWH;79,4070;EUR;VITOL;CXL
BO990083;D9500083;22/08/2025;PWR_FR;B;01/10/2027;31/12/2027;673,000;MWH;85,9510;EUR;VITOL;MATCHED
BO901674;D2601781;15/08/2025;PWR_FR;B;01/02/2027;30/04/2027;279,800;MWH;107,2750;EUR;VITOL;MATCHED
BO908039;D2608558;07/04/2026;PWR_FR;B;01/01/2027;31/01/2027;62,600;MWH;82,4140;EUR;RWE;MATCHED
BO906359;D2606774;26/12/2025;NG_PEG;B;01/07/2027;30/09/2027;111,300;MWH;28,4480;EUR;VITOL;MATCHED
BO903719;D2603952;01/06/2026;NG_PEG;S;01/08/2026;31/10/2026;299,100;MWH;23,3880;EUR;TOTALE;MATCHED
BO900436;D2600462;18/03/2026;NG_PEG;B;01/11/2026;30/11/2026;180,300;MWH;34,6860;EUR;AXPO;MATCHED
BO907259;D2607722;13/10/2025;PWR_FR;B;01/06/2027;30/06/2027;231,100;MWH;70,0369;EUR;VITOL;MATCHED
BO903254;D2603470;16/07/2026;PWR_FR;B;01/12/2027;29/02/2028;327,500;MWH;100,5510;EUR;GUNVOR;MATCHED
BO903644;D2603873;16/06/2026;NG_PEG;B;01/01/2027;31/03/2027;155,400;MWH;43,7380;EUR;SHELL_;MATCHED
BO904626;D2604921;03/02/2026;PWR_FR;S;01/10/2027;31/12/2027;315,100;MWH;80,2650;EUR;VITOL;MATCHED
BO905982;D2606376;24/06/2025;PWR_FR;B;01/06/2026;30/06/2026;85,800;MWH;66,8790;EUR;EEX_CL;MATCHED
BO907001;D2607448;27/01/2026;PWR_FR;B;01/08/2027;31/08/2027;70,600;MWH;58,5580;EUR;GUNVOR;MATCHED
BO907054;D2607503;06/07/2026;NG_PEG;B;01/02/2027;30/04/2027;780,800;MWH;41,5750;EUR;VITOL;MATCHED
BO901368;D2601452;04/09/2025;PWR_FR;B;01/08/2027;31/10/2027;664,600;MWH;64,7030;EUR;SHELL_;MATCHED
BO903471;D2603689;02/09/2025;NG_PEG;B;01/07/2027;31/07/2027;1239,400;MWH;22,8200;EUR;EDF_TR;MATCHED
BO900114;D2600122;25/03/2026;PWR_FR;B;01/12/2027;29/02/2028;397,600;MWH;83,7110;EUR;EDF_TR;MATCHED
BO902057;D2602189;23/07/2026;NG_PEG;S;01/08/2027;31/08/2027;700,200;MWH;27,8430;EUR;MERCUR;MATCHED
BO908163;D2608690;24/09/2025;NG_PEG;S;01/06/2027;30/06/2027;291,100;MWH;27,3180;EUR;UNIPER;MATCHED
BO901287;D2601366;26/08/2025;NG_PEG;B;01/07/2027;30/09/2027;186,800;MWH;23,8840;EUR;SHELL_;MATCHED
BO905435;D2605794;04/07/2025;PWR_FR;B;01/06/2027;30/06/2027;418,700;MWH;66,8550;EUR;TOTALE;MATCHED
BO901362;D2601446;10/03/2026;PWR_FR;B;01/10/2026;31/10/2026;78,900;MWH;82,9090;EUR;TOTALE;CXL
BO900727;D2600769;08/08/2025;PWR_FR;S;01/11/2026;30/11/2026;29,500;MWH;83,9280;EUR;UNIPER;MATCHED
BO902939;D2603134;27/06/2025;NG_PEG;B;01/02/2026;28/02/2026;496,300;MWH;39,5740;EUR;EDF_TR;MATCHED
BO900426;D2600450;10/03/2026;PWR_FR;S;01/02/2026;30/04/2026;463,000;MWH;97,5950;EUR;VITOL;CXL
BO905343;D2605696;10/06/2026;NG_PEG;B;01/06/2026;30/06/2026;183,200;MWH;26,5910;EUR;SHELL_;MATCHED
BO903736;D2603970;26/06/2026;PWR_FR;B;01/10/2026;31/12/2026;430,400;MWH;71,4380;EUR;SHELL_;MATCHED
BO908944;D2605266;30/06/2026;PWR_FR;S;01/01/2027;31/01/2027;145,100;MWH;103,0570;EUR;ICE_EN;MATCHED
BO905276;D2605624;06/03/2026;PWR_FR;B;01/06/2026;31/05/2027;236,900;MWH;66,4730;EUR;VITOL;MATCHED
BO903055;D2603258;20/06/2025;NG_PEG;B;01/09/2026;30/09/2026;469,600;MWH;27,0020;EUR;EDF_TR;MATCHED
BO907277;D2607741;17/07/2026;NG_PEG;S;01/06/2026;30/06/2026;72,700;MWH;26,8850;EUR;SHELL_;MATCHED
BO902479;D2602633;22/01/2026;PWR_FR;B;01/02/2027;28/02/2027;864,400;MWH;114,7390;EUR;STATKR;MATCHED
BO906886;D2607326;27/05/2026;PWR_FR;S;01/08/2027;31/08/2027;142,700;MWH;61,9800;EUR;EDF_TR;MATCHED
BO901557;D2601659;22/06/2026;PWR_FR;B;01/09/2026;30/09/2026;189,500;MWH;77,7110;EUR;TOTALE;MATCHED
BO905611;D2605984;20/06/2025;PWR_FR;B;01/03/2027;31/03/2027;151,400;MWH;90,3490;EUR;AXPO;MATCHED
BO902747;D2602925;16/12/2025;PWR_FR;S;01/04/2027;30/04/2027;116,900;MWH;72,8730;EUR;GUNVOR;MATCHED
BO901254;D2601332;11/11/2025;NG_PEG;B;01/07/2027;31/07/2027;59,200;MWH;29,5410;EUR;VITOL;MATCHED
BO906544;D2606966;28/08/2025;PWR_FR;B;01/07/2027;31/07/2027;210,200;MWH;65,0180;EUR;UNIPER;CXL
BO904169;D2604431;13/05/2026;PWR_FR;S;01/06/2027;31/08/2027;482,100;MWH;74,5370;EUR;EDF_TR;MATCHED
BO901484;D2601578;22/12/2025;PWR_FR;B;01/04/2027;30/06/2027;184,000;MWH;80,3480;EUR;RWE;MATCHED
BO905149;D2605484;03/06/2026;PWR_FR;B;01/07/2026;30/09/2026;268,800;MWH;70,0980;EUR;AXPO;MATCHED
BO900281;D2600298;18/11/2025;PWR_FR;B;01/11/2026;31/10/2027;1277,700;MWH;81,5270;EUR;AXPO;MATCHED
BO905006;D2605334;10/12/2025;PWR_FR;B;01/09/2027;30/09/2027;67,800;MWH;68,2630;EUR;ICE_EN;MATCHED
BO901342;D2601425;19/05/2026;PWR_FR;B;01/05/2027;30/04/2028;241,500;MWH;68,5170;EUR;AXPO;MATCHED
BO905591; D2605961;24/10/2025;PWR_FR;B;01/10/2026;31/12/2026;134,300;MWH;85,3500;EUR;EDF_TR;MATCHED
BO900364;D2600385;29/07/2025;NG_PEG;S;01/04/2026;30/04/2026;197,100;MWH;29,2330;EUR;ICE_EN;MATCHED
BO906949;D02607392;02/06/2025;NG_PEG;B;01/11/2027;30/11/2027;184,600;MWH;39,6330;EUR;ICE_EN;MATCHED
BO905200;D2605540;14/10/2025;PWR_FR;S;01/03/2027;31/03/2027;76,100;MWH;86,6510;EUR;RWE;MATCHED
BO906281;d2606692;11/03/2026;PWR_FR;S;01/01/2027;31/01/2027;287,600;MWH;94,9150;EUR;STATKR;MATCHED
BO900340;D2600360;26/11/2025;PWR_FR;B;01/12/2026;28/02/2027;129,900;MWH;90,4660;EUR;UNIPER;MATCHED
BO907838;D2608338;08/08/2025;NG_PEG;B;01/08/2026;31/08/2026;328,300;MWH;22,0790;EUR;EDF_TR;MATCHED
BO905373;D2605730;21/10/2025;NG_PEG;S;01/11/2027;30/11/2027;505,700;MWH;31,5220;EUR;UNIPER;MATCHED
BO902696;D2602868;13/03/2026;NG_PEG;B;01/11/2027;30/11/2027;92,600;MWH;28,1140;EUR;AXPO;MATCHED
BO907349;D2607818;19/03/2026;PWR_FR;B;01/03/2026;31/03/2026;218,100;MWH;75,0590;EUR;TOTALE;MATCHED
BO908750;D2607467;07/04/2026;PWR_FR;S;01/09/2027;30/11/2027;108,900;MWH;78,7240;EUR;EEX_CL;MATCHED
BO906519;D2606940;01/04/2026;NG_PEG;B;01/04/2026;30/04/2026;365,000;MWH;30,1030;EUR;GUNVOR;MATCHED
BO907624;D2608110;11/09/2025;NG_PEG;B;01/03/2026;31/03/2026;452,700;MWH;37,9060;EUR;TOTALE;MATCHED
BO908619;D2603919;18/12/2025;NG_PEG;B;01/08/2026;31/10/2026;46,100;MWH;27,2530;EUR;EEX_CL;MATCHED
BO908832;D2606491;24/07/2025;PWR_FR;S;01/07/2027;31/07/2027;334,600;MWH;67,1570;EUR;RWE;MATCHED
BO902709;D2602881;25/12/2025;PWR_FR;S;01/11/2026;30/11/2026;136,900;MWH;84,5100;EUR;RWE;MATCHED
BO904604;D2604898;17/03/2026;PWR_FR;B;01/07/2026;31/07/2026;84,800;MWH;60,6450;EUR;ICE_EN;MATCHED
BO901963;D2602091;13/02/2026;PWR_FR;S;01/03/2026;31/03/2026;282,600;MWH;90,5010;EUR;VITOL;MATCHED
BO902881;D2603072;18/02/2026;PWR_FR;S;01/10/2027;31/10/2027;2705,300;MWH;60,5970;EUR;MERCUR;MATCHED
BO907640;D2608127;15/05/2026;PWR_FR;S;01/07/2027;31/07/2027;179,200;MWH;55,3990;EUR;GUNVOR;MATCHED
BO906438;D2606857;12/01/2026;NG_PEG;S;01/02/2027;30/04/2027;449,100;MWH;39,2610;EUR;UNIPER;MATCHED
BO901852;D2601970;09/06/2026;NG_PEG;S;01/03/2027;31/03/2027;80,600;MWH;33,7650;EUR;GUNVOR;MATCHED
BO908374;D2608912;25/06/2026;PWR_FR;B;01/01/2026;31/01/2026;429,200;MWH;99,7880;EUR;ICE_EN;MATCHED
BO901474;D2601568;02/07/2026;PWR_FR;B;01/06/2026;30/06/2026;362,700;MWH;61,2290;EUR;ICE_EN;MATCHED
BO906772;D2607205;19/01/2026;PWR_FR;B;01/12/2027;31/12/2027;124,400;MWH;81,5530;EUR;AXPO;MATCHED
BO906580;D2607005;25/12/2025;NG_PEG;S;01/04/2027;30/04/2027;94,700;MWH;32,9320;EUR;AXPO;CXL
BO902075;D2602209;08/07/2026;PWR_FR;B;01/01/2027;31/01/2027;295,300;MWH;93,5890;EUR;MERCUR;MATCHED
BO906539;D2606961;21/05/2026;PWR_FR;B;01/02/2027;28/02/2027;299,500;MWH;104,2850;EUR;UNIPER;MATCHED
BO900518;D02600552;19/05/2026;NG_PEG;B;01/07/2027;31/07/2027;43,900;MWH;22,0550;EUR;RWE;MATCHED
BO904335;D2604609;15/12/2025;PWR_FR;B;01/01/2026;31/03/2026;114,200;MWH;105,0020;EUR;GUNVOR;MATCHED
BO900692;D2600734;11/06/2025;PWR_FR;B;01/09/2027;30/11/2027;205,800;MWH;74,4740;EUR;EDF_TR;MATCHED
BO900175;D2600186;04/07/2025;PWR_FR;B;01/08/2027;31/08/2027;100,800;MWH;74,3660;EUR;STATKR;MATCHED
BO901426;D2601517;23/03/2026;PWR_FR;B;01/12/2026;31/12/2026;297,600;MWH;105,3050;EUR;AXPO;MATCHED
BO901764;D2601873;12/03/2026;NG_PEG;S;01/04/2027;30/04/2027;235,800;MWH;29,4410;EUR;SHELL_;MATCHED
BO906521;D2606942;11/12/2025;PWR_FR;B;01/09/2026;30/11/2026;136,300;MWH;76,3720;EUR;UNIPER;MATCHED
BO901882;D2602005;29/09/2025;NG_PEG;B;01/11/2026;31/10/2027;117,300;MWH;31,2910;EUR;VITOL;MATCHED
BO906591;D2607016;22/05/2026;PWR_FR;B;01/07/2027;31/07/2027;238,100;MWH;63,3360;EUR;GUNVOR;MATCHED
BO908549;D2603462;22/08/2025;PWR_FR;B;01/09/2026;30/09/2026;131,500;MWH;73,5940;EUR;UNIPER;MATCHED
BO900355;D2600376;24/09/2025;PWR_FR;S;01/05/2027;31/07/2027;149,300;MWH;47,4050;EUR;EEX_CL;MATCHED
BO904558;D2604849;20/04/2026;PWR_FR;S;01/05/2026;31/05/2026;1568,500;MWH;75,3730;EUR;EEX_CL;MATCHED
BO907693;D2608181;04/06/2025;PWR_FR;S;01/12/2027;31/12/2027;242,200;MWH;109,1120;EUR;VITOL;MATCHED
BO907973;D2608487;29/09/2025;PWR_FR;S;01/05/2026;31/07/2026;259,700;MWH;73,3060;EUR;VITOL;MATCHED
BO900435;D2600461;07/11/2025;PWR_FR;S;01/11/2027;31/01/2028;46,500;MWH;91,7370;EUR;TOTALE;MATCHED
BO905044;D2605373;29/12/2025;NG_PEG;B;01/12/2027;31/12/2027;108,500;MWH;36,2350;EUR;VITOL;MATCHED
BO902211;D2602349;15/10/2025;NG_PEG;B;01/12/2027;31/12/2027;415,200;MWH;35,9990;EUR;EEX_CL;MATCHED
BO903474;D02603693;01/07/2026;NG_PEG;S;01/09/2026;30/09/2026;174,000;MWH;29,9860;EUR;UNIPER;MATCHED
BO902667;D2602834;12/12/2025;NG_PEG;B;01/06/2026;31/08/2026;139,300;MWH;24,3890;EUR;SHELL_;MATCHED
BO903013;D2603215;11/08/2025;PWR_FR;S;01/09/2026;30/11/2026;130,000;MWH;69,8100;EUR;VITOL;MATCHED
BO902786;D2602970;27/04/2026;PWR_FR;B;01/07/2026;30/09/2026;251,500;MWH;58,3820;EUR;ICE_EN;MATCHED
BO906900;D2607341;09/02/2026;PWR_FR;B;01/01/2026;31/01/2026;157,600;MWH;99,8400;EUR;RWE;MATCHED
BO907582;D2608065;02/12/2025;NG_PEG;S;01/02/2027;28/02/2027;50,500;MWH;36,4430;EUR;MERCUR;MATCHED
BO908758;D2602991;08/09/2025;PWR_FR;B;01/05/2027;31/05/2027;243,500;MWH;70,8060;EUR;MERCUR;MATCHED
BO903598;D2603824;02/10/2025;PWR_FR;B;01/03/2026;31/03/2026;479,800;MWH;59,5070;EUR;UNIPER;MATCHED
BO906138;D2606538;29/07/2025;PWR_FR;S;01/06/2027;30/06/2027;445,300;MWH;55,9070;EUR;EDF_TR;MATCHED
BO905224;D2605566;07/07/2026;PWR_FR;B;01/05/2026;31/05/2026;536,500;MWH;75,9390;EUR;AXPO;MATCHED
BO903765;D2604001;25/08/2025;NG_PEG;S;01/02/2026;28/02/2026;215,400;MWH;35,6470;EUR;TOTALE;MATCHED
BO907857;D2608358;13/10/2025;PWR_FR;B;01/04/2026;30/04/2026;777,600;MWH;68,1580;EUR;EDF_TR;MATCHED
BO903169;D2603378;08/07/2025;NG_PEG;B;01/09/2027;30/09/2027;183,200;MWH;28,7210;EUR;MERCUR;MATCHED
BO900956;D2601010;27/11/2025;PWR_FR;B;01/04/2027;30/04/2027;679,000;MWH;82,0960;EUR;MERCUR;MATCHED
BO903916;D2604160;09/04/2026;PWR_FR;S;01/11/2026;30/11/2026;34,900;MWH;78,9210;EUR;VITOL;MATCHED
BO900397;D2600420;13/02/2026;PWR_FR;B;01/03/2026;31/03/2026;199,000;MWH;84,9150;EUR;SHELL_;MATCHED
BO906523;D2606944;23/09/2025;PWR_FR;B;01/08/2026;31/08/2026;157,700;MWH;70,8530;EUR;AXPO;MATCHED
BO902275;D2602417;29/08/2025;PWR_FR;B;01/08/2027;31/08/2027;321,700;MWH;61,1410;EUR;ICE_EN;MATCHED
BO900226;D2600239;24/09/2025;NG_PEG;B;01/03/2026;31/05/2026;77,600;MWH;35,0310;EUR;TOTALE;MATCHED
BO905837;D2606225;03/04/2026;PWR_FR;S;01/01/2026;31/12/2026;346,600;MWH;99,7870;EUR;AXPO;MATCHED
BO905316;D2605669;20/04/2026;PWR_FR;S;01/10/2027;31/10/2027;67,800;MWH;69,4250;EUR;AXPO;MATCHED
BO905898;D2606286;05/03/2026;PWR_FR;B;01/10/2026;31/10/2026;199,600;MWH;67,4850;EUR;TOTALE;MATCHED
BO900450;D2600476;26/09/2025;NG_PEG;S;01/02/2026;30/04/2026;358,900;MWH;38,8090;EUR;SHELL_;MATCHED
BO905772;D2606155;07/10/2025;PWR_FR;S;01/02/2027;28/02/2027;93,600;MWH;94,1240;EUR;MERCUR;MATCHED
BO903686;D2603917;02/07/2026;NG_PEG;B;01/11/2026;30/11/2026;39,300;MWH;34,4200;EUR;GUNVOR;MATCHED
BO906066;D2606462;07/01/2026;PWR_FR;S;01/09/2027;30/09/2027;159,800;MWH;58,8070;EUR;TOTALE;MATCHED
BO907882;D2608389;23/06/2026;NG_PEG;S;01/03/2026;31/03/2026;154,500;MWH;34,3800;EUR;SHELL_;MATCHED
BO902865;D2603054;02/06/2026;NG_PEG;S;01/01/2027;31/01/2027;163,600;MWH;41,0050;EUR;UNIPER;MATCHED
BO900552;D2600588;19/02/2026;PWR_FR;S;01/12/2027;30/11/2028;45,000;MWH;98,4230;EUR;VITOL;MATCHED
BO904669;D2604970;30/04/2026;PWR_FR;B;01/09/2026;30/09/2026;220,800;MWH;69,3240;EUR;RWE;MATCHED
BO907046;D2607495;18/08/2025;NG_PEG;S;01/02/2026;28/02/2026;41,300;MWH;31,4350;EUR;GUNVOR;MATCHED
BO904543;D2604833;14/01/2026;NG_PEG;S;01/01/2026;31/01/2026;697,400;MWH;42,2550;EUR;MERCUR;MATCHED
BO903869;D2604113;16/10/2025;PWR_FR;S;01/03/2027;31/03/2027;433,300;MWH;95,4190;EUR;EEX_CL;CXL
BO900059;D2600062;12/06/2026;NG_PEG;B;01/10/2027;31/10/2027;72,300;MWH;32,3360;EUR;RWE;MATCHED
BO908122;D2608646;23/02/2026;NG_PEG;S;01/07/2027;31/07/2027;296,800;MWH;22,8330;EUR;TOTALE;MATCHED
BO905643;D2606020;30/12/2025;PWR_FR;B;01/09/2026;30/09/2026;223,300;MWH;64,1500;EUR;EDF_TR;MATCHED
BO907835;D2608334;27/10/2025;NG_PEG;S;01/10/2027;31/10/2027;81,900;MWH;33,5240;EUR;EEX_CL;MATCHED
BO905598;D2605969;21/07/2026;PWR_FR;S;01/05/2026;31/05/2026;214,200;MWH;78,8000;EUR;GUNVOR;MATCHED
BO900268;D2600284;05/05/2026;PWR_FR;B;01/05/2027;31/05/2027;59,200;MWH;72,8320;EUR;VITOL;MATCHED
BO908565;D2601081;17/06/2025;PWR_FR;S;01/08/2026;31/10/2026;477,000;MWH;68,4680;EUR;RWE;MATCHED
BO907085;D2607538;03/06/2026;PWR_FR;S;01/08/2026;31/08/2026;260,600;MWH;66,8630;EUR;EEX_CL;MATCHED
BO908730;D2604606;09/02/2026;PWR_FR;S;01/11/2027;31/01/2028;316,900;MWH;93,5460;EUR;MERCUR;MATCHED
BO900217;D2600230;25/06/2025;NG_PEG;S;01/08/2026;31/08/2026;95,600;MWH;26,7770;EUR;GUNVOR;MATCHED
BO900128;D2600136;15/09/2025;PWR_FR;B;01/07/2027;31/07/2027;436,000;MWH;61,6130;EUR;TOTALE;MATCHED
BO904698;D2605006;24/07/2026;PWR_FR;B;01/03/2026;31/03/2026;78,200;MWH;77,1450;EUR;RWE;MATCHED
BO908574;D2605052;08/04/2026;NG_PEG;S;01/12/2027;31/12/2027;831,300;MWH;36,3270;EUR;AXPO;MATCHED
BO903973;D2604223;09/10/2025;PWR_FR;B;01/06/2026;31/08/2026;120,500;MWH;70,5120;EUR;TOTALE;MATCHED
BO906888;D2607328;03/10/2025;PWR_FR;B;01/02/2026;28/02/2026;60,800;MWH;95,3030;EUR;EDF_TR;MATCHED
BO904395;D2604674;19/03/2026;PWR_FR;S;01/08/2027;31/08/2027;81,500;MWH;62,6410;EUR;RWE;MATCHED
BO906250;D2606659;03/04/2026;PWR_FR;B;01/03/2026;28/02/2027;106200,000;KWH;88,0000;EUR;SHELL_;MATCHED
BO908748;D2605801;18/02/2026;NG_PEG;B;01/04/2027;30/06/2027;76,800;MWH;32,3980;EUR;AXPO;MATCHED
BO900171;D2600182;11/06/2026;PWR_FR;B;01/11/2026;30/11/2026;189,400;MWH;99,5520;EUR;STATKR;MATCHED
BO906394;D2606811;15/01/2026;PWR_FR;S;01/02/2027;28/02/2027;68,700;MWH;94,5170;EUR;EDF_TR;MATCHED
BO900683;D2600724;01/05/2026;NG_PEG;S;01/04/2026;30/06/2026;126,100;MWH;25,8910;EUR;VITOL;MATCHED
BO902769;D2602949;03/09/2025;NG_PEG;B;01/07/2026;30/06/2027;321,900;MWH;22,3910;EUR;AXPO;MATCHED
BO903390;D2603608;07/05/2026;NG_PEG;S;01/05/2026;31/05/2026;187,500;MWH;29,0830;EUR;STATKR;MATCHED
BO903109;D2603315;10/03/2026;PWR_FR;B;01/12/2027;31/12/2027;101,500;MWH;104,7500;EUR;MERCUR;MATCHED
BO904413;D2604693;28/05/2026;NG_PEG;B;01/06/2026;31/08/2026;220,700;MWH;23,0600;EUR;EEX_CL;CXL
BO900010;D2600010;23/03/2026;PWR_FR;B;01/01/2026;31/03/2026;212,400;MWH;120,4260;EUR;EDF_TR;MATCHED
BO908404;D2608943;15/06/2026;PWR_FR;B;01/09/2026;30/09/2026;259,300;MWH;70,3820;EUR;RWE;MATCHED
BO908490;D2602008;19/09/2025;NG_PEG;S;01/08/2026;31/08/2026;642,700;MWH;26,0800;EUR;STATKR;MATCHED
BO904393;D2604672;27/01/2026;PWR_FR;B;01/11/2027;31/01/2028;708,500;MWH;73,1150;EUR;GUNVOR;MATCHED
BO908729;D2604965;19/02/2026;PWR_FR;B;01/10/2027;31/10/2027;164,500;MWH;81,7330;EUR;SHELL_;MATCHED
BO900298;D2600317;14/07/2026;PWR_FR;B;01/10/2027;31/12/2027;406,100;MWH;83,0500;EUR;ICE_EN;MATCHED
BO904436;D2604718;09/07/2026;NG_PEG;B;01/08/2026;31/08/2026;232,900;MWH;28,6410;EUR;AXPO;MATCHED
BO903713;D2603945;03/07/2025;NG_PEG;B;01/11/2027;30/11/2027;241,000;MWH;35,3120;EUR;MERCUR;MATCHED
BO902106;D2602240;22/12/2025;PWR_FR;B;01/07/2026;31/07/2026;139,000;MWH;71,5120;EUR;ICE_EN;MATCHED
BO904411;D2604691;05/06/2025;NG_PEG;S;01/06/2027;31/05/2028;348,300;MWH;22,3380;EUR;TOTALE;MATCHED
BO904078;D2604336;23/07/2026;NG_PEG;S;01/02/2027;28/02/2027;144,400;MWH;33,5720;EUR;VITOL;CXL
BO903509;D2603729;14/10/2025;NG_PEG;B;01/09/2027;30/09/2027;208,200;MWH;23,6200;EUR;STATKR;MATCHED
BO905676;D2606054;01/10/2025;NG_PEG;S;01/12/2026;28/02/2027;229,200;MWH;37,8880;EUR;UNIPER;MATCHED
BO907314;D2607781;17/11/2025;PWR_FR;S;01/03/2027;31/03/2027;376,300;MWH;96,1880;EUR;ICE_EN;MATCHED
BO903024;D2603226;26/12/2025;PWR_FR;B;01/11/2027;30/11/2027;124,200;MWH;82,8480;EUR;EEX_CL;MATCHED
BO904830;D2605148;24/02/2026;NG_PEG;S;01/04/2027;30/04/2027;152,600;MWH;31,8760;EUR;MERCUR;MATCHED
BO902284;D2602426;10/07/2026;NG_PEG;B;01/05/2027;31/05/2027;367,700;MWH;25,6000;EUR;RWE;MATCHED
BO907767;D2608259;18/02/2026;NG_PEG;S;01/03/2027;31/03/2027;556,900;MWH;31,5150;EUR;ICE_EN;MATCHED
BO904089;D2604347;09/12/2025;NG_PEG;S;01/09/2026;30/09/2026;553,800;MWH;26,1170;EUR;EDF_TR;MATCHED
BO901526;D2601624;05/12/2025;PWR_FR;S;01/08/2027;31/10/2027;505,500;MWH;67,5040;EUR;GUNVOR;MATCHED
BO900885;D2600936;04/06/2026;NG_PEG;B;01/07/2026;30/06/2027;1278,700;MWH;24,4000;EUR;AXPO;MATCHED
BO901399;D2601488;20/01/2026;PWR_FR;B;01/08/2026;31/08/2026;250,200;MWH;52,8130;EUR;GUNVOR;MATCHED
BO906594;D2607019;24/06/2025;PWR_FR;S;01/04/2027;30/04/2027;399,500;MWH;73,2530;EUR;GUNVOR;MATCHED
BO908356;D2608893;19/06/2025;PWR_FR;B;01/01/2027;31/03/2027;334,900;MWH;81,2100;EUR;STATKR;MATCHED
BO905356;D2605710;10/09/2025;NG_PEG;S;01/05/2026;30/04/2027;337,700;MWH;27,6180;EUR;EEX_CL;MATCHED
BO904993;D2605321;08/05/2026;PWR_FR;B;01/04/2026;30/06/2026;349,600;MWH;80,5790;EUR;TOTALE;MATCHED
BO904227; D2604493;02/10/2025;NG_PEG;S;01/10/2027;31/10/2027;94,700;MWH;33,6350;EUR;EEX_CL;MATCHED
BO900120;D2600128;13/02/2026;NG_PEG;S;01/12/2027;31/12/2027;110,200;MWH;36,4980;EUR;SHELL_;MATCHED
BO906031;D2606426;06/03/2026;PWR_FR;S;01/03/2026;31/03/2026;74,800;MWH;88,4307;EUR;SHELL_;MATCHED
BO901408;D2601498;13/04/2026;NG_PEG;S;01/01/2026;31/03/2026;311,100;MWH;39,1674;EUR;STATKR;MATCHED
BO901352;D2601435;28/08/2025;PWR_FR;S;01/10/2026;31/10/2026;1152,600;MWH;85,3090;EUR;STATKR;MATCHED
BO903426;D2603644;20/10/2025;PWR_FR;B;01/03/2026;31/03/2026;248,800;MWH;77,2490;EUR;AXPO;MATCHED
BO902320;D2602465;01/10/2025;NG_PEG;S;01/06/2027;30/06/2027;300,000;MWH;22,7040;EUR;EDF_TR;MATCHED
BO901874;D2601996;31/10/2025;PWR_FR;S;01/11/2027;30/11/2027;472,800;MWH;85,0600;EUR;EDF_TR;MATCHED
BO902085;D2602219;03/06/2025;PWR_FR;B;01/10/2027;31/12/2027;50,700;MWH;72,2530;EUR;VITOL;MATCHED
BO908269;D2608801;15/12/2025;PWR_FR;B;01/02/2027;28/02/2027;330,000;MWH;91,7550;EUR;AXPO;MATCHED
BO901543;D2601642;19/08/2025;PWR_FR;S;01/05/2027;31/07/2027;65,900;MWH;60,2340;EUR;VITOL;MATCHED
BO900052;D2600055;21/01/2026;PWR_FR;S;01/05/2027;31/05/2027;337,000;MWH;77,1110;EUR;SHELL_;MATCHED
BO900480;D2600511;18/09/2025;PWR_FR;B;01/11/2026;30/11/2026;287,800;MWH;98,9380;EUR;GUNVOR;MATCHED
BO903121;D2603328;30/10/2025;NG_PEG;S;01/11/2026;31/01/2027;63,000;MWH;37,4880;EUR;EDF_TR;MATCHED
BO902139;D2602274;20/02/2026;NG_PEG;B;01/09/2026;30/09/2026;318,900;MWH;31,2060;EUR;UNIPER;MATCHED
BO906883;D2607323;20/10/2025;NG_PEG;S;01/09/2026;30/09/2026;676,600;MWH;28,1960;EUR;ICE_EN;MATCHED
BO906511;D2606932;13/07/2026;PWR_FR;S;01/02/2026;28/02/2026;146,300;MWH;83,0090;EUR;EDF_TR;MATCHED
BO908507;D2607872;14/10/2025;PWR_FR;B;01/05/2027;31/05/2027;183,400;MWH;80,8040;EUR;GUNVOR;MATCHED
BO900795;D2600839;16/07/2025;NG_PEG;S;01/01/2027;31/01/2027;1446,200;MWH;41,9160;EUR;GUNVOR;MATCHED
BO901249;D2601327;21/07/2026;PWR_FR;S;01/01/2026;31/01/2026;154,200;MWH;102,6360;EUR;UNIPER;MATCHED
BO901291;D2601370;08/05/2026;NG_PEG;S;01/03/2026;31/03/2026;99,200;MWH;29,4570;EUR;STATKR;MATCHED
BO906618;D2607043;20/06/2025;PWR_FR;B;01/03/2026;31/03/2026;153,600;MWH;104,1110;EUR;AXPO;MATCHED
BO908061;D2608581;19/06/2026;PWR_FR;S;01/03/2026;31/05/2026;66,300;MWH;76,5670;EUR;GUNVOR;MATCHED
BO903792;D2604032;01/01/2026;PWR_FR;B;01/12/2027;31/12/2027;2282,600;MWH;97,1480;EUR;RWE;MATCHED
BO902363;D2602512;06/02/2026;NG_PEG;B;01/03/2027;31/03/2027;362,600;MWH;37,4830;EUR;AXPO;MATCHED
BO904607;D2604901;02/02/2026;PWR_FR;B;01/09/2026;30/11/2026;245,400;MWH;83,4730;EUR;ICE_EN;MATCHED
BO901884;D2602007;22/12/2025;PWR_FR;B;01/08/2027;31/08/2027;302,100;MWH;55,7380;EUR;GUNVOR;MATCHED
BO907898;D2608408;03/06/2026;PWR_FR;B;01/08/2026;31/08/2026;222,200;MWH;64,4770;EUR;GUNVOR;MATCHED
BO908831;D2600025;11/03/2026;PWR_FR;S;01/06/2026;30/06/2026;16,800;MWH;54,7210;EUR;EDF_TR;MATCHED
BO906685;D2607117;15/08/2025;PWR_FR;S;01/10/2027;31/10/2027;94,800;MWH;78,3200;EUR;UNIPER;MATCHED
BO905725;D2606106;03/11/2025;PWR_FR;B;01/01/2027;31/03/2027;414,800;MWH;96,8570;EUR;EDF_TR;MATCHED
BO901161;D2601237;24/06/2025;PWR_FR;B;01/02/2027;28/02/2027;141,000;MWH;81,9690;EUR;EDF_TR;MATCHED
BO903100;D2603306;08/05/2026;PWR_FR;B;01/08/2027;31/08/2027;576,700;MWH;67,9680;EUR;MERCUR;MATCHED
BO900898;D2600949;18/06/2025;PWR_FR;S;01/03/2027;31/05/2027;181,800;MWH;96,4050;EUR;RWE;MATCHED
BO908523;D2602672;16/02/2026;PWR_FR;B;01/04/2026;30/04/2026;308,200;MWH;78,4290;EUR;VITOL;MATCHED
BO902779;D2602963;03/06/2025;NG_PEG;B;01/10/2026;31/10/2026;184,700;MWH;28,4860;EUR;TOTALE;MATCHED
BO902707;D2602879;05/11/2025;PWR_FR;B;01/05/2027;31/05/2027;23,800;MWH;66,7510;EUR;SHELL_;MATCHED
BO906294;D2606707;07/01/2026;NG_PEG;S;01/04/2027;31/03/2028;304,400;MWH;31,7730;EUR;UNIPER;MATCHED
BO905832;D2606220;15/08/2025;NG_PEG;S;01/05/2026;31/07/2026;95,100;MWH;33,5770;EUR;MERCUR;MATCHED
BO907779;D2608272;23/03/2026;PWR_FR;S;01/02/2026;30/04/2026;297,200;MWH;106,8050;EUR;EEX_CL;MATCHED
BO906242;D2606651;14/10/2025;NG_PEG;S;01/08/2027;31/08/2027;98,400;MWH;28,7620;EUR;AXPO;MATCHED
BO903130;D2603337;02/12/2025;NG_PEG;B;01/07/2026;31/07/2026;156,800;MWH;24,8490;EUR;AXPO;MATCHED
BO908137;D2608663;29/07/2025;PWR_FR;S;01/07/2027;31/07/2027;690,300;MWH;76,1820;EUR;EEX_CL;MATCHED
BO900789;D2600831;10/07/2026;PWR_FR;B;01/09/2027;31/08/2028;150,900;MWH;69,8910;EUR;STATKR;MATCHED
BO903511;D2603731;15/06/2026;PWR_FR;B;01/03/2027;31/03/2027;299,000;MWH;85,9140;EUR;ICE_EN;MATCHED
BO900644;D2600684;30/07/2025;NG_PEG;B;01/08/2026;31/07/2027;135,600;MWH;28,5550;EUR;MERCUR;MATCHED
BO903868;D2604112;30/09/2025;PWR_FR;S;01/03/2027;31/03/2027;752,400;MWH;96,3880;EUR;UNIPER;MATCHED
BO902729;D2602902;29/10/2025;PWR_FR;S;01/04/2026;30/04/2026;230,100;MWH;73,9930;EUR;SHELL_;MATCHED
BO905513;D2605880;29/09/2025;NG_PEG;B;01/06/2026;30/06/2026;916,400;MWH;26,1250;EUR;EDF_TR;MATCHED
BO905433;D2605792;27/05/2026;NG_PEG;B;01/01/2027;31/01/2027;139,600;MWH;49,8620;EUR;MERCUR;MATCHED
BO904534;D2604823;21/04/2026;PWR_FR;B;01/06/2027;31/05/2028;119,500;MWH;67,4250;EUR;MERCUR;MATCHED
BO903510;D2603730;10/03/2026;NG_PEG;B;01/10/2027;31/10/2027;83,200;MWH;22,3310;EUR;EDF_TR;MATCHED
BO906975;D2607420;18/02/2026;PWR_FR;B;01/10/2027;31/10/2027;305,900;MWH;84,0290;EUR;EEX_CL;MATCHED
BO902636;D2602802;24/02/2026;PWR_FR;S;01/04/2027;30/04/2027;113,700;MWH;88,9390;EUR;MERCUR;MATCHED
BO905427;D2605786;05/11/2025;NG_PEG;B;01/02/2026;28/02/2026;98,500;MWH;44,8390;EUR;UNIPER;MATCHED
BO907777;D2608270;16/04/2026;NG_PEG;B;01/11/2026;30/11/2026;188,000;MWH;36,8280;EUR;EEX_CL;MATCHED
BO904522;D2604811;17/06/2026;NG_PEG;B;01/05/2027;31/05/2027;407,300;MWH;24,4520;EUR;VITOL;MATCHED
BO901931;D2602058;16/07/2025;NG_PEG;B;01/11/2026;31/10/2027;373,900;MWH;36,5770;EUR;VITOL;MATCHED
BO907224;D2607685;18/09/2025;PWR_FR;S;01/09/2026;30/09/2026;494,900;MWH;63,4330;EUR;STATKR;MATCHED
BO901317;D2601398;09/06/2025;NG_PEG;B;01/09/2026;30/09/2026;344,000;MWH;20,4050;EUR;RWE;MATCHED
BO906087;D2606484;06/05/2026;NG_PEG;S;01/09/2026;30/09/2026;64,700;MWH;28,9210;EUR;ICE_EN;MATCHED
BO908730;D2604606;09/02/2026;PWR_FR;S;01/11/2027;31/01/2028;316,900;MWH;93,5460;EUR;MERCUR;MATCHED
BO902279;D2602421;15/06/2026;PWR_FR;B;01/05/2027;31/05/2027;106,700;MWH;69,1800;EUR;ICE_EN;MATCHED
BO907455;D2607928;05/03/2026;PWR_FR;B;01/04/2027;30/04/2027;666,000;MWH;76,0720;EUR;AXPO;MATCHED
BO902438;D2602592;16/06/2025;PWR_FR;S;01/10/2026;31/10/2026;283,200;MWH;82,7060;EUR;MERCUR;MATCHED
BO901428;D2601519;11/05/2026;PWR_FR;B;01/01/2027;31/03/2027;1261,900;MWH;124,0100;EUR;AXPO;MATCHED
BO903754;D2603988;29/07/2025;PWR_FR;S;01/10/2026;31/10/2026;368300,000;KWH;78,0210;EUR;MERCUR;MATCHED
BO905015;D2605343;21/08/2025;PWR_FR;B;01/09/2026;30/09/2026;141,500;MWH;76,9730;EUR;STATKR;MATCHED
BO900293;D2600311;07/10/2025;NG_PEG;B;01/04/2027;30/04/2027;58,100;MWH;33,1010;EUR;UNIPER;MATCHED
BO902073;D2602207;19/03/2026;NG_PEG;S;01/07/2026;31/07/2026;79,900;MWH;27,3620;EUR;EEX_CL;MATCHED
BO908986;D2600836;27/06/2025;PWR_FR;S;01/12/2027;31/12/2027;385,600;MWH;88,7960;EUR;ICE_EN;MATCHED
BO901869;D2601991;21/01/2026;PWR_FR;S;01/03/2027;31/03/2027;1212,900;MWH;76,4770;EUR;UNIPER;MATCHED
BO906586;D2607011;26/05/2026;PWR_FR;S;01/09/2026;30/11/2026;283,400;MWH;69,3420;EUR;MERCUR;MATCHED
BO906398;D2606815;27/03/2026;PWR_FR;S;01/09/2027;30/11/2027;190,900;MWH;62,0810;EUR;VITOL;MATCHED
BO908571;D2608020;13/01/2026;NG_PEG;B;01/04/2027;30/06/2027;213,300;MWH;29,8600;EUR;ICE_EN;MATCHED
BO905409;D2605768;22/04/2026;PWR_FR;S;01/01/2026;31/03/2026;74,900;MWH;91,3810;EUR;ICE_EN;MATCHED
BO904020;D2604273;11/09/2025;PWR_FR;S;01/09/2026;30/09/2026;212,900;MWH;69,7860;EUR;UNIPER;MATCHED
BO904272;D2604541;24/06/2025;NG_PEG;B;01/04/2027;30/04/2027;154,600;MWH;24,7170;EUR;SHELL_;MATCHED
BO908423;D2608963;06/04/2026;PWR_FR;S;01/06/2026;30/06/2026;230,800;MWH;49,1390;EUR;EEX_CL;MATCHED
BO904566;D2604858;18/12/2025;PWR_FR;S;01/01/2027;31/03/2027;87,900;MWH;106,3030;EUR;EDF_TR;MATCHED
BO901081;D2601151;05/01/2026;PWR_FR;S;01/07/2026;31/07/2026;850,000;MWH;65,9570;EUR;MERCUR;MATCHED
BO903552;D2603774;06/07/2026;NG_PEG;B;01/05/2026;31/07/2026;205,500;MWH;24,7570;EUR;TOTALE;MATCHED
BO901532;D2601630;27/08/2025;PWR_FR;B;01/10/2027;31/10/2027;478,200;MWH;66,2710;EUR;MERCUR;MATCHED
BO908187;D2608714;24/06/2025;NG_PEG;B;01/02/2027;30/04/2027;461,600;MWH;31,6570;EUR;GUNVOR;MATCHED
BO907132;D2607589;16/04/2026;PWR_FR;B;01/12/2027;29/02/2028;66,200;MWH;92,6030;EUR;UNIPER;MATCHED
BO906870;D2607310;08/08/2025;PWR_FR;B;01/11/2027;31/01/2028;307,100;MWH;88,7270;EUR;GUNVOR;MATCHED
BO908173;D2608700;04/08/2025;PWR_FR;B;01/12/2027;29/02/2028;326,800;MWH;90,5500;EUR;TOTALE;MATCHED
BO905595;D2605965;07/01/2026;NG_PEG;B;01/02/2027;30/04/2027;490,500;MWH;32,7320;EUR;ICE_EN;MATCHED
BO905800;D2606186;02/09/2025;PWR_FR;B;01/08/2027;31/10/2027;186400,000;KWH;61,1020;EUR;UNIPER;MATCHED
BO906416;D2606834;25/11/2025;NG_PEG;S;01/05/2027;31/05/2027;143,100;MWH;23,8870;EUR;TOTALE;MATCHED
BO905874;D2606262;23/02/2026;PWR_FR;B;01/07/2026;31/07/2026;604,700;MWH;61,0200;EUR;VITOL;MATCHED
BO905181;D2605519;04/03/2026;PWR_FR;B;01/10/2027;31/10/2027;1971,400;MWH;80,6850;EUR;MERCUR;MATCHED
BO902082;D2602216;14/05/2026;NG_PEG;B;01/03/2027;31/03/2027;183,200;MWH;37,5700;EUR;EEX_CL;MATCHED
BO907886;D2608394;27/11/2025;NG_PEG;B;01/08/2027;31/10/2027;274,700;MWH;23,1600;EUR;TOTALE;MATCHED
BO902840;D2603027;15/06/2026;PWR_FR;S;01/12/2026;28/02/2027;204,500;MWH;103,3160;EUR;STATKR;MATCHED
BO903232;D2603446;04/02/2026;NG_PEG;S;01/11/2026;31/01/2027;589,900;MWH;42,6150;EUR;VITOL;CXL
BO907254;D2607717;13/03/2026;PWR_FR;B;01/05/2027;31/05/2027;164,200;MWH;70,8860;EUR;RWE;MATCHED
BO905434;D2605793;22/01/2026;NG_PEG;B;01/03/2026;31/05/2026;246,300;MWH;38,9000;EUR;ICE_EN;MATCHED
BO900345;D2600365;30/12/2025;NG_PEG;B;01/06/2027;31/08/2027;82,600;MWH;25,9990;EUR;TOTALE;MATCHED
BO906180;D2606583;29/08/2025;PWR_FR;S;01/06/2027;31/08/2027;890,400;MWH;69,3950;EUR;VITOL;MATCHED
BO903339;D02603557;09/09/2025;PWR_FR;S;01/08/2026;31/07/2027;163,000;MWH;66,1540;EUR;AXPO;MATCHED
BO906479;D2606899;24/12/2025;NG_PEG;B;01/11/2026;31/10/2027;77,800;MWH;36,9560;EUR;VITOL;MATCHED
BO900322;D2600342;23/07/2025;NG_PEG;B;01/01/2026;31/01/2026;247,700;MWH;37,3290;EUR;UNIPER;MATCHED
BO905593;D2605963;26/11/2025;NG_PEG;S;01/08/2026;31/10/2026;179,000;MWH;23,0670;EUR;UNIPER;MATCHED
BO906166;D2606567;23/04/2026;PWR_FR;B;01/09/2027;30/09/2027;311,100;MWH;74,1780;EUR;VITOL;MATCHED
BO907247;D2607710;10/09/2025;PWR_FR;S;01/10/2027;31/10/2027;174,200;MWH;79,7490;EUR;EDF_TR;MATCHED
BO903497;D2603717;18/09/2025;NG_PEG;B;01/07/2027;31/07/2027;177,900;MWH;26,4600;EUR;VITOL;MATCHED
BO900391;D2600414;07/07/2026;NG_PEG;S;01/02/2026;28/02/2026;733,300;MWH;36,7560;EUR;EDF_TR;MATCHED
BO901279;D2601357;24/06/2025;PWR_FR;S;01/04/2027;30/04/2027;356,300;MWH;77,6830;EUR;AXPO;MATCHED
BO901619;D2601724;17/06/2025;NG_PEG;B;01/04/2027;30/04/2027;477,400;MWH;29,7100;EUR;TOTALE;MATCHED
BO903967;D2604216;03/03/2026;PWR_FR;S;01/09/2027;30/11/2027;651900,000;KWH;65,5610;EUR;STATKR;CXL
BO907918;D2608431;23/01/2026;NG_PEG;S;01/11/2027;30/11/2027;381,800;MWH;32,7460;EUR;GUNVOR;MATCHED
BO904965;D2605291;22/10/2025;PWR_FR;B;01/10/2026;31/10/2026;234,900;MWH;60,7890;EUR;VITOL;MATCHED
BO900828;D2600875;21/07/2025;NG_PEG;S;01/07/2026;30/06/2027;141,400;MWH;21,2380;EUR;ICE_EN;MATCHED
BO904461;D2604745;24/12/2025;NG_PEG;B;01/02/2027;31/01/2028;305,500;MWH;43,3530;EUR;GUNVOR;MATCHED
BO900872;D2600922;15/09/2025;NG_PEG;S;01/02/2026;30/04/2026;105,100;MWH;35,5020;EUR;STATKR;MATCHED
BO905183;D2605521;02/06/2026;PWR_FR;B;01/12/2027;31/12/2027;323,800;MWH;74,2670;EUR;GUNVOR;MATCHED
BO906490;D2606910;15/07/2025;PWR_FR;B;01/01/2027;31/01/2027;267,300;MWH;96,5920;EUR;RWE;MATCHED
BO908427;D2608967;12/05/2026;PWR_FR;B;01/11/2026;31/10/2027;331,200;MWH;62,5610;EUR;AXPO;MATCHED
BO907292;D2607758;09/09/2025;PWR_FR;B;01/02/2026;30/04/2026;449,300;MWH;80,3360;EUR;STATKR;MATCHED
BO902159;D2602295;13/02/2026;PWR_FR;B;01/05/2026;31/05/2026;338,700;MWH;68,6270;EUR;AXPO;MATCHED
BO900867;D2600917;29/04/2026;NG_PEG;S;01/02/2027;28/02/2027;673,600;MWH;32,8470;EUR;VITOL;MATCHED
BO903838;D2604080;22/10/2025;NG_PEG;B;01/09/2026;30/09/2026;279,400;MWH;32,3040;EUR;UNIPER;MATCHED
BO904757;D2605069;29/06/2026;NG_PEG;B;01/11/2026;30/11/2026;491,900;MWH;30,3850;EUR;EDF_TR;MATCHED
BO908596;D2602517;03/07/2026;PWR_FR;S;01/04/2026;30/04/2026;322,100;MWH;80,2100;EUR;UNIPER;MATCHED
BO900224;D2600237;13/11/2025;NG_PEG;S;01/08/2027;31/08/2027;624,700;MWH;26,1880;EUR;GUNVOR;MATCHED
BO904112;D2604372;14/08/2025;PWR_FR;B;01/02/2027;28/02/2027;548,600;MWH;96,1500;EUR;EDF_TR;MATCHED
BO908741;D2604599;08/12/2025;PWR_FR;S;01/02/2026;30/04/2026;776,700;MWH;81,6480;EUR;SHELL_;MATCHED
BO904384;D2604661;11/03/2026;NG_PEG;S;01/02/2027;28/02/2027;198,600;MWH;42,1550;EUR;EEX_CL;MATCHED
BO902392;D2602545;31/10/2025;NG_PEG;B;01/05/2027;31/05/2027;114,700;MWH;25,6860;EUR;STATKR;MATCHED
BO907787;D2608282;02/09/2025;NG_PEG;B;01/10/2027;31/10/2027;128,400;MWH;33,6540;EUR;SHELL_;MATCHED
BO908440;D2608980;29/08/2025;PWR_FR;B;01/12/2026;31/12/2026;399,200;MWH;94,1610;EUR;ICE_EN;MATCHED
BO906256;D2606666;24/10/2025;NG_PEG;B;01/05/2026;30/04/2027;298,000;MWH;27,0350;EUR;TOTALE;MATCHED
BO907763;D2608255;17/04/2026;NG_PEG;B;01/12/2027;29/02/2028;192,200;MWH;30,7870;EUR;UNIPER;MATCHED
BO903618;D2603845;18/06/2025;PWR_FR;S;01/09/2026;30/09/2026;48,100;MWH;63,1850;EUR;TOTALE;MATCHED
BO903081;D2603286;12/09/2025;PWR_FR;S;01/03/2027;31/03/2027;319,500;MWH;71,8140;EUR;AXPO;MATCHED
BO900782;D2600824;23/03/2026;NG_PEG;B;01/11/2027;31/10/2028;283,100;MWH;35,2770;EUR;VITOL;MATCHED
BO905109;D2605441;20/10/2025;NG_PEG;S;01/08/2027;31/10/2027;815,400;MWH;28,1400;EUR;GUNVOR;MATCHED
BO905889;D2606277;27/03/2026;PWR_FR;S;01/01/2027;31/12/2027;159,200;MWH;84,5160;EUR;TOTALE;MATCHED
BO907939;D2608452;12/08/2025;PWR_FR;S;01/01/2027;31/01/2027;51,400;MWH;102,5010;EUR;SHELL_;MATCHED
BO907202;D2607661;10/04/2026;NG_PEG;B;01/07/2027;30/09/2027;201,700;MWH;19,8900;EUR;RWE;MATCHED
BO901729;D2601838;11/09/2025;PWR_FR;S;01/12/2027;31/12/2027;48,700;MWH;103,9840;EUR;STATKR;CXL
BO900336;D2600356;01/05/2026;NG_PEG;S;01/05/2027;31/05/2027;645,400;MWH;31,7330;EUR;EEX_CL;MATCHED
BO905665;D2606043;12/06/2025;NG_PEG;S;01/01/2026;31/01/2026;230,200;MWH;33,9460;EUR;GUNVOR;MATCHED
BO906861;D2607301;25/03/2026;PWR_FR;B;01/05/2027;31/05/2027;355,800;MWH;61,3030;EUR;EEX_CL;MATCHED
BO902501;D2602658;20/11/2025;NG_PEG;S;01/07/2027;31/07/2027;161,600;MWH;22,5690;EUR;UNIPER;MATCHED
BO907960;D2608473;29/05/2026;PWR_FR;S;01/01/2027;31/01/2027;58,400;MWH;83,5380;EUR;UNIPER;MATCHED
BO907481;D2607954;08/10/2025;PWR_FR;B;01/06/2027;30/06/2027;156,100;MWH;63,6250;EUR;MERCUR;MATCHED
BO902407;D2602561;16/07/2026;PWR_FR;B;01/02/2027;28/02/2027;353,200;MWH;84,1400;EUR;EDF_TR;MATCHED
BO900294;D2600312;06/06/2025;NG_PEG;S;01/08/2026;31/08/2026;315,000;MWH;25,2420;EUR;TOTALE;MATCHED
BO902551;D2602712;03/06/2026;NG_PEG;B;01/09/2027;30/09/2027;454,800;MWH;27,8170;EUR;SHELL_;MATCHED
BO904591;D2604884;02/07/2025;NG_PEG;B;01/07/2026;31/07/2026;329,400;MWH;25,6150;EUR;RWE;MATCHED
BO908181;D2608708;19/08/2025;PWR_FR;B;01/09/2027;30/09/2027;103,600;MWH;59,1580;EUR;RWE;MATCHED
BO901495;D2601590;09/06/2026;PWR_FR;B;01/09/2027;30/09/2027;686,400;MWH;82,2830;EUR;TOTALE;MATCHED
BO907868;D2608374;05/06/2026;NG_PEG;B;01/02/2027;28/02/2027;49,800;MWH;35,6120;EUR;AXPO;MATCHED
BO908206;D2608735;28/07/2025;PWR_FR;S;01/07/2027;31/07/2027;319,700;MWH;56,2910;EUR;TOTALE;MATCHED
BO903391;D2603609;18/12/2025;NG_PEG;S;01/04/2027;30/06/2027;602,000;MWH;33,8860;EUR;TOTALE;MATCHED
BO901950;D2602077;23/07/2025;PWR_FR;B;01/02/2027;30/04/2027;461,500;MWH;88,8950;EUR;ICE_EN;MATCHED
BO905994;D2606388;02/06/2026;NG_PEG;B;01/10/2026;31/10/2026;118,300;MWH;32,6130;EUR;AXPO;MATCHED
BO905496;D2605861;10/02/2026;NG_PEG;B;01/10/2026;31/10/2026;216,600;MWH;30,9020;EUR;AXPO;CXL
BO906351;D2606766;30/07/2025;PWR_FR;B;01/10/2026;31/10/2026;105,800;MWH;85,6270;EUR;MERCUR;MATCHED
BO906082;D2606479;06/07/2026;PWR_FR;B;01/10/2027;31/10/2027;351,800;MWH;68,9140;EUR;AXPO;MATCHED
BO901909;D2602033;10/06/2026;PWR_FR;S;01/04/2026;31/03/2027;184,300;MWH;79,7100;EUR;SHELL_;MATCHED
BO906004; D2606398;04/08/2025;PWR_FR;B;01/10/2026;30/09/2027;357,000;MWH;78,7250;EUR;EEX_CL;MATCHED
BO900515;D2600549;04/12/2025;NG_PEG;S;01/10/2026;30/09/2027;363,100;MWH;33,5460;EUR;STATKR;MATCHED
BO902004;D2602134;08/04/2026;PWR_FR;B;01/03/2027;31/03/2027;346,600;MWH;88,0160;EUR;RWE;MATCHED
BO907166;D2607624;19/03/2026;PWR_FR;S;01/06/2027;30/06/2027;320,700;MWH;62,6230;EUR;UNIPER;MATCHED
BO905278;D2605628;03/02/2026;PWR_FR;S;01/01/2027;31/01/2027;107,200;MWH;94,9180;EUR;AXPO;MATCHED
BO907570;D2608049;27/10/2025;PWR_FR;B;01/05/2027;31/05/2027;205,400;MWH;77,1230;EUR;VITOL;MATCHED
BO905721;D2606102;13/06/2025;PWR_FR;S;01/08/2027;31/08/2027;364,000;MWH;69,1930;EUR;STATKR;MATCHED
BO902693;D2602865;05/02/2026;PWR_FR;S;01/12/2026;31/12/2026;76,300;MWH;95,0430;EUR;SHELL_;MATCHED
BO908412;D2608952;21/07/2026;PWR_FR;S;01/11/2026;30/11/2026;36,600;MWH;89,7800;EUR;VITOL;MATCHED
BO903030;D2603233;04/06/2025;PWR_FR;B;01/03/2027;29/02/2028;550,600;MWH;85,4190;EUR;STATKR;MATCHED
BO906693;D2607125;24/06/2025;PWR_FR;B;01/04/2027;30/04/2027;500,300;MWH;80,1600;EUR;STATKR;MATCHED
BO900738;D2600780;25/02/2026;PWR_FR;B;01/02/2026;28/02/2026;165,700;MWH;117,0160;EUR;UNIPER;MATCHED
BO908486;D2602509;21/01/2026;NG_PEG;B;01/09/2027;30/09/2027;366,000;MWH;30,2700;EUR;GUNVOR;MATCHED
BO905748;D2606129;16/02/2026;PWR_FR;B;01/09/2027;30/09/2027;106,300;MWH;73,7080;EUR;ICE_EN;MATCHED
BO906547;D2606969;11/12/2025;PWR_FR;B;01/02/2026;28/02/2026;178,100;MWH;95,5910;EUR;ICE_EN;MATCHED
BO908018;D2608537;14/01/2026;PWR_FR;S;01/09/2027;30/09/2027;263,000;MWH;59,6830;EUR;RWE;MATCHED
BO905927;D2606315;14/07/2025;NG_PEG;B;01/09/2027;30/09/2027;151,600;MWH;23,9650;EUR;TOTALE;MATCHED
BO900594;D2600633;28/10/2025;PWR_FR;B;01/01/2026;31/03/2026;144,100;MWH;87,2120;EUR;RWE;MATCHED
BO901519;D2601617;06/03/2026;PWR_FR;S;01/06/2026;31/08/2026;165,600;MWH;66,5080;EUR;ICE_EN;MATCHED
BO905973;D2606367;27/01/2026;PWR_FR;B;01/01/2027;31/03/2027;246,000;MWH;104,1410;EUR;MERCUR;MATCHED
BO902927;D2603122;07/04/2026;NG_PEG;B;01/04/2026;30/06/2026;48,200;MWH;30,9100;EUR;EDF_TR;CXL
BO904519;D2604808;06/07/2026;NG_PEG;B;01/01/2027;31/01/2027;311,300;MWH;39,3540;EUR;ICE_EN;MATCHED
BO908463;D2604854;02/07/2025;NG_PEG;S;01/03/2026;31/03/2026;661,900;MWH;32,7717;EUR;VITOL;MATCHED
BO906944;D2607387;13/08/2025;PWR_FR;B;01/01/2027;31/01/2027;625,200;MWH;78,0870;EUR;SHELL_;MATCHED
BO902069;D2602202;20/01/2026;NG_PEG;S;01/11/2027;30/11/2027;54,400;MWH;34,1680;EUR;MERCUR;MATCHED
BO902670;D2602838;28/11/2025;PWR_FR;B;01/10/2027;31/10/2027;97,700;MWH;77,3850;EUR;RWE;MATCHED
BO907616;D2608102;08/07/2026;NG_PEG;B;01/05/2026;31/05/2026;42,600;MWH;28,2270;EUR;TOTALE;MATCHED
BO907028;D2607477;01/07/2025;PWR_FR;B;01/11/2027;30/11/2027;142,400;MWH;85,1450;EUR;ICE_EN;MATCHED
BO906562;D2606984;28/01/2026;PWR_FR;S;01/03/2026;31/03/2026;274,000;MWH;74,4620;EUR;RWE;MATCHED
BO907983;D2608500;08/01/2026;PWR_FR;B;01/06/2027;30/06/2027;314,900;MWH;67,1341;EUR;TOTALE;MATCHED
BO904029;D2604283;03/09/2025;PWR_FR;B;01/04/2026;31/03/2027;726,100;MWH;81,8500;EUR;STATKR;MATCHED
BO901922; D2602048;14/01/2026;PWR_FR;B;01/12/2027;29/02/2028;68,000;MWH;81,4950;EUR;EEX_CL;MATCHED
BO901155;D2601230;31/07/2025;NG_PEG;B;01/04/2027;30/06/2027;439,000;MWH;29,8770;EUR;ICE_EN;MATCHED
BO904648;D2604945;13/11/2025;NG_PEG;S;01/06/2026;30/06/2026;851,000;MWH;19,9230;EUR;VITOL;MATCHED
BO903866;D2604110;15/10/2025;NG_PEG;B;01/04/2027;30/06/2027;233,100;MWH;35,8140;EUR;GUNVOR;MATCHED
BO990034;D9500034;17/02/2026;PWR_FR;S;01/01/2026;31/01/2026;148,000;MWH;102,8290;EUR;RWE;MATCHED
BO906246;D2606655;21/11/2025;PWR_FR;S;01/02/2027;30/04/2027;49,200;MWH;103,0590;EUR;ICE_EN;MATCHED
BO905291;D2605642;24/03/2026;PWR_FR;S;01/02/2027;28/02/2027;183,600;MWH;100,3540;EUR;VITOL;MATCHED
BO905155;D2605490;08/04/2026;PWR_FR;B;01/11/2027;30/11/2027;325,600;MWH;61,2960;EUR;VITOL;MATCHED
BO903144;D2603352;23/07/2025;PWR_FR;B;01/07/2027;31/07/2027;2099,900;MWH;62,3250;EUR;SHELL_;MATCHED
BO900352;D2600373;14/07/2026;NG_PEG;B;01/07/2027;31/07/2027;82000,000;KWH;30,1980;EUR;TOTALE;MATCHED
BO905709;D2606090;07/07/2026;NG_PEG;S;01/09/2026;30/09/2026;215,800;MWH;31,5250;EUR;VITOL;MATCHED
BO900375;D2600398;16/06/2025;NG_PEG;B;01/09/2026;30/09/2026;115,100;MWH;30,2720;EUR;MERCUR;MATCHED
BO900743;D2600785;12/06/2026;NG_PEG;S;01/09/2027;30/09/2027;164,800;MWH;28,2420;EUR;UNIPER;MATCHED
BO903125;D2603332;06/01/2026;PWR_FR;S;01/01/2027;31/01/2027;229,200;MWH;94,1200;EUR;TOTALE;MATCHED
BO900085;D2600090;10/02/2026;PWR_FR;S;01/09/2027;30/09/2027;103,300;MWH;64,7280;EUR;VITOL;MATCHED
BO908314;D2608849;20/11/2025;PWR_FR;B;01/08/2026;31/08/2026;109,800;MWH;67,8600;EUR;MERCUR;MATCHED
BO908569;D2602324;29/10/2025;PWR_FR;B;01/08/2027;31/08/2027;71,500;MWH;72,0800;EUR;GUNVOR;MATCHED
BO906753;D2607186;02/01/2026;PWR_FR;S;01/06/2026;30/06/2026;83,400;MWH;68,2420;EUR;ICE_EN;MATCHED
BO908698;D2601402;29/12/2025;PWR_FR;B;01/06/2027;30/06/2027;338,400;MWH;55,6540;EUR;EEX_CL;MATCHED
BO903112;D2603319;08/04/2026;NG_PEG;B;01/05/2026;31/07/2026;317,500;MWH;27,0220;EUR;EEX_CL;MATCHED
BO901060;D2601128;03/02/2026;NG_PEG;S;01/09/2026;30/09/2026;350,200;MWH;23,3200;EUR;GUNVOR;MATCHED
BO901958;D2602086;27/03/2026;PWR_FR;B;01/04/2027;30/06/2027;166,500;MWH;76,7920;EUR;RWE;MATCHED
BO902742;D2602917;22/01/2026;NG_PEG;B;01/10/2026;31/12/2026;232,600;MWH;29,3240;EUR;ICE_EN;MATCHED
BO908133;D2608658;28/05/2026;NG_PEG;S;01/08/2027;31/08/2027;253,900;MWH;26,9970;EUR;AXPO;MATCHED
BO908779;D2605529;08/10/2025;NG_PEG;S;01/04/2027;30/06/2027;137,200;MWH;26,0080;EUR;STATKR;MATCHED
BO905678;D2606056;18/06/2025;PWR_FR;B;01/02/2027;31/01/2028;260,900;MWH;112,9760;EUR;GUNVOR;MATCHED
BO906707;D2607139;20/06/2025;PWR_FR;B;01/08/2026;31/08/2026;383,400;MWH;71,8370;EUR;RWE;MATCHED
BO908400;D2608939;03/06/2026;PWR_FR;B;01/04/2027;30/04/2027;108,500;MWH;78,6230;EUR;SHELL_;MATCHED
BO905485;D2605850;30/07/2025;NG_PEG;S;01/05/2026;31/07/2026;167,900;MWH;25,1430;EUR;MERCUR;MATCHED
BO906802;D2607239;13/10/2025;PWR_FR;B;01/05/2026;31/07/2026;270,600;MWH;77,4120;EUR;GUNVOR;MATCHED
BO905302;D2605655;04/03/2026;NG_PEG;B;01/05/2026;31/05/2026;402,200;MWH;25,2590;EUR;EDF_TR;MATCHED
BO901972;D2602100;15/07/2025;PWR_FR;S;01/09/2027;30/09/2027;141,800;MWH;69,2270;EUR;VITOL;MATCHED
BO908140;D2608667;08/07/2026;PWR_FR;B;01/06/2026;30/06/2026;732,200;MWH;55,1080;EUR;ICE_EN;MATCHED
BO905292;D2605643;09/07/2026;NG_PEG;B;01/07/2026;31/07/2026;105,600;MWH;26,6580;EUR;EDF_TR;MATCHED
BO901496;D2601591;21/07/2026;PWR_FR;S;01/08/2026;31/08/2026;645,000;MWH;62,6860;EUR;SHELL_;MATCHED
BO905549;D2605917;08/06/2026;NG_PEG;B;01/11/2026;30/11/2026;285,700;MWH;33,4020;EUR;EDF_TR;MATCHED
BO907905;D2608416;09/07/2026;PWR_FR;B;01/04/2027;30/04/2027;283,700;MWH;77,1430;EUR;AXPO;MATCHED
BO908649;D2608659;20/04/2026;PWR_FR;B;01/03/2027;31/05/2027;418,500;MWH;104,1260;EUR;VITOL;MATCHED
BO901197;D2601273;23/10/2025;PWR_FR;B;01/08/2026;31/07/2027;1564,500;MWH;55,5240;EUR;AXPO;MATCHED
BO900852;D2600900;29/12/2025;PWR_FR;B;01/06/2027;30/06/2027;106,300;MWH;56,8560;EUR;AXPO;MATCHED
BO904577;D2604870;21/07/2025;PWR_FR;S;01/02/2026;28/02/2026;431,900;MWH;89,9130;EUR;EDF_TR;MATCHED
BO900437;D2600463;01/06/2026;NG_PEG;B;01/02/2026;28/02/2026;346,000;MWH;41,4970;EUR;VITOL;MATCHED
BO900202;D2600215;11/07/2025;NG_PEG;B;01/08/2026;31/08/2026;198,800;MWH;27,3100;EUR;EDF_TR;MATCHED
BO906160;D2606561;15/09/2025;PWR_FR;B;01/09/2027;30/11/2027;460,500;MWH;66,5890;EUR;TOTALE;MATCHED
BO900747;D2600789;03/04/2026;PWR_FR;B;01/12/2027;31/12/2027;35,900;MWH;91,0900;EUR;MERCUR;MATCHED
BO907690;D2608178;18/08/2025;NG_PEG;S;01/07/2027;31/07/2027;173,100;MWH;25,5110;EUR;MERCUR;MATCHED
BO908373;D2608911;08/12/2025;PWR_FR;S;01/10/2027;31/10/2027;311,400;MWH;83,1900;EUR;ICE_EN;MATCHED
BO901929;D2602056;15/08/2025;PWR_FR;S;01/11/2027;30/11/2027;193,400;MWH;89,0270;EUR;STATKR;MATCHED
BO908665;D2600115;04/03/2026;PWR_FR;S;01/04/2026;30/04/2026;741,900;MWH;76,3720;EUR;EEX_CL;MATCHED
BO903906;D2604150;17/10/2025;NG_PEG;B;01/06/2027;30/06/2027;286,000;MWH;28,5870;EUR;RWE;MATCHED
BO904317;D2604588;16/02/2026;PWR_FR;B;01/11/2026;30/11/2026;71,300;MWH;74,4860;EUR;TOTALE;MATCHED
BO908865;D2604759;14/04/2026;NG_PEG;B;01/03/2027;31/03/2027;255,700;MWH;34,4790;EUR;AXPO;MATCHED
BO902063;D2602196;09/02/2026;NG_PEG;B;01/02/2026;28/02/2026;362,300;MWH;37,7320;EUR;RWE;MATCHED
BO903701;D2603933;10/06/2025;PWR_FR;B;01/10/2026;30/09/2027;257,900;MWH;82,2250;EUR;EEX_CL;MATCHED
BO908716;D2604729;01/07/2026;PWR_FR;B;01/09/2026;30/09/2026;203,100;MWH;59,5340;EUR;STATKR;MATCHED
BO908082;D2608603;26/11/2025;PWR_FR;B;01/11/2027;31/01/2028;146,200;MWH;78,0490;EUR;VITOL;MATCHED
BO904578;D2604871;28/10/2025;PWR_FR;B;01/10/2027;30/09/2028;253,700;MWH;66,6810;EUR;MERCUR;MATCHED
BO907618;D2608104;13/10/2025;PWR_FR;B;01/09/2026;30/09/2026;373,400;MWH;77,7970;EUR;STATKR;MATCHED
BO905818;D2606204;25/06/2025;PWR_FR;B;01/08/2026;31/08/2026;412,500;MWH;63,2600;EUR;UNIPER;MATCHED
BO900028; D2600031;08/07/2026;PWR_FR;S;01/01/2026;31/01/2026;81,700;MWH;97,1540;EUR;GUNVOR;MATCHED
BO906060;D2606456;22/12/2025;PWR_FR;B;01/03/2026;31/03/2026;1025,300;MWH;97,1900;EUR;RWE;MATCHED
BO908483;D2605176;07/05/2026;PWR_FR;B;01/08/2027;31/08/2027;232,700;MWH;66,9180;EUR;VITOL;MATCHED
BO904331;D2604603;24/06/2026;NG_PEG;B;01/10/2027;31/10/2027;110,300;MWH;34,1410;EUR;AXPO;MATCHED
BO901013;D2601073;12/02/2026;NG_PEG;S;01/01/2026;31/12/2026;59,500;MWH;31,0820;EUR;EEX_CL;MATCHED
BO904346;D2604620;26/09/2025;PWR_FR;B;01/11/2026;31/01/2027;276,800;MWH;84,3390;EUR;SHELL_;MATCHED
BO906721;D2607153;20/07/2026;PWR_FR;B;01/04/2027;30/06/2027;371,100;MWH;91,4380;EUR;SHELL_;MATCHED
BO905520;D2605887;21/05/2026;NG_PEG;B;01/10/2027;31/10/2027;694,800;MWH;28,5710;EUR;EDF_TR;MATCHED
BO906101;D2606500;12/01/2026;NG_PEG;S;01/02/2027;28/02/2027;335,100;MWH;39,0870;EUR;GUNVOR;MATCHED
BO902371;D2602523;09/06/2026;PWR_FR;S;01/08/2026;31/08/2026;250,400;MWH;57,2870;EUR;TOTALE;MATCHED
BO902401;D2602555;13/10/2025;PWR_FR;S;01/10/2026;31/12/2026;44,500;MWH;72,1870;EUR;EEX_CL;MATCHED
BO905766;D2606149;12/06/2025;NG_PEG;S;01/12/2027;31/12/2027;79,800;MWH;35,5230;EUR;SHELL_;MATCHED
BO904640;D2604936;14/11/2025;PWR_FR;S;01/05/2027;31/05/2027;205,300;MWH;73,7650;EUR;TOTALE;MATCHED
BO900451;D2600478;21/07/2025;PWR_FR;B;01/11/2026;30/11/2026;320,000;MWH;67,8930;EUR;VITOL;MATCHED
BO907757;D2608249;11/12/2025;NG_PEG;S;01/11/2026;30/11/2026;36,100;MWH;33,6570;EUR;EDF_TR;MATCHED
BO900632;D2600672;21/01/2026;NG_PEG;B;01/12/2026;31/12/2026;506,200;MWH;38,6200;EUR;AXPO;MATCHED
BO905290;D2605641;04/08/2025;PWR_FR;B;01/03/2026;28/02/2027;328,200;MWH;91,1680;EUR;EEX_CL;MATCHED
BO906590;D2607015;11/07/2025;PWR_FR;B;01/07/2027;31/07/2027;429,800;MWH;72,7180;EUR;STATKR;MATCHED
BO905808;D2606194;28/04/2026;PWR_FR;S;01/05/2026;31/07/2026;231,200;MWH;64,2150;EUR;SHELL_;MATCHED
BO904081;D2604339;06/06/2025;PWR_FR;B;01/08/2027;31/10/2027;147,300;MWH;53,1650;EUR;AXPO;MATCHED
BO904414;D2604694;03/10/2025;PWR_FR;S;01/09/2026;30/09/2026;547,300;MWH;69,9700;EUR;RWE;MATCHED
BO905439;D2605799;18/02/2026;NG_PEG;B;01/04/2026;30/04/2026;189,500;MWH;27,3910;EUR;EDF_TR;CXL
BO908925;D2604012;30/07/2025;PWR_FR;B;01/12/2027;31/12/2027;341,700;MWH;83,1880;EUR;UNIPER;MATCHED
BO908757;D2608377;29/08/2025;PWR_FR;B;01/02/2027;30/04/2027;511,900;MWH;93,9330;EUR;STATKR;MATCHED
BO903124;D2603331;17/09/2025;PWR_FR;S;01/07/2026;31/07/2026;252,500;MWH;69,7540;EUR;GUNVOR;MATCHED
BO904315;D2604586;12/01/2026;PWR_FR;B;01/09/2026;30/09/2026;161,700;MWH;59,7310;EUR;VITOL;MATCHED
BO904983;D2605309;01/07/2026;PWR_FR;S;01/09/2026;30/09/2026;377,400;MWH;59,0050;EUR;MERCUR;MATCHED
BO908011;D2608530;01/08/2025;NG_PEG;B;01/04/2027;30/04/2027;263,500;MWH;34,3010;EUR;RWE;MATCHED
BO904592;D2604885;03/07/2025;PWR_FR;S;01/05/2026;31/05/2026;639,800;MWH;68,8510;EUR;ICE_EN;MATCHED
BO901263;D2601341;21/07/2026;NG_PEG;B;01/04/2027;30/04/2027;41,200;MWH;29,3080;EUR;TOTALE;MATCHED
BO900415;D2600439;11/02/2026;NG_PEG;S;01/10/2027;31/10/2027;168,800;MWH;29,0860;EUR;VITOL;MATCHED
BO901775;D2601885;15/07/2026;NG_PEG;B;01/12/2027;29/02/2028;31,500;MWH;30,8920;EUR;TOTALE;MATCHED
BO905431;D2605790;02/07/2026;PWR_FR;B;01/03/2027;31/03/2027;99,200;MWH;89,7990;EUR;ICE_EN;MATCHED
BO904267;D2604536;09/12/2025;NG_PEG;B;01/09/2026;30/09/2026;611,800;MWH;29,5990;EUR;EEX_CL;MATCHED
BO906877;D2607317;16/12/2025;PWR_FR;B;01/03/2026;31/03/2026;81,500;MWH;94,8730;EUR;UNIPER;MATCHED
BO900925;D2600977;11/12/2025;NG_PEG;B;01/07/2027;31/07/2027;142,500;MWH;25,1430;EUR;ICE_EN;CXL
BO905544;D2605912;15/12/2025;NG_PEG;S;01/06/2026;30/06/2026;108,800;MWH;27,4020;EUR;AXPO;MATCHED
BO908235;D2608766;07/07/2025;PWR_FR;B;01/06/2026;30/06/2026;82,000;MWH;49,7350;EUR;TOTALE;MATCHED
BO908487;D2604183;30/09/2025;PWR_FR;B;01/05/2027;31/05/2027;120,900;MWH;60,8260;EUR;VITOL;MATCHED
BO902018;D2602148;26/08/2025;NG_PEG;B;01/10/2026;31/12/2026;45,500;MWH;34,5220;EUR;ICE_EN;MATCHED
BO904251;D2604519;24/11/2025;PWR_FR;S;01/03/2026;31/05/2026;65,100;MWH;64,1990;EUR;GUNVOR;MATCHED
BO900471;D2600501;11/09/2025;PWR_FR;S;01/08/2026;31/08/2026;182,500;MWH;56,6030;EUR;ICE_EN;MATCHED
BO901076;D2601146;27/03/2026;NG_PEG;B;01/12/2026;31/12/2026;937,300;MWH;34,8240;EUR;UNIPER;MATCHED
BO908481;D2605130;25/11/2025;NG_PEG;S;01/10/2027;31/10/2027;186,300;MWH;28,4280;EUR;AXPO;MATCHED
BO900723;D2600765;19/12/2025;NG_PEG;S;01/09/2027;30/09/2027;751,500;MWH;26,4020;EUR;STATKR;MATCHED
BO904338;D2604612;03/09/2025;NG_PEG;B;01/01/2026;31/01/2026;312,800;MWH;36,0490;EUR;AXPO;MATCHED
BO906498;D2606918;26/06/2026;PWR_FR;S;01/01/2027;31/01/2027;59,600;MWH;94,3180;EUR;TOTALE;MATCHED
BO905691; D2606071;03/03/2026;NG_PEG;B;01/04/2027;31/03/2028;192,100;MWH;32,6210;EUR;VITOL;MATCHED
BO904808;D2605124;10/11/2025;NG_PEG;B;01/02/2026;30/04/2026;305,800;MWH;36,1580;EUR;STATKR;MATCHED
BO906148;D2606548;08/10/2025;PWR_FR;S;01/09/2027;30/09/2027;88,400;MWH;69,2160;EUR;STATKR;MATCHED
BO901310;D2601391;16/07/2025;PWR_FR;B;01/08/2026;31/08/2026;3604,700;MWH;60,2420;EUR;SHELL_;MATCHED
BO900822;D2600869;27/10/2025;PWR_FR;S;01/12/2026;28/02/2027;694,000;MWH;93,8240;EUR;UNIPER;MATCHED
BO904440;D2604722;09/03/2026;PWR_FR;B;01/09/2026;30/09/2026;321,400;MWH;55,1320;EUR;EDF_TR;MATCHED
BO907546;D2608022;28/08/2025;NG_PEG;S;01/09/2027;30/09/2027;179,600;MWH;23,2410;EUR;GUNVOR;MATCHED
BO900964;D2601018;18/08/2025;PWR_FR;B;01/02/2027;28/02/2027;55,500;MWH;91,0880;EUR;EEX_CL;MATCHED
BO908703;D2608050;17/06/2026;NG_PEG;B;01/04/2027;30/04/2027;121,200;MWH;28,3060;EUR;GUNVOR;MATCHED
BO900813;D2600859;30/06/2026;NG_PEG;S;01/10/2026;31/12/2026;1078,700;MWH;32,5360;EUR;AXPO;MATCHED
BO901788;D2601899;10/07/2025;NG_PEG;S;01/06/2026;31/05/2027;239,900;MWH;22,3810;EUR;STATKR;MATCHED
BO904506;D2604793;18/05/2026;PWR_FR;B;01/03/2027;31/03/2027;123,900;MWH;86,0780;EUR;EEX_CL;CXL
BO907126;D2607582;06/10/2025;PWR_FR;B;01/09/2027;30/09/2027;301,100;MWH;69,8270;EUR;UNIPER;MATCHED
BO900223;D2600236;27/02/2026;PWR_FR;S;01/04/2027;30/04/2027;225,200;MWH;81,5280;EUR;AXPO;MATCHED
BO908311;D2608846;26/11/2025;NG_PEG;B;01/02/2027;28/02/2027;306,100;MWH;37,0460;EUR;VITOL;MATCHED
BO905009;D2605337;31/07/2025;PWR_FR;S;01/05/2026;31/05/2026;179,700;MWH;76,3200;EUR;EDF_TR;MATCHED
BO901145;D2601220;22/07/2025;NG_PEG;S;01/12/2027;31/12/2027;430,100;MWH;42,1610;EUR;GUNVOR;MATCHED
BO902975;D2603171;11/05/2026;PWR_FR;B;01/05/2027;31/05/2027;130,300;MWH;78,0220;EUR;AXPO;MATCHED
BO907200;D2607659;28/11/2025;PWR_FR;S;01/01/2027;31/01/2027;96,200;MWH;96,3860;EUR;MERCUR;MATCHED
BO900230;D2600243;11/05/2026;NG_PEG;S;01/07/2026;31/07/2026;307,100;MWH;21,7390;EUR;STATKR;MATCHED
BO907656;D2608143;09/06/2026;PWR_FR;S;01/12/2027;31/12/2027;212,100;MWH;97,3050;EUR;AXPO;MATCHED
BO904152;D2604414;05/12/2025;PWR_FR;B;01/12/2027;31/12/2027;423,800;MWH;89,3450;EUR;UNIPER;MATCHED
BO901968;D2602096;20/03/2026;PWR_FR;S;01/01/2027;31/01/2027;247,600;MWH;99,6090;EUR;STATKR;MATCHED
BO903135;D2603343;15/08/2025;PWR_FR;S;01/06/2027;30/06/2027;235,300;MWH;54,1320;EUR;TOTALE;MATCHED
BO900676;D2600717;21/04/2026;PWR_FR;B;01/06/2026;31/08/2026;459,500;MWH;67,6080;EUR;EDF_TR;MATCHED
BO900021;D2600022;17/10/2025;NG_PEG;B;01/08/2026;31/08/2026;143,000;MWH;26,9830;EUR;VITOL;MATCHED
BO902108;d2602242;12/06/2026;PWR_FR;B;01/03/2026;31/03/2026;189,200;MWH;91,3030;EUR;RWE;MATCHED
BO904228;D2604494;13/02/2026;PWR_FR;S;01/05/2026;31/07/2026;136,400;MWH;58,0920;EUR;RWE;MATCHED
BO900442;D2600468;23/09/2025;PWR_FR;B;01/04/2027;30/06/2027;141,100;MWH;71,4720;EUR;ICE_EN;MATCHED
BO908728;D2607064;12/02/2026;NG_PEG;B;01/04/2026;30/04/2026;93,000;MWH;30,3950;EUR;AXPO;MATCHED
BO904131;D2604392;01/10/2025;PWR_FR;S;01/05/2027;31/05/2027;477,900;MWH;65,3714;EUR;GUNVOR;MATCHED
BO903011;D2603213;06/05/2026;PWR_FR;S;01/01/2027;31/03/2027;77,500;MWH;99,2380;EUR;TOTALE;MATCHED
BO906155;D2606556;03/04/2026;NG_PEG;B;01/08/2027;31/08/2027;433,300;MWH;29,3480;EUR;UNIPER;MATCHED
BO903858;D2604101;22/10/2025;PWR_FR;S;01/03/2027;29/02/2028;326,200;MWH;70,6050;EUR;EEX_CL;MATCHED
BO908873;D2602278;13/04/2026;NG_PEG;B;01/01/2027;31/01/2027;785,300;MWH;42,0740;EUR;TOTALE;MATCHED
BO906137;D2606537;30/01/2026;PWR_FR;B;01/01/2027;31/01/2027;1271,000;MWH;81,3940;EUR;EEX_CL;MATCHED
BO908501;D2606931;15/12/2025;NG_PEG;B;01/10/2027;31/10/2027;51,600;MWH;30,6170;EUR;EEX_CL;MATCHED
BO908054;D2608574;12/02/2026;NG_PEG;S;01/07/2026;31/07/2026;56,400;MWH;27,0050;EUR;SHELL_;MATCHED
BO906549;D2606971;14/04/2026;PWR_FR;B;01/12/2027;31/12/2027;1113,300;MWH;98,3530;EUR;SHELL_;MATCHED
BO990015;D9500015;16/06/2026;NG_PEG;B;01/05/2027;30/04/2028;174,200;MWH;25,2630;EUR;AXPO;MATCHED
BO908976;D2601977;19/08/2025;PWR_FR;B;01/08/2026;31/08/2026;328,400;MWH;72,1590;EUR;EDF_TR;MATCHED
BO903147;D2603355;01/08/2025;PWR_FR;B;01/07/2026;31/07/2026;179,400;MWH;59,9970;EUR;ICE_EN;MATCHED
BO906565;D2606987;26/03/2026;PWR_FR;S;01/01/2026;31/01/2026;124,100;MWH;75,9790;EUR;STATKR;MATCHED
BO907615;D2608101;24/12/2025;NG_PEG;B;01/08/2027;31/08/2027;253,300;MWH;27,2370;EUR;RWE;MATCHED
BO902896;D2603090;30/01/2026;PWR_FR;S;01/08/2027;31/10/2027;243,700;MWH;69,3370;EUR;MERCUR;MATCHED
BO907244;D2607707;10/03/2026;PWR_FR;B;01/11/2026;31/01/2027;256,600;MWH;78,7790;EUR;MERCUR;MATCHED
BO900962;D2601016;17/06/2025;NG_PEG;B;01/05/2026;31/05/2026;121,000;MWH;28,4240;EUR;SHELL_;MATCHED
BO907709;D2608198;03/06/2026;PWR_FR;S;01/07/2026;31/07/2026;245,700;MWH;59,1470;EUR;EEX_CL;MATCHED
BO901937;D2602064;21/04/2026;PWR_FR;S;01/09/2026;30/09/2026;77,300;MWH;71,5610;EUR;ICE_EN;MATCHED
BO903949;D2604197;23/03/2026;PWR_FR;B;01/01/2026;31/01/2026;253,200;MWH;87,7480;EUR;SHELL_;MATCHED
BO903387;D2603605;25/11/2025;PWR_FR;B;01/11/2027;30/11/2027;304,300;MWH;84,0760;EUR;AXPO;MATCHED
BO905531;D2605899;26/02/2026;NG_PEG;S;01/01/2027;31/01/2027;126,100;MWH;36,6190;EUR;ICE_EN;MATCHED
BO906232;D2606641;03/02/2026;PWR_FR;B;01/07/2026;31/07/2026;370,900;MWH;60,3090;EUR;VITOL;MATCHED
BO906864;D2607304;03/11/2025;NG_PEG;S;01/10/2027;30/09/2028;445,800;MWH;39,8550;EUR;UNIPER;MATCHED
BO900130;D2600138;01/04/2026;NG_PEG;S;01/08/2026;31/07/2027;634,700;MWH;22,0810;EUR;AXPO;MATCHED
BO903597;D2603823;03/09/2025;NG_PEG;B;01/11/2026;30/11/2026;121,200;MWH;28,9790;EUR;TOTALE;MATCHED
BO903865;D2604109;29/08/2025;PWR_FR;B;01/07/2026;31/07/2026;194,600;MWH;71,2100;EUR;SHELL_;MATCHED
BO908813;D2604662;24/11/2025;PWR_FR;B;01/10/2027;31/10/2027;117,100;MWH;79,3830;EUR;ICE_EN;MATCHED
BO900941;D2600994;27/03/2026;PWR_FR;B;01/11/2026;30/11/2026;303,900;MWH;83,3040;EUR;MERCUR;MATCHED
BO907372;D2607842;18/11/2025;PWR_FR;S;01/02/2027;28/02/2027;143,300;MWH;92,2920;EUR;MERCUR;MATCHED
BO901647;D2601753;03/03/2026;PWR_FR;B;01/02/2026;28/02/2026;99,900;MWH;69,3670;EUR;EEX_CL;MATCHED
BO901504;D2601601;24/04/2026;NG_PEG;B;01/04/2027;30/04/2027;194,600;MWH;29,3580;EUR;VITOL;MATCHED
BO908326;D2608862;05/01/2026;NG_PEG;S;01/03/2027;31/03/2027;207,800;MWH;32,0920;EUR;ICE_EN;MATCHED
BO901464;D2601556;19/03/2026;PWR_FR;S;01/02/2026;28/02/2026;146,300;MWH;95,5450;EUR;VITOL;MATCHED
BO904695;D2605002;12/05/2026;PWR_FR;S;01/08/2027;31/08/2027;325,700;MWH;68,2400;EUR;TOTALE;MATCHED
BO906353;D2606768;03/12/2025;PWR_FR;B;01/09/2026;30/09/2026;431,700;MWH;65,7560;EUR;RWE;MATCHED
BO906308;D2606721;27/04/2026;NG_PEG;B;01/02/2027;28/02/2027;302,300;MWH;32,6880;EUR;AXPO;MATCHED
BO906208;D2606614;30/03/2026;NG_PEG;B;01/05/2027;31/05/2027;530,100;MWH;21,2840;EUR;VITOL;MATCHED
BO903910;D2604154;23/12/2025;PWR_FR;B;01/08/2027;31/08/2027;136,700;MWH;67,4370;EUR;GUNVOR;MATCHED
BO906284;D2606695;15/04/2026;NG_PEG;S;01/03/2027;29/02/2028;348,300;MWH;35,7170;EUR;RWE;MATCHED
BO908880;D2608227;12/02/2026;NG_PEG;S;01/12/2027;31/12/2027;662,300;MWH;40,4480;EUR;GUNVOR;MATCHED
BO901780;D2601890;28/04/2026;PWR_FR;B;01/11/2027;31/01/2028;80,400;MWH;87,9140;EUR;ICE_EN;MATCHED
BO902735;D2602908;06/07/2026;PWR_FR;B;01/03/2027;31/05/2027;82,200;MWH;78,3380;EUR;RWE;MATCHED
BO905026;D2605354;16/01/2026;PWR_FR;B;01/02/2026;30/04/2026;344,200;MWH;91,2140;EUR;GUNVOR;MATCHED
BO905346;D2605699;20/10/2025;PWR_FR;B;01/11/2026;30/11/2026;204,800;MWH;102,0060;EUR;GUNVOR;MATCHED
BO904450;D2604734;16/07/2026;NG_PEG;S;01/12/2027;30/11/2028;498,600;MWH;37,2100;EUR;EDF_TR;MATCHED
BO903434;D2603652;06/10/2025;PWR_FR;B;01/07/2027;31/07/2027;239,200;MWH;57,7750;EUR;GUNVOR;CXL
BO901994;D2602123;01/09/2025;NG_PEG;S;01/04/2026;30/04/2026;230,900;MWH;30,5480;EUR;EEX_CL;MATCHED
BO900655;D2600696;22/07/2026;PWR_FR;S;01/04/2027;30/04/2027;171,300;MWH;69,0420;EUR;GUNVOR;MATCHED
BO900831;D2600878;20/11/2025;PWR_FR;S;01/02/2026;28/02/2026;228,200;MWH;83,8130;EUR;VITOL;MATCHED
BO901643;D2601749;06/04/2026;PWR_FR;B;01/11/2027;30/11/2027;35,900;MWH;97,9990;EUR;MERCUR;MATCHED
BO904426;D2604707;15/04/2026;PWR_FR;S;01/08/2026;31/08/2026;203,900;MWH;56,7890;EUR;EDF_TR;MATCHED
BO906677;D2607109;24/07/2026;NG_PEG;B;01/04/2026;30/04/2026;208,900;MWH;30,1600;EUR;TOTALE;MATCHED
BO905265;D2605612;30/01/2026;NG_PEG;S;01/01/2026;31/01/2026;107,400;MWH;34,8840;EUR;RWE;MATCHED
BO907768;D2608260;28/04/2026;PWR_FR;S;01/01/2026;31/03/2026;75,700;MWH;107,2750;EUR;STATKR;MATCHED
BO903189;D2603400;02/03/2026;NG_PEG;B;01/05/2027;31/05/2027;844,200;MWH;20,1940;EUR;EEX_CL;MATCHED
BO901421;D2601512;06/11/2025;NG_PEG;B;01/04/2027;30/04/2027;564,100;MWH;26,8720;EUR;TOTALE;MATCHED
BO907144;D2607601;15/06/2026;NG_PEG;S;01/10/2026;31/12/2026;134,000;MWH;25,7150;EUR;ICE_EN;MATCHED
BO901635;D2601741;22/05/2026;PWR_FR;B;01/06/2026;30/06/2026;11,400;MWH;59,4980;EUR;STATKR;CXL
BO900752;D2600794;23/10/2025;PWR_FR;B;01/04/2027;30/04/2027;641,600;MWH;64,9750;EUR;MERCUR;MATCHED
BO908186;D2608713;23/12/2025;PWR_FR;B;01/06/2026;30/06/2026;331,700;MWH;60,7270;EUR;MERCUR;MATCHED
BO900608;D2600648;18/09/2025;PWR_FR;S;01/06/2027;30/06/2027;226,300;MWH;63,7430;EUR;SHELL_;MATCHED
BO903488;D2603708;06/10/2025;PWR_FR;B;01/11/2027;30/11/2027;445,200;MWH;96,6640;EUR;GUNVOR;MATCHED
BO901870;D2601992;04/06/2025;PWR_FR;B;01/08/2026;31/08/2026;104,300;MWH;52,7370;EUR;RWE;MATCHED
BO905249;D2605594;13/06/2025;PWR_FR;S;01/08/2027;31/08/2027;229,800;MWH;70,7880;EUR;SHELL_;CXL
BO908378;D2608916;14/07/2026;NG_PEG;B;01/03/2026;31/03/2026;328,200;MWH;34,0170;EUR;MERCUR;MATCHED
BO904061;D2604318;15/05/2026;PWR_FR;S;01/10/2027;31/10/2027;245,300;MWH;78,2770;EUR;VITOL;MATCHED
BO900222;D2600235;14/07/2026;PWR_FR;B;01/02/2027;28/02/2027;330,500;MWH;92,3340;EUR;UNIPER;MATCHED
BO900554;D2600590;19/02/2026;NG_PEG;B;01/02/2027;28/02/2027;477,400;MWH;33,8030;EUR;GUNVOR;CXL
BO901560;D2601662;23/06/2025;NG_PEG;B;01/12/2026;30/11/2027;204,500;MWH;41,4290;EUR;VITOL;MATCHED
BO906258;D2606668;25/08/2025;PWR_FR;S;01/09/2027;30/11/2027;311,700;MWH;73,1790;EUR;ICE_EN;MATCHED
BO906370;D2606785;15/08/2025;PWR_FR;S;01/01/2026;31/12/2026;68,300;MWH;111,6100;EUR;ICE_EN;MATCHED
BO901243;D2601321;10/07/2025;NG_PEG;B;01/08/2027;31/08/2027;308,200;MWH;25,1460;EUR;EDF_TR;MATCHED
BO900140;D2600149;17/03/2026;NG_PEG;S;01/07/2026;31/07/2026;202,900;MWH;20,7930;EUR;UNIPER;MATCHED
BO904490;D2604776;04/03/2026;PWR_FR;B;01/06/2026;31/08/2026;752,400;MWH;74,7250;EUR;ICE_EN;MATCHED
BO907060;D2607511;27/05/2026;NG_PEG;B;01/05/2026;31/05/2026;105,100;MWH;29,0350;EUR;EEX_CL;MATCHED
BO908803;D2602549;29/07/2025;PWR_FR;S;01/12/2026;31/12/2026;445,600;MWH;83,2630;EUR;TOTALE;MATCHED
BO907083;D2607536;02/06/2025;NG_PEG;B;01/06/2026;31/08/2026;374,600;MWH;26,3810;EUR;TOTALE;MATCHED
BO902894;D2603088;19/02/2026;NG_PEG;B;01/06/2026;30/06/2026;139,300;MWH;26,4860;EUR;EEX_CL;MATCHED
BO901367;D2601451;25/11/2025;PWR_FR;S;01/03/2026;31/03/2026;235,100;MWH;95,4220;EUR;SHELL_;MATCHED
BO900389;D2600412;21/10/2025;NG_PEG;S;01/06/2026;30/06/2026;74,100;MWH;26,2440;EUR;VITOL;MATCHED
BO908545;D2602656;08/09/2025;PWR_FR;B;01/09/2027;30/11/2027;374,900;MWH;72,8520;EUR;MERCUR;MATCHED
BO905580;D2605950;12/08/2025;PWR_FR;B;01/11/2026;30/11/2026;136,900;MWH;84,1270;EUR;MERCUR;MATCHED
BO902092;D2602226;06/06/2025;PWR_FR;B;01/05/2026;31/05/2026;826,600;MWH;73,5920;EUR;ICE_EN;MATCHED
BO907128;D2607584;10/07/2025;NG_PEG;S;01/02/2026;28/02/2026;168,400;MWH;38,2310;EUR;ICE_EN;MATCHED
BO903004;D2603206;10/07/2025;NG_PEG;B;01/03/2027;31/03/2027;439,600;MWH;42,2330;EUR;EDF_TR;MATCHED
BO906368;D2606783;15/10/2025;PWR_FR;S;01/06/2026;31/08/2026;148,800;MWH;67,9620;EUR;ICE_EN;MATCHED
BO904179;D2604442;25/03/2026;PWR_FR;B;01/11/2026;30/11/2026;1552,100;MWH;96,8820;EUR;SHELL_;MATCHED
BO902098;D2602232;01/09/2025;NG_PEG;B;01/05/2026;31/05/2026;399,000;MWH;28,6590;EUR;VITOL;MATCHED
BO905162;D2605497;16/09/2025;PWR_FR;S;01/11/2027;30/11/2027;350,800;MWH;93,0810;EUR;EDF_TR;MATCHED
BO906084;D2606481;27/06/2025;PWR_FR;S;01/01/2027;31/03/2027;135,200;MWH;100,4780;EUR;SHELL_;CXL
BO902598;D2602764;16/07/2025;NG_PEG;B;01/08/2027;31/08/2027;51,400;MWH;30,0179;EUR;EDF_TR;MATCHED
BO901074;D2601144;15/09/2025;PWR_FR;B;01/07/2026;31/07/2026;180,600;MWH;54,4950;EUR;TOTALE;MATCHED
BO907299;D2607766;29/09/2025;PWR_FR;B;01/06/2026;31/08/2026;551,300;MWH;64,1520;EUR;TOTALE;MATCHED
BO902845;D2603033;24/06/2025;PWR_FR;B;01/09/2026;30/11/2026;23,600;MWH;68,7870;EUR;GUNVOR;MATCHED
BO903411;D2603629;27/05/2026;PWR_FR;B;01/05/2026;31/07/2026;252,200;MWH;76,5290;EUR;MERCUR;MATCHED
BO901732;D2601841;24/09/2025;PWR_FR;B;01/07/2026;31/07/2026;85,500;MWH;66,6010;EUR;TOTALE;MATCHED
BO901012;D2601072;16/09/2025;PWR_FR;B;01/06/2027;30/06/2027;501,300;MWH;59,7720;EUR;EDF_TR;MATCHED
BO905619;D2605994;05/06/2026;NG_PEG;S;01/05/2026;31/05/2026;207,500;MWH;36,7730;EUR;UNIPER;CXL
BO904473;D2604757;23/07/2025;PWR_FR;B;01/06/2027;30/06/2027;309,700;MWH;69,8240;EUR;TOTALE;MATCHED
BO902088;D2602222;15/05/2026;NG_PEG;B;01/11/2026;30/11/2026;62,200;MWH;39,3820;EUR;EDF_TR;MATCHED
BO901269;D2601347;04/05/2026;PWR_FR;B;01/08/2027;31/08/2027;563,300;MWH;68,1500;EUR;MERCUR;MATCHED
BO906124;D2606524;08/05/2026;NG_PEG;B;01/03/2027;31/03/2027;948,100;MWH;33,2050;EUR;ICE_EN;MATCHED
BO902689;D2602860;28/07/2025;PWR_FR;S;01/04/2026;30/06/2026;164,500;MWH;76,9790;EUR;VITOL;MATCHED
BO905881;D2606269;01/08/2025;PWR_FR;B;01/11/2027;31/01/2028;144,400;MWH;97,4540;EUR;RWE;MATCHED
BO903350;D2603568;19/12/2025;NG_PEG;S;01/09/2027;30/09/2027;104,100;MWH;30,0300;EUR;TOTALE;MATCHED
BO908360;D2608897;28/04/2026;NG_PEG;B;01/04/2026;30/04/2026;226,200;MWH;30,4330;EUR;EEX_CL;MATCHED
BO904670;D2604971;19/12/2025;NG_PEG;B;01/06/2026;30/06/2026;707,000;MWH;27,0950;EUR;AXPO;MATCHED
BO908527;D2604268;03/04/2026;NG_PEG;S;01/07/2026;31/07/2026;613,500;MWH;27,5490;EUR;UNIPER;MATCHED
BO905631;D2606008;07/11/2025;NG_PEG;S;01/08/2026;31/08/2026;92,100;MWH;25,8760;EUR;MERCUR;MATCHED
BO902536;D2602697;15/05/2026;PWR_FR;B;01/03/2026;31/03/2026;68,600;MWH;106,9830;EUR;SHELL_;MATCHED
BO904508;D2604795;04/12/2025;PWR_FR;B;01/01/2027;31/01/2027;85,000;MWH;83,5470;EUR;AXPO;MATCHED
BO900425;D2600449;08/12/2025;NG_PEG;S;01/06/2026;30/06/2026;326,900;MWH;23,0180;EUR;STATKR;MATCHED
BO908049;D2608569;09/03/2026;PWR_FR;B;01/03/2026;31/03/2026;88,700;MWH;81,0220;EUR;AXPO;MATCHED
BO906942;D2607385;14/08/2025;PWR_FR;S;01/09/2027;30/09/2027;793,400;MWH;58,6760;EUR;VITOL;MATCHED
BO907251;D2607714;16/07/2026;PWR_FR;S;01/06/2027;30/06/2027;30,200;MWH;75,8580;EUR;RWE;MATCHED
BO901140;D2601215;05/06/2025;NG_PEG;B;01/05/2026;31/05/2026;224,600;MWH;26,9960;EUR;MERCUR;MATCHED
BO906099;D2606498;21/07/2025;PWR_FR;B;01/09/2026;30/09/2026;106,200;MWH;63,2630;EUR;TOTALE;MATCHED
BO902205;D2602343;15/07/2026;NG_PEG;S;01/02/2027;28/02/2027;565900,000;KWH;42,1870;EUR;ICE_EN;MATCHED
BO907309;D2607776;09/04/2026;NG_PEG;S;01/07/2027;31/07/2027;281,600;MWH;23,0490;EUR;VITOL;CXL
BO904273;D2604542;16/07/2026;NG_PEG;S;01/07/2026;31/07/2026;95,100;MWH;23,2430;EUR;RWE;MATCHED
BO902704;D02602876;29/10/2025;PWR_FR;B;01/04/2027;30/06/2027;266,900;MWH;71,9360;EUR;EDF_TR;MATCHED
BO908876;D2600642;07/05/2026;NG_PEG;B;01/03/2026;31/03/2026;338,300;MWH;29,9060;EUR;EDF_TR;MATCHED
BO905493;D2605858;11/03/2026;PWR_FR;S;01/03/2027;31/03/2027;737,500;MWH;90,1530;EUR;ICE_EN;MATCHED
BO908491;D2607000;08/09/2025;PWR_FR;S;01/01/2026;31/01/2026;112,900;MWH;104,4130;EUR;EDF_TR;MATCHED
BO908033;D2608552;25/11/2025;PWR_FR;B;01/01/2027;31/01/2027;329,700;MWH;62,8210;EUR;AXPO;MATCHED
BO900211;D2600224;30/07/2025;PWR_FR;B;01/05/2027;31/05/2027;187,400;MWH;68,1420;EUR;EDF_TR;MATCHED
BO908637;D2605547;20/10/2025;PWR_FR;S;01/05/2026;31/05/2026;210,800;MWH;80,8380;EUR;UNIPER;MATCHED
BO906121;D2606521;11/09/2025;PWR_FR;S;01/09/2026;30/11/2026;221,000;MWH;74,9500;EUR;MERCUR;MATCHED
BO905444;D2605807;03/07/2025;NG_PEG;B;01/08/2027;31/08/2027;68,900;MWH;27,5590;EUR;AXPO;CXL
BO903879;D2604123;18/07/2025;PWR_FR;B;01/07/2027;30/09/2027;405,800;MWH;68,0130;EUR;RWE;MATCHED
BO902155;D2602291;28/08/2025;NG_PEG;S;01/02/2027;28/02/2027;183,400;MWH;38,7280;EUR;UNIPER;MATCHED
BO907225;D2607686;20/04/2026;NG_PEG;S;01/09/2026;30/09/2026;274,800;MWH;25,9790;EUR;EDF_TR;MATCHED
BO906369;D2606784;27/01/2026;NG_PEG;B;01/09/2027;30/09/2027;98,000;MWH;30,5910;EUR;GUNVOR;MATCHED
BO908714;D2601904;06/02/2026;NG_PEG;S;01/11/2027;30/11/2027;393,900;MWH;33,6250;EUR;EDF_TR;MATCHED
BO904138;D2604400;02/06/2026;PWR_FR;S;01/12/2027;29/02/2028;98,700;MWH;90,0480;EUR;AXPO;MATCHED
BO903428;D2603646;11/05/2026;NG_PEG;B;01/05/2027;31/05/2027;180,900;MWH;29,9280;EUR;ICE_EN;MATCHED
BO902208;D2602346;29/05/2026;NG_PEG;B;01/08/2027;31/08/2027;78,400;MWH;30,2420;EUR;SHELL_;MATCHED
BO906695;D2607127;22/04/2026;NG_PEG;S;01/08/2026;31/08/2026;602,600;MWH;25,4670;EUR;SHELL_;MATCHED
BO908231;D2608761;20/08/2025;PWR_FR;B;01/12/2027;31/12/2027;78,000;MWH;96,0560;EUR;VITOL;MATCHED
BO907358;D2607827;16/02/2026;NG_PEG;S;01/06/2026;30/06/2026;589,900;MWH;30,3180;EUR;UNIPER;MATCHED
BO907282;D2607747;04/03/2026;NG_PEG;B;01/05/2027;31/05/2027;350,700;MWH;27,5580;EUR;EEX_CL;MATCHED
BO907743;D2608233;08/07/2026;PWR_FR;B;01/11/2027;31/01/2028;256,800;MWH;84,6590;EUR;ICE_EN;MATCHED
BO900043;D2600046;09/03/2026;PWR_FR;B;01/10/2027;31/10/2027;243,800;MWH;61,6450;EUR;MERCUR;MATCHED
BO902133;D2602267;07/04/2026;NG_PEG;B;01/05/2027;31/05/2027;297,500;MWH;24,9130;EUR;GUNVOR;MATCHED
BO906093;D2606492;06/08/2025;PWR_FR;B;01/10/2026;31/10/2026;71,700;MWH;77,8750;EUR;VITOL;MATCHED
BO906216;D2606623;05/11/2025;PWR_FR;B;01/03/2026;31/05/2026;638,200;MWH;76,1670;EUR;AXPO;MATCHED
BO903466;D2603684;19/05/2026;NG_PEG;B;01/07/2027;31/07/2027;153,200;MWH;23,3970;EUR;ICE_EN;MATCHED
BO906524;D2606945;31/03/2026;PWR_FR;B;01/01/2027;31/01/2027;289,900;MWH;85,3040;EUR;SHELL_;MATCHED
BO902158;D2602294;30/03/2026;NG_PEG;S;01/05/2026;31/05/2026;317,200;MWH;25,0220;EUR;MERCUR;MATCHED
BO907619;D2608105;30/06/2025;PWR_FR;S;01/07/2027;31/07/2027;153,900;MWH;65,2860;EUR;UNIPER;MATCHED
BO900201;D2600214;02/09/2025;NG_PEG;S;01/05/2026;31/07/2026;180,200;MWH;24,5880;EUR;TOTALE;MATCHED
BO907815;D2608311;16/01/2026;PWR_FR;S;01/05/2027;31/05/2027;323,800;MWH;68,8210;EUR;EEX_CL;MATCHED
BO906743;D2607176;26/06/2026;PWR_FR;B;01/11/2027;30/11/2027;249,700;MWH;92,8900;EUR;TOTALE;MATCHED
BO903904;D2604148;20/01/2026;PWR_FR;B;01/02/2027;28/02/2027;149,500;MWH;75,6790;EUR;EEX_CL;MATCHED
BO908488;D2604365;12/06/2025;PWR_FR;S;01/08/2026;31/08/2026;783,200;MWH;60,4100;EUR;EDF_TR;MATCHED
BO900871;D2600921;27/01/2026;NG_PEG;S;01/08/2027;31/10/2027;45,000;MWH;27,8780;EUR;VITOL;MATCHED
BO904758;D2605070;17/07/2026;PWR_FR;B;01/12/2026;28/02/2027;311,900;MWH;76,4540;EUR;EEX_CL;MATCHED
BO903117;D2603324;12/01/2026;PWR_FR;S;01/11/2026;31/10/2027;264,900;MWH;72,5830;EUR;TOTALE;MATCHED
BO902831;D2603018;15/10/2025;PWR_FR;B;01/08/2027;31/08/2027;25,500;MWH;56,0960;EUR;AXPO;MATCHED
BO903069;D2603273;10/04/2026;PWR_FR;S;01/03/2027;31/03/2027;235,200;MWH;88,3550;EUR;STATKR;MATCHED
BO900580;D2600618;08/08/2025;PWR_FR;S;01/01/2027;31/03/2027;189,400;MWH;99,0470;EUR;EEX_CL;MATCHED
BO900225;D2600238;15/05/2026;PWR_FR;B;01/09/2027;30/09/2027;292,200;MWH;73,6890;EUR;SHELL_;MATCHED
BO908579;D2607238;29/07/2025;NG_PEG;B;01/02/2026;28/02/2026;312,400;MWH;30,9790;EUR;AXPO;MATCHED
BO903590;D2603815;15/09/2025;NG_PEG;B;01/03/2027;31/03/2027;158,900;MWH;37,9830;EUR;STATKR;MATCHED
BO906037;D2606432;09/10/2025;NG_PEG;B;01/05/2026;31/07/2026;221,900;MWH;28,6310;EUR;AXPO;MATCHED
BO902156;D2602292;23/10/2025;NG_PEG;B;01/06/2027;30/06/2027;230,300;MWH;24,0530;EUR;RWE;MATCHED
BO902976;D2603172;04/09/2025;NG_PEG;B;01/02/2026;30/04/2026;113,000;MWH;30,4510;EUR;ICE_EN;CXL
BO901770;D2601879;17/04/2026;PWR_FR;S;01/05/2026;31/05/2026;149,100;MWH;68,0100;EUR;VITOL;MATCHED
BO903559;D2603781;19/01/2026;PWR_FR;S;01/09/2026;30/09/2026;292,700;MWH;63,2600;EUR;MERCUR;MATCHED
BO905803;D2606189;21/01/2026;PWR_FR;S;01/06/2027;30/06/2027;134,800;MWH;66,7260;EUR;GUNVOR;MATCHED
BO905250;D2605595;09/07/2025;PWR_FR;B;01/12/2026;31/12/2026;123,600;MWH;92,4060;EUR;ICE_EN;MATCHED
BO905780;D2606164;08/07/2025;PWR_FR;B;01/09/2026;30/09/2026;784,700;MWH;63,9500;EUR;RWE;MATCHED
BO905440;D2605800;12/09/2025;NG_PEG;S;01/08/2027;31/08/2027;444,600;MWH;28,3900;EUR;EEX_CL;MATCHED
BO905475;D2605840;22/08/2025;PWR_FR;B;01/07/2027;31/07/2027;267,400;MWH;64,5520;EUR;VITOL;MATCHED
BO901783;D2601893;30/09/2025;PWR_FR;S;01/07/2026;31/07/2026;375,600;MWH;55,4780;EUR;MERCUR;MATCHED
BO908607;D2603817;13/06/2025;PWR_FR;S;01/12/2026;31/12/2026;163,900;MWH;99,6910;EUR;EDF_TR;MATCHED
BO908093;D2608616;29/05/2026;NG_PEG;S;01/02/2027;28/02/2027;751,900;MWH;37,6250;EUR;VITOL;MATCHED
BO904015;D2604267;08/10/2025;PWR_FR;B;01/05/2027;31/07/2027;183,000;MWH;77,2390;EUR;SHELL_;MATCHED
BO908040;D2608559;10/04/2026;PWR_FR;B;01/09/2026;30/09/2026;236,500;MWH;65,7170;EUR;EDF_TR;MATCHED
BO907396;D2607868;26/06/2025;PWR_FR;B;01/11/2026;31/01/2027;211,200;MWH;73,2520;EUR;TOTALE;MATCHED
BO900433;D2600459;28/11/2025;NG_PEG;S;01/12/2026;31/12/2026;858,600;MWH;44,5540;EUR;UNIPER;MATCHED
BO908621;D2605460;04/11/2025;PWR_FR;B;01/05/2027;31/05/2027;59,300;MWH;80,2720;EUR;ICE_EN;MATCHED
BO900388;D2600411;07/04/2026;PWR_FR;B;01/01/2026;31/01/2026;153,200;MWH;93,8110;EUR;MERCUR;MATCHED
BO905188;D2605527;02/07/2025;NG_PEG;S;01/05/2026;31/05/2026;77,200;MWH;26,5940;EUR;SHELL_;MATCHED
BO907025;D2607474;11/12/2025;PWR_FR;S;01/01/2027;31/01/2027;630,300;MWH;101,4120;EUR;ICE_EN;MATCHED
BO900081;D2600086;15/09/2025;PWR_FR;B;01/09/2027;31/08/2028;156,400;MWH;68,3990;EUR;VITOL;MATCHED
BO904811;D2605127;12/06/2026;NG_PEG;B;01/01/2027;31/01/2027;165,600;MWH;34,7620;EUR;GUNVOR;MATCHED
BO908006;D2608524;06/03/2026;NG_PEG;B;01/05/2026;31/05/2026;67,800;MWH;26,3610;EUR;STATKR;MATCHED
BO905412;D2605771;21/11/2025;NG_PEG;B;01/11/2027;31/10/2028;189,400;MWH;40,1840;EUR;SHELL_;MATCHED
BO908167;D2608694;12/06/2025;PWR_FR;S;01/06/2026;31/08/2026;129,000;MWH;59,5350;EUR;EEX_CL;MATCHED
BO901868;D2601990;02/06/2025;NG_PEG;S;01/10/2026;31/10/2026;116,900;MWH;35,6170;EUR;UNIPER;MATCHED
BO903957;D2604205;29/10/2025;NG_PEG;B;01/03/2027;31/03/2027;326,500;MWH;31,8020;EUR;GUNVOR;MATCHED
BO907427;D2607900;10/06/2025;NG_PEG;S;01/01/2026;31/01/2026;275,800;MWH;41,7180;EUR;RWE;MATCHED
BO902034;D2602164;07/07/2025;PWR_FR;B;01/03/2026;31/03/2026;829,600;MWH;90,8560;EUR;SHELL_;MATCHED
BO903567;D2603791;09/03/2026;NG_PEG;S;01/09/2026;30/09/2026;160,800;MWH;25,5320;EUR;AXPO;MATCHED
BO901427;D2601518;01/07/2025;PWR_FR;S;01/05/2027;31/05/2027;108,800;MWH;66,8460;EUR;ICE_EN;MATCHED
BO900002;D2600002;25/07/2025;PWR_FR;S;01/02/2026;28/02/2026;99,300;MWH;98,1760;EUR;RWE;MATCHED
BO908334;D2608870;10/10/2025;PWR_FR;B;01/04/2027;30/04/2027;64,700;MWH;74,0540;EUR;VITOL;MATCHED
BO902477;D2602631;17/10/2025;PWR_FR;B;01/10/2027;31/10/2027;183,400;MWH;78,6040;EUR;ICE_EN;MATCHED
BO908130;D2608654;05/01/2026;PWR_FR;S;01/09/2026;30/09/2026;1324,900;MWH;65,0260;EUR;TOTALE;MATCHED
BO900194;D2600207;18/12/2025;NG_PEG;B;01/11/2026;31/01/2027;364,700;MWH;30,5130;EUR;EDF_TR;MATCHED
BO908562;D2608605;22/10/2025;PWR_FR;S;01/02/2026;28/02/2026;136,200;MWH;84,8590;EUR;SHELL_;MATCHED
BO906716;D2607148;12/08/2025;PWR_FR;S;01/06/2027;30/06/2027;274,700;MWH;71,2630;EUR;STATKR;MATCHED
BO905254;D2605599;31/03/2026;PWR_FR;B;01/03/2026;31/05/2026;640,100;MWH;81,1650;EUR;TOTALE;MATCHED
BO900427;D2600452;15/05/2026;PWR_FR;S;01/01/2026;31/01/2026;121,700;MWH;102,9000;EUR;MERCUR;MATCHED
BO905102;D2605434;24/12/2025;PWR_FR;B;01/02/2027;30/04/2027;346,500;MWH;95,2420;EUR;GUNVOR;MATCHED
BO900783; D2600825;12/06/2025;NG_PEG;B;01/02/2026;28/02/2026;53,900;MWH;37,4480;EUR;SHELL_;MATCHED
BO908128;D2608652;13/02/2026;PWR_FR;S;01/11/2027;30/11/2027;792,900;MWH;70,9570;EUR;EEX_CL;MATCHED
BO900900;D2600951;02/02/2026;NG_PEG;S;01/12/2027;29/02/2028;138,700;MWH;33,7420;EUR;ICE_EN;MATCHED
BO904502;d2604788;19/09/2025;PWR_FR;S;01/12/2026;31/12/2026;133,200;MWH;79,9990;EUR;TOTALE;MATCHED
BO905547;D2605915;02/03/2026;NG_PEG;S;01/02/2026;30/04/2026;99,300;MWH;32,2560;EUR;RWE;MATCHED
BO905076;D02605406;20/08/2025;NG_PEG;B;01/04/2026;30/04/2026;213,100;MWH;30,3710;EUR;VITOL;MATCHED
BO902267;D2602407;17/07/2026;NG_PEG;S;01/08/2026;31/10/2026;366,500;MWH;19,9080;EUR;EEX_CL;MATCHED
BO900829;D2600876;04/06/2026;NG_PEG;B;01/03/2026;31/03/2026;183,400;MWH;33,0630;EUR;TOTALE;MATCHED
BO903492;D2603712;19/06/2026;PWR_FR;B;01/12/2027;31/12/2027;201,100;MWH;96,3670;EUR;UNIPER;CXL
BO904554;D2604845;04/07/2025;NG_PEG;B;01/06/2027;31/05/2028;277,200;MWH;22,6840;EUR;EEX_CL;MATCHED
BO900812;D2600858;15/09/2025;PWR_FR;B;01/08/2026;31/10/2026;194,400;MWH;53,7320;EUR;MERCUR;MATCHED
BO903698;D2603930;14/07/2025;NG_PEG;B;01/07/2027;31/07/2027;336,000;MWH;19,0910;EUR;STATKR;MATCHED
BO905317;D2605670;25/02/2026;PWR_FR;S;01/10/2026;31/12/2026;498900,000;KWH;93,4910;EUR;STATKR;MATCHED
BO908139;D2608666;08/10/2025;NG_PEG;B;01/05/2027;31/07/2027;263,000;MWH;30,8640;EUR;MERCUR;MATCHED
BO903203;D2603416;23/03/2026;PWR_FR;B;01/08/2027;31/10/2027;95,700;MWH;76,8800;EUR;SHELL_;MATCHED
BO902081;D2602215;23/09/2025;NG_PEG;S;01/08/2026;31/08/2026;381,200;MWH;25,8740;EUR;RWE;MATCHED
BO908336;D2608872;25/12/2025;PWR_FR;S;01/12/2027;31/12/2027;134,000;MWH;90,1100;EUR;MERCUR;MATCHED
BO905279;D2605629;08/05/2026;NG_PEG;S;01/04/2027;30/06/2027;501,200;MWH;34,1170;EUR;ICE_EN;MATCHED
BO905413;D2605772;08/10/2025;NG_PEG;B;01/09/2027;30/09/2027;84,100;MWH;30,0650;EUR;EEX_CL;MATCHED
BO900525;D2600560;19/08/2025;PWR_FR;B;01/04/2026;30/04/2026;238,600;MWH;85,9570;EUR;UNIPER;MATCHED
BO901653;D2601759;04/11/2025;PWR_FR;B;01/09/2026;31/08/2027;204,300;MWH;67,0420;EUR;MERCUR;CXL
BO906698;D2607130;17/06/2026;NG_PEG;S;01/11/2026;30/11/2026;238,700;MWH;34,7070;EUR;STATKR;MATCHED
BO900538;D2600573;02/01/2026;PWR_FR;S;01/11/2026;30/11/2026;186,400;MWH;64,3900;EUR;STATKR;MATCHED
BO902055;D2602187;17/09/2025;NG_PEG;B;01/04/2026;30/04/2026;206,500;MWH;28,5140;EUR;MERCUR;MATCHED
BO903764;D2604000;02/07/2025;PWR_FR;B;01/04/2027;30/04/2027;99,000;MWH;73,3090;EUR;ICE_EN;MATCHED
BO904772;D2605085;13/06/2025;NG_PEG;S;01/10/2026;31/10/2026;225,000;MWH;28,3110;EUR;EDF_TR;MATCHED
BO906191;D2606596;08/10/2025;PWR_FR;B;01/04/2027;30/06/2027;154,700;MWH;78,8880;EUR;GUNVOR;MATCHED
BO908687;D2606836;31/03/2026;NG_PEG;B;01/05/2027;31/05/2027;313,800;MWH;26,9720;EUR;STATKR;MATCHED
BO907981;D2608498;02/06/2025;PWR_FR;S;01/01/2027;31/01/2027;710,000;MWH;105,1320;EUR;UNIPER;MATCHED
BO900152;D2600162;09/06/2026;NG_PEG;B;01/03/2026;31/03/2026;253,900;MWH;27,4610;EUR;GUNVOR;MATCHED
BO906708;D2607140;13/03/2026;NG_PEG;S;01/08/2027;31/10/2027;412,200;MWH;23,2120;EUR;VITOL;MATCHED
BO906153; D2606554;29/01/2026;PWR_FR;B;01/02/2027;28/02/2027;306,300;MWH;91,3150;EUR;AXPO;MATCHED
BO906676;D2607107;20/04/2026;NG_PEG;B;01/06/2027;30/06/2027;46,500;MWH;23,6230;EUR;TOTALE;MATCHED
BO908290;D2608824;25/02/2026;PWR_FR;B;01/02/2026;28/02/2026;213,700;MWH;100,2630;EUR;STATKR;MATCHED
BO902462;D2602616;23/07/2025;PWR_FR;S;01/08/2027;31/08/2027;542,500;MWH;71,1690;EUR;ICE_EN;MATCHED
BO903888;D2604132;03/09/2025;NG_PEG;B;01/04/2027;30/06/2027;68,400;MWH;35,1000;EUR;SHELL_;MATCHED
BO908300;D2608835;28/01/2026;NG_PEG;B;01/03/2027;31/05/2027;442,500;MWH;31,5580;EUR;EDF_TR;MATCHED
BO907444;D2607917;31/07/2025;PWR_FR;B;01/08/2026;31/08/2026;161,000;MWH;66,2730;EUR;EEX_CL;MATCHED
BO906127;D2606527;14/08/2025;PWR_FR;S;01/01/2026;31/01/2026;118,500;MWH;101,2940;EUR;EEX_CL;MATCHED
BO902886; D2603079;01/05/2026;NG_PEG;S;01/04/2027;30/04/2027;39,800;MWH;27,7600;EUR;TOTALE;MATCHED
BO904300;D2604571;20/03/2026;PWR_FR;S;01/11/2026;30/11/2026;92,800;MWH;93,0790;EUR;ICE_EN;MATCHED
BO901656;D2601763;18/06/2026;PWR_FR;S;01/09/2026;30/11/2026;314,300;MWH;67,3152;EUR;MERCUR;MATCHED
BO907716;D2608205;10/06/2026;PWR_FR;B;01/09/2026;30/11/2026;290,000;MWH;81,0510;EUR;EDF_TR;MATCHED
BO901596;D2601700;17/04/2026;PWR_FR;S;01/11/2027;30/11/2027;257,000;MWH;86,1300;EUR;MERCUR;MATCHED
BO906831;D2607270;16/10/2025;NG_PEG;S;01/07/2026;30/06/2027;509,700;MWH;24,4900;EUR;STATKR;MATCHED
BO903003;D2603205;26/08/2025;PWR_FR;B;01/01/2026;31/03/2026;71,600;MWH;87,4610;EUR;EDF_TR;MATCHED
BO908987;D2600456;17/06/2026;PWR_FR;S;01/06/2026;30/06/2026;308,100;MWH;68,9220;EUR;VITOL;MATCHED
BO900701;D2600743;27/05/2026;PWR_FR;S;01/01/2027;31/01/2027;172,800;MWH;94,5080;EUR;GUNVOR;MATCHED
BO907195;D2607653;03/06/2025;NG_PEG;S;01/11/2026;30/11/2026;591,800;MWH;32,6830;EUR;MERCUR;MATCHED
BO905380;D2605738;16/10/2025;PWR_FR;S;01/03/2026;31/03/2026;90,900;MWH;73,8890;EUR;AXPO;MATCHED
BO907856;D2608357;12/01/2026;PWR_FR;S;01/07/2026;31/07/2026;375,700;MWH;53,1250;EUR;GUNVOR;MATCHED
BO901971;D2602099;29/07/2025;PWR_FR;B;01/10/2027;31/10/2027;149,600;MWH;84,1290;EUR;UNIPER;MATCHED
BO906069;D2606465;20/04/2026;NG_PEG;S;01/12/2027;31/12/2027;246,700;MWH;32,1210;EUR;MERCUR;MATCHED
BO906657;D2607086;22/07/2025;PWR_FR;B;01/01/2026;31/03/2026;99,300;MWH;89,5620;EUR;ICE_EN;MATCHED
BO901084; D2601154;07/08/2025;PWR_FR;B;01/09/2027;30/09/2027;323,100;MWH;77,2260;EUR;EEX_CL;MATCHED
BO905299;D2605650;03/03/2026;PWR_FR;B;01/10/2026;31/10/2026;516,500;MWH;92,8910;EUR;TOTALE;MATCHED
BO900712;D2600754;09/10/2025;NG_PEG;B;01/06/2027;30/06/2027;173,500;MWH;24,4240;EUR;RWE;MATCHED
BO905106;D2605438;22/07/2025;NG_PEG;B;01/05/2027;31/07/2027;189,900;MWH;34,2020;EUR;RWE;MATCHED
BO901186; D2601262;08/06/2026;NG_PEG;S;01/01/2026;31/01/2026;720,700;MWH;37,3960;EUR;RWE;MATCHED
BO903357;D2603575;30/04/2026;PWR_FR;B;01/04/2026;31/03/2027;219,900;MWH;80,2520;EUR;MERCUR;MATCHED
BO906830;D2607269;28/01/2026;PWR_FR;S;01/04/2026;30/04/2026;208,000;MWH;71,0370;EUR;AXPO;MATCHED
BO901125;D2601199;31/03/2026;PWR_FR;B;01/02/2026;30/04/2026;122,400;MWH;93,3680;EUR;STATKR;MATCHED
BO902409;D2602563;18/05/2026;PWR_FR;B;01/01/2026;31/01/2026;1214,400;MWH;88,1560;EUR;EEX_CL;MATCHED
BO905931;D2606319;22/10/2025;NG_PEG;B;01/04/2026;30/04/2026;668,500;MWH;32,1490;EUR;AXPO;MATCHED
BO904323;D2604594;03/11/2025;PWR_FR;B;01/02/2027;28/02/2027;673,100;MWH;100,9080;EUR;TOTALE;MATCHED
BO908737;D2600477;30/12/2025;NG_PEG;S;01/07/2027;31/07/2027;313,000;MWH;21,8770;EUR;TOTALE;MATCHED
BO906623;D2607048;16/02/2026;NG_PEG;B;01/12/2027;29/02/2028;427,800;MWH;39,1220;EUR;GUNVOR;MATCHED
BO906608;D2607033;12/02/2026;NG_PEG;B;01/01/2026;31/01/2026;888,500;MWH;35,1080;EUR;AXPO;MATCHED
BO906269;D2606680;04/05/2026;PWR_FR;B;01/04/2026;31/03/2027;211,600;MWH;70,6530;EUR;EEX_CL;CXL
BO908078;D2608598;31/07/2025;NG_PEG;B;01/06/2026;30/06/2026;545,300;MWH;24,9140;EUR;ICE_EN;MATCHED
BO904735;d2605044;22/10/2025;PWR_FR;S;01/11/2026;30/11/2026;760,200;MWH;89,9820;EUR;EEX_CL;MATCHED
BO907776;D2608269;28/08/2025;PWR_FR;B;01/03/2027;31/05/2027;284,100;MWH;69,0520;EUR;AXPO;MATCHED
BO908909;D2602047;27/01/2026;NG_PEG;B;01/07/2026;31/07/2026;269,800;MWH;16,7080;EUR;UNIPER;MATCHED
BO903132;D2603339;31/03/2026;PWR_FR;S;01/10/2027;31/12/2027;239,700;MWH;72,0330;EUR;ICE_EN;MATCHED
BO907987;D2608504;13/10/2025;PWR_FR;B;01/04/2027;30/06/2027;384,100;MWH;85,6310;EUR;AXPO;MATCHED
BO901346;D2601429;01/06/2026;NG_PEG;B;01/06/2027;30/06/2027;2137,300;MWH;25,5880;EUR;TOTALE;MATCHED
BO904916;D2605238;14/04/2026;PWR_FR;S;01/04/2026;30/06/2026;104,200;MWH;80,1320;EUR;VITOL;MATCHED
BO900528;D2600563;11/12/2025;PWR_FR;B;01/05/2026;31/05/2026;87,900;MWH;68,9180;EUR;EDF_TR;MATCHED
BO902191;D2602329;01/05/2026;PWR_FR;B;01/07/2026;31/07/2026;278,200;MWH;51,0410;EUR;ICE_EN;MATCHED
BO907405;D2607878;10/11/2025;NG_PEG;B;01/10/2026;31/12/2026;1696,400;MWH;32,3060;EUR;SHELL_;MATCHED
BO908110;D2608633;08/04/2026;NG_PEG;B;01/04/2026;30/04/2026;113,000;MWH;33,3410;EUR;EEX_CL;MATCHED
BO907302;D2607769;11/06/2026;PWR_FR;S;01/04/2026;30/04/2026;204,400;MWH;78,7340;EUR;EDF_TR;MATCHED
BO902362;D2602511;13/08/2025;PWR_FR;B;01/07/2026;31/07/2026;516,400;MWH;53,4570;EUR;GUNVOR;MATCHED
BO903279;D2603496;03/03/2026;PWR_FR;S;01/01/2027;31/12/2027;294,700;MWH;87,9130;EUR;ICE_EN;MATCHED
BO902115;D2602249;21/01/2026;NG_PEG;B;01/03/2026;31/03/2026;228,600;MWH;38,3716;EUR;SHELL_;MATCHED
BO908593; D2606629;05/02/2026;PWR_FR;S;01/02/2027;31/01/2028;989,000;MWH;105,8010;EUR;EEX_CL;MATCHED
BO901232;D2601309;23/12/2025;PWR_FR;B;01/03/2026;31/05/2026;194,500;MWH;89,2370;EUR;SHELL_;MATCHED
BO903249;D2603465;15/07/2026;NG_PEG;S;01/11/2026;30/11/2026;139,600;MWH;32,6910;EUR;MERCUR;MATCHED
BO905539;D2605907;14/10/2025;NG_PEG;B;01/02/2027;28/02/2027;890,700;MWH;34,1770;EUR;AXPO;MATCHED
BO902852;D2603040;01/10/2025;NG_PEG;B;01/08/2027;31/08/2027;360,700;MWH;26,1400;EUR;SHELL_;MATCHED
BO902897;D2603091;20/02/2026;PWR_FR;B;01/02/2026;28/02/2026;765,300;MWH;98,6950;EUR;ICE_EN;MATCHED
BO908988;D2601920;09/03/2026;NG_PEG;B;01/07/2027;30/06/2028;175,200;MWH;22,0550;EUR;MERCUR;MATCHED
BO900868;D2600918;30/06/2025;NG_PEG;B;01/08/2026;31/08/2026;253,200;MWH;28,0760;EUR;SHELL_;MATCHED
BO908443;D2608983;09/07/2025;PWR_FR;B;01/05/2027;31/05/2027;87,200;MWH;65,9610;EUR;VITOL;MATCHED
BO902356;D2602504;07/05/2026;PWR_FR;S;01/05/2027;31/05/2027;95,400;MWH;74,8510;EUR;EDF_TR;MATCHED
BO905919;D2606307;16/10/2025;PWR_FR;B;01/08/2026;31/08/2026;101,200;MWH;58,9490;EUR;VITOL;MATCHED
BO901482;D2601576;21/08/2025;PWR_FR;B;01/06/2027;31/08/2027;217,800;MWH;66,9350;EUR;EEX_CL;MATCHED
BO901116;D2601188;28/08/2025;PWR_FR;S;01/07/2026;30/06/2027;240,800;MWH;65,6260;EUR;TOTALE;MATCHED
BO908273;D2608805;15/05/2026;NG_PEG;S;01/03/2027;31/05/2027;159,300;MWH;30,7300;EUR;ICE_EN;MATCHED
BO900826;D2600873;04/11/2025;PWR_FR;B;01/04/2026;30/06/2026;99,100;MWH;76,6010;EUR;RWE;MATCHED
BO904198;D2604462;24/06/2025;PWR_FR;B;01/09/2027;30/11/2027;507,700;MWH;69,5960;EUR;VITOL;MATCHED
BO903268;D2603485;04/08/2025;PWR_FR;B;01/12/2027;31/12/2027;263,100;MWH;85,2690;EUR;STATKR;MATCHED
BO908968;D2605737;18/07/2025;NG_PEG;S;01/07/2026;30/09/2026;139,000;MWH;17,6360;EUR;TOTALE;MATCHED
BO908444;D2608984;14/08/2025;PWR_FR;B;01/02/2027;28/02/2027;313,200;MWH;108,1690;EUR;VITOL;MATCHED
BO903703;D2603935;19/05/2026;PWR_FR;B;01/10/2026;31/10/2026;136,700;MWH;83,6660;EUR;SHELL_;MATCHED
BO906598;D2607023;09/09/2025;NG_PEG;S;01/06/2027;30/06/2027;199,400;MWH;25,2700;EUR;VITOL;MATCHED
BO904460;D2604744;05/08/2025;PWR_FR;B;01/02/2026;28/02/2026;961,800;MWH;80,4930;EUR;VITOL;MATCHED
BO907567;D2608046;13/11/2025;NG_PEG;S;01/09/2027;30/09/2027;224,600;MWH;30,4390;EUR;STATKR;MATCHED
BO900122;D2600130;20/04/2026;NG_PEG;S;01/10/2026;31/10/2026;77,800;MWH;31,0850;EUR;SHELL_;MATCHED
BO904371;D2604648;14/10/2025;PWR_FR;B;01/02/2026;28/02/2026;61,700;MWH;98,5870;EUR;RWE;MATCHED
BO903820;D2604061;09/01/2026;PWR_FR;B;01/01/2027;31/01/2027;505,000;MWH;79,9480;EUR;TOTALE;MATCHED
BO902635;D2602801;14/04/2026;PWR_FR;S;01/09/2027;30/09/2027;394,900;MWH;75,7020;EUR;ICE_EN;MATCHED
BO906265;D2606676;22/06/2026;PWR_FR;B;01/05/2026;31/05/2026;128,200;MWH;92,6500;EUR;AXPO;MATCHED
BO905623;D2606000;22/04/2026;PWR_FR;B;01/11/2027;30/11/2027;83,400;MWH;105,7120;EUR;STATKR;MATCHED
BO901423;D2601514;14/07/2026;NG_PEG;B;01/11/2026;30/11/2026;395,300;MWH;27,8170;EUR;EDF_TR;MATCHED
BO902811;D2602997;08/09/2025;PWR_FR;B;01/07/2026;31/07/2026;155,000;MWH;58,4850;EUR;GUNVOR;MATCHED
BO900599;D2600638;19/03/2026;PWR_FR;B;01/02/2027;31/01/2028;126,900;MWH;82,3550;EUR;STATKR;MATCHED
BO903227;D2603440;26/11/2025;PWR_FR;S;01/03/2027;31/03/2027;436,500;MWH;85,9910;EUR;TOTALE;MATCHED
BO906164;D2606565;07/05/2026;PWR_FR;B;01/06/2027;30/06/2027;1013,300;MWH;68,0930;EUR;EDF_TR;MATCHED
BO901858;D2601978;14/10/2025;PWR_FR;S;01/05/2026;31/05/2026;110,300;MWH;65,4850;EUR;VITOL;MATCHED
BO908449;D2608989;09/01/2026;PWR_FR;S;01/06/2027;30/06/2027;413,200;MWH;63,5580;EUR;EDF_TR;MATCHED
BO907403;D2607876;06/10/2025;NG_PEG;S;01/06/2027;30/06/2027;77,700;MWH;23,5500;EUR;MERCUR;MATCHED
BO904256;D2604524;15/10/2025;NG_PEG;S;01/02/2027;31/01/2028;163,000;MWH;36,2060;EUR;SHELL_;MATCHED
BO902268;D2602408;14/04/2026;PWR_FR;B;01/07/2027;30/06/2028;425,200;MWH;49,9510;EUR;AXPO;MATCHED
BO907529;D2608004;05/11/2025;PWR_FR;B;01/03/2027;31/03/2027;528,100;MWH;86,0710;EUR;RWE;MATCHED
BO903305;D2603522;25/11/2025;PWR_FR;S;01/09/2027;30/11/2027;378,600;MWH;79,2800;EUR;TOTALE;MATCHED
BO906453;D2606872;24/11/2025;PWR_FR;S;01/06/2027;30/06/2027;117,900;MWH;57,9010;EUR;UNIPER;MATCHED
BO908743;D2606675;05/06/2026;PWR_FR;B;01/11/2026;31/01/2027;89,100;MWH;95,4900;EUR;EDF_TR;MATCHED
BO906860;D2607300;13/05/2026;PWR_FR;B;01/01/2027;31/01/2027;114,500;MWH;92,7500;EUR;ICE_EN;MATCHED
BO904686;D2604991;11/06/2025;PWR_FR;B;01/01/2027;31/01/2027;148,800;MWH;73,4010;EUR;GUNVOR;MATCHED
BO907196;D2607654;15/05/2026;PWR_FR;B;01/01/2026;31/01/2026;139,600;MWH;75,8210;EUR;GUNVOR;MATCHED
BO905565;D2605934;24/09/2025;NG_PEG;B;01/04/2026;31/03/2027;220,600;MWH;35,5540;EUR;SHELL_;MATCHED
BO904668;D2604969;24/12/2025;NG_PEG;S;01/01/2026;31/01/2026;192,700;MWH;38,3420;EUR;SHELL_;MATCHED
BO902700;D2602872;03/07/2025;PWR_FR;B;01/05/2027;31/05/2027;458,700;MWH;60,9450;EUR;STATKR;MATCHED
BO905170;D2605507;16/03/2026;NG_PEG;B;01/03/2026;31/03/2026;34,000;MWH;33,4230;EUR;MERCUR;MATCHED
BO908886;D2602397;29/12/2025;PWR_FR;S;01/04/2026;30/04/2026;462,500;MWH;71,4400;EUR;GUNVOR;MATCHED
BO907998;D2608515;19/08/2025;PWR_FR;S;01/03/2027;31/03/2027;227,400;MWH;86,8320;EUR;ICE_EN;MATCHED
BO901558;D2601660;23/06/2026;NG_PEG;B;01/06/2026;30/06/2026;68,300;MWH;21,5420;EUR;EEX_CL;MATCHED
BO904376;D2604653;27/03/2026;PWR_FR;B;01/03/2027;29/02/2028;191,300;MWH;85,3260;EUR;MERCUR;MATCHED
BO902632;D2602798;28/01/2026;PWR_FR;S;01/09/2027;30/09/2027;308,700;MWH;69,6100;EUR;MERCUR;MATCHED
BO908561;D2608058;28/07/2025;PWR_FR;B;01/03/2027;31/03/2027;1230,100;MWH;94,0350;EUR;AXPO;MATCHED
BO903410;D2603628;20/03/2026;PWR_FR;B;01/05/2027;31/05/2027;813,300;MWH;72,1240;EUR;VITOL;MATCHED
BO901944;D2602071;07/04/2026;PWR_FR;S;01/07/2026;31/07/2026;160,800;MWH;56,4910;EUR;EEX_CL;CXL
BO900566;D2600603;07/10/2025;PWR_FR;B;01/03/2027;31/03/2027;35,200;MWH;82,7660;EUR;EDF_TR;MATCHED
BO905351;D2605704;24/11/2025;PWR_FR;B;01/06/2027;30/06/2027;210,300;MWH;58,2530;EUR;SHELL_;MATCHED
BO906363;D2606778;31/12/2025;NG_PEG;S;01/10/2026;31/12/2026;160,100;MWH;35,5890;EUR;VITOL;MATCHED
BO903212;D2603425;17/07/2026;PWR_FR;B;01/10/2026;31/10/2026;116,600;MWH;78,5620;EUR;ICE_EN;MATCHED
BO903806;D2604046;06/02/2026;PWR_FR;S;01/03/2027;31/05/2027;346,700;MWH;91,9200;EUR;STATKR;MATCHED
BO907287;D2607753;20/07/2026;NG_PEG;B;01/10/2026;31/10/2026;978,600;MWH;28,6020;EUR;VITOL;MATCHED
BO908008;D2608527;18/06/2026;PWR_FR;B;01/07/2026;30/09/2026;146,700;MWH;54,1130;EUR;GUNVOR;MATCHED
BO906149;D2606549;09/12/2025;NG_PEG;S;01/07/2026;31/07/2026;189,400;MWH;23,6200;EUR;EEX_CL;MATCHED
BO906237;D2606646;10/10/2025;PWR_FR;B;01/01/2026;31/01/2026;105,200;MWH;102,6660;EUR;STATKR;MATCHED
BO906566;D2606988;25/11/2025;PWR_FR;S;01/11/2027;30/11/2027;204,400;MWH;89,7760;EUR;EDF_TR;MATCHED
BO907951;D2608464;24/12/2025;NG_PEG;B;01/08/2026;31/10/2026;121,100;MWH;20,4620;EUR;SHELL_;MATCHED
BO902398;D2602552;28/01/2026;NG_PEG;B;01/11/2027;30/11/2027;146,500;MWH;30,9640;EUR;RWE;MATCHED
BO908216;D2608745;24/07/2026;PWR_FR;B;01/10/2026;31/10/2026;227,800;MWH;88,4000;EUR;GUNVOR;MATCHED
BO906585;D2607010;12/05/2026;PWR_FR;B;01/08/2027;31/08/2027;165,700;MWH;64,1610;EUR;EEX_CL;MATCHED
BO903166;D2603375;04/08/2025;PWR_FR;B;01/07/2026;31/07/2026;224,800;MWH;66,0590;EUR;EEX_CL;MATCHED
BO901822;D2601938;08/12/2025;PWR_FR;S;01/05/2027;31/05/2027;320,500;MWH;65,7890;EUR;SHELL_;MATCHED
BO903604;D2603831;03/06/2025;NG_PEG;S;01/01/2027;31/01/2027;97,900;MWH;37,2630;EUR;GUNVOR;MATCHED
BO908671;D2601655;10/12/2025;PWR_FR;B;01/06/2026;31/08/2026;229,000;MWH;57,5110;EUR;EDF_TR;MATCHED
BO990011;D9500011;02/04/2026;PWR_FR;S;01/06/2027;30/06/2027;127,500;MWH;55,3210;EUR;GUNVOR;MATCHED
BO900952;D2601005;08/09/2025;NG_PEG;S;01/06/2027;31/08/2027;1177,200;MWH;27,2500;EUR;UNIPER;MATCHED
BO903308;D2603526;09/06/2025;PWR_FR;S;01/01/2026;31/03/2026;583,500;MWH;89,4620;EUR;GUNVOR;MATCHED
BO902454;D2602608;15/12/2025;PWR_FR;B;01/08/2026;31/08/2026;987,200;MWH;66,3960;EUR;MERCUR;MATCHED
BO900592;D2600631;29/06/2026;NG_PEG;S;01/07/2027;31/07/2027;554,500;MWH;21,4750;EUR;STATKR;MATCHED
BO900575;D2600613;30/12/2025;PWR_FR;B;01/02/2027;28/02/2027;388,100;MWH;77,7750;EUR;VITOL;MATCHED
BO902673;D2602842;12/02/2026;NG_PEG;B;01/04/2026;30/04/2026;55,300;MWH;32,7410;EUR;ICE_EN;MATCHED
BO901152;D2601227;18/02/2026;NG_PEG;B;01/08/2027;31/08/2027;300,900;MWH;21,0640;EUR;VITOL;MATCHED
BO902873;D2603062;11/03/2026;NG_PEG;B;01/09/2027;30/09/2027;474,700;MWH;20,9560;EUR;ICE_EN;MATCHED
BO905698;D2606079;06/11/2025;PWR_FR;S;01/03/2027;31/03/2027;152,300;MWH;83,6070;EUR;UNIPER;MATCHED
BO907692;D2608180;03/02/2026;NG_PEG;B;01/01/2026;31/03/2026;503,700;MWH;33,1940;EUR;ICE_EN;MATCHED
BO900539;D2600574;29/07/2025;NG_PEG;B;01/10/2026;31/10/2026;130,300;MWH;26,8810;EUR;ICE_EN;MATCHED
BO902151;D2602287;25/09/2025;PWR_FR;S;01/05/2026;31/05/2026;255,800;MWH;70,9120;EUR;GUNVOR;MATCHED
BO902836;D2603023;20/05/2026;PWR_FR;S;01/01/2026;31/01/2026;303,300;MWH;86,9970;EUR;AXPO;MATCHED
BO902519;D2602679;21/11/2025;NG_PEG;S;01/02/2027;30/04/2027;144,900;MWH;34,1650;EUR;SHELL_;MATCHED
BO902743;D2602918;03/07/2026;NG_PEG;S;01/05/2027;31/05/2027;69,000;MWH;27,4580;EUR;EDF_TR;MATCHED
BO907805;D2608301;19/01/2026;PWR_FR;B;01/04/2026;30/06/2026;133,000;MWH;77,9130;EUR;ICE_EN;MATCHED
BO907520;D2607995;15/09/2025;NG_PEG;S;01/10/2027;31/10/2027;285,600;MWH;31,0580;EUR;RWE;MATCHED
BO908375;D2608913;17/09/2025;PWR_FR;B;01/12/2026;30/11/2027;48,500;MWH;80,8830;EUR;RWE;MATCHED
BO904599;D2604893;12/12/2025;PWR_FR;B;01/11/2027;30/11/2027;329,600;MWH;85,4110;EUR;UNIPER;CXL
BO904841;D2605159;19/12/2025;NG_PEG;B;01/05/2027;31/07/2027;163,800;MWH;25,2010;EUR;AXPO;MATCHED
BO908765;D2607098;28/05/2026;PWR_FR;S;01/12/2027;31/12/2027;222,700;MWH;94,9790;EUR;AXPO;MATCHED
BO904870;D2605192;10/02/2026;PWR_FR;B;01/05/2026;31/05/2026;107,900;MWH;56,2020;EUR;MERCUR;MATCHED
BO902750;D2602928;25/05/2026;PWR_FR;B;01/08/2027;31/08/2027;174,500;MWH;50,3570;EUR;STATKR;MATCHED
BO901797;D2601909;26/06/2026;NG_PEG;B;01/12/2026;31/12/2026;155,200;MWH;30,9240;EUR;EDF_TR;MATCHED
BO904559;D2604850;27/10/2025;PWR_FR;S;01/10/2027;31/12/2027;207,500;MWH;87,8990;EUR;MERCUR;MATCHED
BO990036;D9500036;15/05/2026;NG_PEG;S;01/03/2026;31/03/2026;89,700;MWH;31,2510;EUR;SHELL_;MATCHED
BO905966;D2606360;28/07/2025;NG_PEG;S;01/09/2027;31/08/2028;268,300;MWH;28,4600;EUR;VITOL;MATCHED
BO907322;D2607790;12/12/2025;NG_PEG;B;01/03/2026;31/03/2026;169,900;MWH;38,0840;EUR;ICE_EN;MATCHED
BO903799;D2604039;06/10/2025;PWR_FR;B;01/10/2026;31/10/2026;244,700;MWH;80,9310;EUR;STATKR;MATCHED
BO907748;D2608238;13/04/2026;PWR_FR;S;01/03/2027;31/03/2027;268,600;MWH;74,3190;EUR;ICE_EN;MATCHED
BO906251;D2606660;19/01/2026;NG_PEG;S;01/09/2027;31/08/2028;325,200;MWH;27,1300;EUR;MERCUR;MATCHED
BO900698;D2600740;11/06/2025;PWR_FR;S;01/01/2026;31/03/2026;150,400;MWH;94,7520;EUR;UNIPER;MATCHED
BO908170;D2608697;22/07/2025;PWR_FR;S;01/08/2027;31/08/2027;178,100;MWH;69,2220;EUR;MERCUR;MATCHED
BO908800;D02603360;10/07/2026;PWR_FR;B;01/09/2027;30/11/2027;122,500;MWH;66,5350;EUR;MERCUR;MATCHED
BO905139;D2605473;24/06/2026;PWR_FR;B;01/05/2026;31/07/2026;304,400;MWH;71,5600;EUR;VITOL;MATCHED
BO900327;D2600347;10/09/2025;NG_PEG;S;01/08/2027;31/08/2027;490,500;MWH;22,1570;EUR;EEX_CL;MATCHED
BO907068;D2607519;27/11/2025;PWR_FR;B;01/08/2026;31/08/2026;222,300;MWH;68,3840;EUR;STATKR;MATCHED
BO908652;D2608278;29/01/2026;NG_PEG;S;01/10/2026;31/12/2026;279,100;MWH;28,9970;EUR;ICE_EN;MATCHED
BO906600;D2607025;13/04/2026;PWR_FR;S;01/02/2026;28/02/2026;242,100;MWH;100,1400;EUR;GUNVOR;MATCHED
BO903802;D2604042;19/03/2026;PWR_FR;S;01/02/2027;28/02/2027;374,600;MWH;112,3880;EUR;RWE;MATCHED
BO906167;D2606568;08/04/2026;NG_PEG;B;01/07/2027;30/06/2028;316,900;MWH;24,4440;EUR;SHELL_;MATCHED
BO905237;D2605581;10/07/2026;NG_PEG;S;01/02/2027;28/02/2027;829,700;MWH;37,5150;EUR;ICE_EN;MATCHED
BO908804;D2604663;16/07/2025;PWR_FR;S;01/03/2026;28/02/2027;101,200;MWH;89,5300;EUR;STATKR;MATCHED
BO903456;D2603674;14/11/2025;PWR_FR;B;01/06/2026;30/06/2026;260,100;MWH;35,9790;EUR;EDF_TR;MATCHED
BO905865;D2606253;18/11/2025;PWR_FR;S;01/04/2027;30/06/2027;1130,200;MWH;76,7240;EUR;AXPO;MATCHED
BO903365;D2603583;01/10/2025;PWR_FR;B;01/12/2026;31/12/2026;117,400;MWH;103,4460;EUR;STATKR;MATCHED
BO906006;D2606400;08/07/2026;PWR_FR;S;01/07/2026;31/07/2026;122,500;MWH;50,8230;EUR;GUNVOR;CXL
BO906812;D2607250;10/02/2026;NG_PEG;B;01/12/2027;31/12/2027;218,800;MWH;42,2380;EUR;ICE_EN;MATCHED
BO900381;D2600404;06/06/2025;NG_PEG;B;01/04/2026;30/04/2026;67,000;MWH;27,6520;EUR;TOTALE;MATCHED
BO904507;D2604794;10/09/2025;NG_PEG;B;01/04/2027;30/04/2027;266200,000;KWH;29,2200;EUR;SHELL_;MATCHED
BO900259;D2600274;13/04/2026;PWR_FR;B;01/11/2026;30/11/2026;96,700;MWH;99,5430;EUR;RWE;MATCHED
BO908996;D2600157;08/12/2025;PWR_FR;B;01/06/2027;30/06/2027;282,900;MWH;76,1950;EUR;UNIPER;MATCHED
BO906362;D2606777;04/07/2025;NG_PEG;B;01/02/2027;28/02/2027;94,900;MWH;28,8830;EUR;TOTALE;MATCHED
BO904887;D2605209;23/06/2026;NG_PEG;B;01/11/2027;30/11/2027;628,900;MWH;36,4450;EUR;UNIPER;MATCHED
BO902591;D2602757;06/06/2025;NG_PEG;B;01/12/2027;31/12/2027;50,400;MWH;31,0530;EUR;STATKR;MATCHED
BO901538;D2601637;18/06/2025;PWR_FR;S;01/12/2026;31/12/2026;509,600;MWH;88,3770;EUR;SHELL_;MATCHED
BO903266;D2603483;26/12/2025;PWR_FR;S;01/02/2026;30/04/2026;332,300;MWH;96,0430;EUR;ICE_EN;MATCHED
BO904941;D2605267;02/12/2025;NG_PEG;B;01/09/2026;30/09/2026;479,600;MWH;23,7870;EUR;ICE_EN;MATCHED
BO906499;D2606919;01/07/2026;PWR_FR;B;01/08/2026;31/08/2026;147,600;MWH;64,7200;EUR;UNIPER;MATCHED
BO902768;D2602948;10/06/2026;PWR_FR;B;01/09/2026;30/09/2026;272,900;MWH;68,3970;EUR;TOTALE;MATCHED
BO904961;D2605287;01/08/2025;PWR_FR;B;01/02/2027;31/01/2028;902,400;MWH;87,5820;EUR;ICE_EN;MATCHED
BO905416;D2605775;10/04/2026;NG_PEG;B;01/10/2026;31/10/2026;108,100;MWH;30,5790;EUR;TOTALE;MATCHED
BO900602;D02600641;03/06/2025;NG_PEG;B;01/08/2027;31/08/2027;305,400;MWH;27,7530;EUR;EEX_CL;MATCHED
BO907727;D2608216;10/11/2025;PWR_FR;B;01/10/2026;31/12/2026;1172,300;MWH;85,4300;EUR;STATKR;MATCHED
BO906601;D2607026;01/05/2026;NG_PEG;B;01/02/2027;28/02/2027;145,300;MWH;34,3290;EUR;MERCUR;MATCHED
BO907498;D2607971;08/10/2025;NG_PEG;S;01/08/2027;31/10/2027;180,600;MWH;26,4680;EUR;UNIPER;MATCHED
BO908660;D2601235;30/10/2025;NG_PEG;S;01/04/2026;30/04/2026;94,500;MWH;31,2760;EUR;RWE;MATCHED
BO905503;D2605870;09/02/2026;PWR_FR;S;01/04/2027;30/04/2027;677,500;MWH;71,3420;EUR;RWE;MATCHED
BO907120;D2607576;03/02/2026;PWR_FR;B;01/05/2027;31/05/2027;377,400;MWH;76,8620;EUR;MERCUR;MATCHED
BO904236;D2604503;14/08/2025;PWR_FR;B;01/10/2026;31/12/2026;168,800;MWH;83,7520;EUR;STATKR;MATCHED
BO901255;D2601333;03/12/2025;NG_PEG;S;01/07/2026;31/07/2026;346,900;MWH;27,3380;EUR;TOTALE;MATCHED
BO900730;D2600772;14/07/2026;PWR_FR;S;01/04/2026;30/04/2026;1415,200;MWH;81,9020;EUR;GUNVOR;MATCHED
BO908835; D2605018;13/08/2025;NG_PEG;S;01/06/2026;31/08/2026;242,500;MWH;30,3240;EUR;MERCUR;MATCHED
BO904872;D2605194;18/11/2025;NG_PEG;B;01/08/2027;31/08/2027;117,600;MWH;26,5750;EUR;UNIPER;MATCHED
BO901095;D2601166;13/11/2025;NG_PEG;B;01/11/2027;30/11/2027;456,300;MWH;38,5590;EUR;RWE;MATCHED
BO901537;D2601636;09/07/2026;PWR_FR;S;01/08/2027;31/08/2027;210,900;MWH;61,4520;EUR;GUNVOR;MATCHED
BO901912;D2602036;09/04/2026;NG_PEG;B;01/11/2026;31/10/2027;140,800;MWH;36,0920;EUR;VITOL;MATCHED
BO903994;D2604245;20/08/2025;NG_PEG;S;01/11/2026;30/11/2026;107,900;MWH;35,4690;EUR;SHELL_;MATCHED
BO908359;D2608896;29/07/2025;PWR_FR;S;01/04/2026;30/04/2026;323,500;MWH;77,2850;EUR;MERCUR;MATCHED
BO907713;D2608202;10/11/2025;PWR_FR;S;01/11/2027;30/11/2027;133,000;MWH;81,1220;EUR;EEX_CL;MATCHED
BO905175;D02605513;02/06/2026;PWR_FR;S;01/08/2026;31/10/2026;81,800;MWH;69,9330;EUR;AXPO;MATCHED
BO900369;D2600391;23/03/2026;PWR_FR;B;01/05/2026;31/05/2026;140,000;MWH;64,8360;EUR;EEX_CL;MATCHED
BO905897;D2606285;24/09/2025;PWR_FR;B;01/03/2027;31/03/2027;383,200;MWH;69,5080;EUR;AXPO;MATCHED
BO907178;D2607636;06/05/2026;PWR_FR;S;01/02/2027;28/02/2027;52,500;MWH;81,7740;EUR;RWE;MATCHED
BO906028;D2606423;15/06/2026;NG_PEG;B;01/09/2026;30/09/2026;394,000;MWH;29,6800;EUR;GUNVOR;MATCHED
BO901808;D2601923;08/07/2025;PWR_FR;B;01/09/2027;30/09/2027;183,500;MWH;54,2160;EUR;RWE;MATCHED
BO900708;D2600750;13/02/2026;NG_PEG;S;01/02/2026;28/02/2026;106,300;MWH;36,2950;EUR;AXPO;MATCHED
BO901943;D2602070;22/08/2025;NG_PEG;B;01/01/2026;31/03/2026;67,000;MWH;36,2450;EUR;EEX_CL;MATCHED
BO908315;D2608850;09/06/2026;PWR_FR;B;01/04/2027;30/04/2027;142,900;MWH;74,9390;EUR;GUNVOR;MATCHED
BO908075;D2608595;06/03/2026;PWR_FR;B;01/09/2027;31/08/2028;277,300;MWH;80,5810;EUR;UNIPER;MATCHED
BO903385;D2603603;13/10/2025;PWR_FR;S;01/09/2026;30/09/2026;159,100;MWH;72,6110;EUR;ICE_EN;MATCHED
BO902620;D2602786;18/02/2026;NG_PEG;S;01/07/2026;31/07/2026;509,400;MWH;26,3200;EUR;TOTALE;MATCHED
BO908176;D2608703;30/07/2025;NG_PEG;S;01/10/2027;30/09/2028;853,200;MWH;28,6650;EUR;ICE_EN;MATCHED
BO905572;D2605941;24/09/2025;PWR_FR;B;01/05/2026;31/07/2026;391,900;MWH;56,2480;EUR;VITOL;MATCHED
BO902518;D2602678;25/11/2025;NG_PEG;S;01/01/2026;31/01/2026;189,300;MWH;43,4850;EUR;ICE_EN;MATCHED
BO903706;D2603938;23/02/2026;NG_PEG;S;01/08/2026;31/08/2026;210,300;MWH;28,7390;EUR;RWE;MATCHED
BO908234;D2608765;04/06/2026;NG_PEG;B;01/09/2026;30/09/2026;699,400;MWH;23,7090;EUR;TOTALE;MATCHED
BO905728;D2606109;19/02/2026;NG_PEG;B;01/08/2027;31/10/2027;178,900;MWH;22,7100;EUR;MERCUR;MATCHED
BO907639;D2608126;27/10/2025;PWR_FR;B;01/08/2027;31/08/2027;156,000;MWH;61,8710;EUR;SHELL_;MATCHED
BO908276;D2608808;27/11/2025;NG_PEG;S;01/06/2027;30/06/2027;233,200;MWH;26,4020;EUR;MERCUR;MATCHED
BO901053;D2601120;13/07/2026;PWR_FR;S;01/09/2026;30/11/2026;100,300;MWH;63,1620;EUR;EEX_CL;MATCHED
BO901568;D2601670;04/03/2026;NG_PEG;B;01/06/2027;31/08/2027;354,500;MWH;26,0730;EUR;MERCUR;MATCHED
BO905401;D2605760;26/02/2026;NG_PEG;S;01/07/2027;30/09/2027;1280,400;MWH;26,7300;EUR;SHELL_;MATCHED
BO900404;D2600427;05/05/2026;PWR_FR;S;01/07/2027;30/09/2027;137,200;MWH;70,2640;EUR;ICE_EN;MATCHED
BO904096;D2604354;26/03/2026;NG_PEG;S;01/12/2026;31/12/2026;273,200;MWH;38,1050;EUR;ICE_EN;MATCHED
BO907032;D2607481;20/02/2026;PWR_FR;B;01/09/2026;30/09/2026;1066,100;MWH;62,9900;EUR;GUNVOR;MATCHED
BO908899;D2604608;16/09/2025;PWR_FR;S;01/04/2026;30/04/2026;386,000;MWH;84,1910;EUR;AXPO;CXL
BO901258;D2601336;17/03/2026;PWR_FR;S;01/07/2027;30/06/2028;599,500;MWH;66,3420;EUR;SHELL_;MATCHED
BO901652;D2601758;20/10/2025;NG_PEG;S;01/05/2027;31/05/2027;80,200;MWH;34,6990;EUR;VITOL;CXL
BO902443;D2602597;26/11/2025;PWR_FR;S;01/06/2026;30/06/2026;418,800;MWH;58,6530;EUR;VITOL;MATCHED
BO904660;D2604959;24/04/2026;PWR_FR;S;01/09/2026;31/08/2027;76,000;MWH;65,8180;EUR;ICE_EN;MATCHED
BO904702;D2605010;30/12/2025;PWR_FR;S;01/08/2027;31/08/2027;147,800;MWH;67,0360;EUR;TOTALE;MATCHED
BO905959;D2606353;29/04/2026;NG_PEG;B;01/04/2026;30/06/2026;289,700;MWH;24,3460;EUR;UNIPER;MATCHED
BO903551;D2603773;06/10/2025;NG_PEG;S;01/01/2026;31/03/2026;313,200;MWH;35,3530;EUR;MERCUR;MATCHED
BO905964;D2606358;12/06/2026;PWR_FR;S;01/10/2027;31/10/2027;171,300;MWH;84,6050;EUR;EDF_TR;MATCHED
BO900370;D2600392;27/06/2025;PWR_FR;S;01/06/2027;30/06/2027;168,000;MWH;68,4330;EUR;VITOL;CXL
BO905132;D2605466;04/06/2026;NG_PEG;S;01/10/2027;31/10/2027;167,400;MWH;33,4830;EUR;EEX_CL;MATCHED
BO901286;D2601364;03/04/2026;PWR_FR;B;01/01/2026;31/03/2026;92,200;MWH;77,7010;EUR;RWE;MATCHED
BO905606;D2605979;03/12/2025;PWR_FR;B;01/02/2026;28/02/2026;990,900;MWH;84,7670;EUR;TOTALE;MATCHED
BO907118;D2607574;11/12/2025;PWR_FR;S;01/04/2026;30/06/2026;58,100;MWH;77,2850;EUR;TOTALE;MATCHED
BO901159;D02601234;06/02/2026;NG_PEG;S;01/07/2027;31/07/2027;156,900;MWH;22,7110;EUR;GUNVOR;MATCHED
BO905789;D2606174;14/08/2025;NG_PEG;S;01/04/2026;30/04/2026;281,800;MWH;35,2600;EUR;TOTALE;MATCHED
BO907107;D2607562;29/07/2025;NG_PEG;B;01/11/2027;30/11/2027;45,200;MWH;34,9510;EUR;UNIPER;MATCHED
BO903392;D2603610;06/11/2025;NG_PEG;B;01/03/2027;31/03/2027;6910,400;MWH;34,1110;EUR;AXPO;MATCHED
BO908330;D2608866;19/08/2025;PWR_FR;S;01/05/2027;31/05/2027;423,300;MWH;54,4920;EUR;RWE;MATCHED
BO900545;D2600581;22/01/2026;NG_PEG;B;01/01/2027;31/01/2027;269,200;MWH;33,6060;EUR;EDF_TR;MATCHED
BO904495;D2604781;10/12/2025;NG_PEG;S;01/02/2027;28/02/2027;169,800;MWH;44,9300;EUR;TOTALE;MATCHED
BO907446;D2607919;10/07/2025;NG_PEG;B;01/05/2026;31/05/2026;119,400;MWH;27,7950;EUR;STATKR;MATCHED
BO907995;D2608512;04/05/2026;PWR_FR;S;01/01/2027;31/01/2027;94,800;MWH;65,7910;EUR;RWE;MATCHED
BO904853;D2605173;26/01/2026;NG_PEG;S;01/10/2027;31/10/2027;105,700;MWH;30,0630;EUR;AXPO;MATCHED
BO900305;D2600324;09/09/2025;NG_PEG;B;01/11/2026;30/11/2026;571,600;MWH;29,9060;EUR;RWE;MATCHED
BO905648;D2606025;30/06/2025;PWR_FR;B;01/11/2026;31/01/2027;324,600;MWH;93,0640;EUR;RWE;CXL
BO904299;D2604570;03/09/2025;NG_PEG;S;01/04/2026;30/04/2026;270,900;MWH;37,0330;EUR;AXPO;MATCHED
BO901109;D2601180;15/12/2025;PWR_FR;B;01/05/2026;31/07/2026;701,400;MWH;86,2430;EUR;SHELL_;MATCHED
BO904309;D2604580;27/08/2025;NG_PEG;B;01/10/2026;31/10/2026;73,000;MWH;28,5580;EUR;STATKR;MATCHED
BO908644;D2601634;01/05/2026;PWR_FR;S;01/04/2027;31/03/2028;320,200;MWH;67,4130;EUR;STATKR;MATCHED
BO907458;D2607931;08/12/2025;NG_PEG;B;01/07/2027;31/07/2027;254,000;MWH;26,2180;EUR;RWE;MATCHED
BO908090;d2608613;16/04/2026;PWR_FR;S;01/09/2027;30/11/2027;714,800;MWH;69,1420;EUR;ICE_EN;MATCHED
BO903534;D2603755;24/06/2025;NG_PEG;S;01/12/2027;31/12/2027;623,400;MWH;35,8960;EUR;TOTALE;MATCHED
BO903976;D2604226;14/08/2025;NG_PEG;B;01/02/2027;28/02/2027;20,500;MWH;36,4260;EUR;VITOL;MATCHED
BO904177;D2604440;15/06/2026;PWR_FR;S;01/02/2026;28/02/2026;573,000;MWH;96,6390;EUR;RWE;MATCHED
BO908070;D2608590;01/09/2025;PWR_FR;S;01/05/2026;31/05/2026;103,100;MWH;74,6460;EUR;TOTALE;MATCHED
BO906615;D2607040;28/11/2025;PWR_FR;B;01/10/2026;31/10/2026;195,600;MWH;68,4430;EUR;ICE_EN;MATCHED
BO900016;D2600016;08/08/2025;PWR_FR;S;01/11/2027;30/11/2027;663,400;MWH;88,7550;EUR;SHELL_;MATCHED
BO901890;D2602014;29/10/2025;PWR_FR;S;01/02/2026;31/01/2027;461,900;MWH;105,6020;EUR;ICE_EN;MATCHED
BO908784;D2601983;11/05/2026;PWR_FR;B;01/06/2026;30/06/2026;329,500;MWH;71,6250;EUR;RWE;MATCHED
BO900563;D2600600;01/09/2025;NG_PEG;B;01/05/2027;31/05/2027;109,500;MWH;28,4770;EUR;UNIPER;MATCHED
BO905021;D2605349;20/03/2026;NG_PEG;S;01/10/2026;31/12/2026;159,800;MWH;32,2270;EUR;UNIPER;CXL
BO908530;D2605247;06/02/2026;PWR_FR;S;01/07/2027;30/09/2027;773,000;MWH;57,4670;EUR;TOTALE;MATCHED
BO906159;D2606560;08/06/2026;NG_PEG;S;01/11/2026;30/11/2026;502,100;MWH;29,7840;EUR;AXPO;MATCHED
BO903356;D2603574;09/07/2026;PWR_FR;S;01/07/2027;30/09/2027;87,100;MWH;66,6430;EUR;UNIPER;MATCHED
BO901801;D2601914;30/07/2025;NG_PEG;B;01/12/2027;31/12/2027;119,100;MWH;36,3510;EUR;STATKR;MATCHED
BO906194;D2606599;16/12/2025;PWR_FR;B;01/01/2027;31/03/2027;268,300;MWH;112,7720;EUR;TOTALE;MATCHED
BO908566;D2607759;10/06/2026;NG_PEG;S;01/07/2027;31/07/2027;203,700;MWH;22,2000;EUR;MERCUR;MATCHED
BO904241;D2604509;01/07/2025;PWR_FR;S;01/03/2026;31/03/2026;497,200;MWH;89,2510;EUR;TOTALE;MATCHED
BO901403;D2601492;23/10/2025;PWR_FR;B;01/10/2026;31/12/2026;230,300;MWH;67,1380;EUR;VITOL;MATCHED
BO903373;D2603591;02/04/2026;NG_PEG;B;01/03/2027;31/03/2027;40,200;MWH;34,7160;EUR;EDF_TR;MATCHED
BO907597;D2608081;22/01/2026;NG_PEG;S;01/04/2027;30/04/2027;279,200;MWH;30,4000;EUR;EDF_TR;MATCHED
BO907842;D2608343;13/06/2025;NG_PEG;B;01/11/2026;31/01/2027;206,700;MWH;27,8470;EUR;GUNVOR;MATCHED
BO902678;D2602848;07/04/2026;PWR_FR;S;01/10/2026;31/10/2026;300,500;MWH;62,7800;EUR;EDF_TR;MATCHED
BO990080;D9500080;01/05/2026;NG_PEG;B;01/05/2026;31/05/2026;142,700;MWH;27,8310;EUR;EEX_CL;MATCHED
BO907820;D2608317;28/11/2025;PWR_FR;B;01/11/2027;30/11/2027;169,600;MWH;92,3590;EUR;SHELL_;MATCHED
BO901072;D2601140;21/04/2026;PWR_FR;S;01/10/2026;31/12/2026;90,600;MWH;74,5680;EUR;VITOL;MATCHED
BO902109;D2602243;22/06/2026;NG_PEG;B;01/03/2026;31/03/2026;121,300;MWH;29,8450;EUR;GUNVOR;MATCHED
BO907971;D2608484;07/07/2025;PWR_FR;B;01/06/2026;30/06/2026;93,100;MWH;61,3180;EUR;STATKR;MATCHED
BO903452;D2603670;29/05/2026;NG_PEG;B;01/11/2026;30/11/2026;216,100;MWH;38,0151;EUR;ICE_EN;MATCHED
BO906300;D2606713;15/01/2026;PWR_FR;B;01/01/2027;31/03/2027;138,000;MWH;86,8890;EUR;UNIPER;MATCHED
BO906875;D2607315;05/06/2026;PWR_FR;S;01/03/2026;31/03/2026;208,500;MWH;78,7050;EUR;GUNVOR;MATCHED
BO903056;D2603259;25/08/2025;NG_PEG;S;01/09/2026;30/09/2026;75800,000;KWH;33,0080;EUR;UNIPER;MATCHED
BO905146;D2605481;16/12/2025;PWR_FR;S;01/09/2027;30/09/2027;264,700;MWH;62,2780;EUR;TOTALE;MATCHED
BO907407;D2607880;15/12/2025;NG_PEG;B;01/09/2026;30/09/2026;88,000;MWH;28,8200;EUR;TOTALE;MATCHED
BO905735;D2606116;30/06/2025;NG_PEG;S;01/01/2026;31/01/2026;171,300;MWH;37,6860;EUR;EDF_TR;MATCHED
BO903872;D2604116;26/11/2025;NG_PEG;S;01/07/2027;31/07/2027;142,400;MWH;28,6320;EUR;SHELL_;MATCHED
BO904154;D2604416;28/10/2025;PWR_FR;B;01/08/2027;31/08/2027;267,200;MWH;62,0750;EUR;TOTALE;MATCHED
BO901814;D2601930;04/09/2025;PWR_FR;S;01/05/2027;31/05/2027;270900,000;KWH;60,7260;EUR;UNIPER;MATCHED
BO908692;D2602861;20/02/2026;NG_PEG;B;01/11/2027;30/11/2027;131,000;MWH;32,3220;EUR;STATKR;MATCHED
BO901960;D2602088;02/06/2025;PWR_FR;B;01/11/2027;30/11/2027;241,100;MWH;93,3430;EUR;MERCUR;MATCHED
BO900488;D2600519;21/08/2025;NG_PEG;B;01/09/2027;30/09/2027;255,700;MWH;23,7760;EUR;UNIPER;MATCHED
BO902176;D2602312;20/03/2026;PWR_FR;B;01/01/2027;31/01/2027;136,400;MWH;97,8060;EUR;MERCUR;MATCHED
BO900360;D2600381;07/10/2025;PWR_FR;S;01/10/2027;31/10/2027;127,300;MWH;90,7590;EUR;MERCUR;MATCHED
BO900304;D2600323;26/12/2025;PWR_FR;B;01/04/2027;30/04/2027;184,600;MWH;77,5750;EUR;EDF_TR;MATCHED
BO908610;D2608314;03/02/2026;NG_PEG;B;01/02/2027;30/04/2027;44,000;MWH;34,8800;EUR;RWE;MATCHED
BO904610;D2604904;30/04/2026;NG_PEG;S;01/02/2026;28/02/2026;249,000;MWH;33,5390;EUR;GUNVOR;MATCHED
BO905905;D2606293;16/03/2026;PWR_FR;B;01/05/2027;31/05/2027;194,000;MWH;70,6000;EUR;AXPO;MATCHED
BO903076;D2603280;12/12/2025;PWR_FR;S;01/11/2026;31/10/2027;187,800;MWH;88,8100;EUR;SHELL_;MATCHED
BO905041;D2605370;07/10/2025;NG_PEG;B;01/12/2027;31/12/2027;240,200;MWH;39,1160;EUR;ICE_EN;MATCHED
BO900246;D2600260;12/01/2026;PWR_FR;S;01/07/2026;31/07/2026;89,900;MWH;57,7850;EUR;MERCUR;MATCHED
BO900492;D2600525;30/07/2025;PWR_FR;S;01/05/2026;31/05/2026;235,300;MWH;70,2310;EUR;VITOL;MATCHED
BO901327;D2601410;14/05/2026;NG_PEG;B;01/12/2027;31/12/2027;371,500;MWH;35,6950;EUR;UNIPER;MATCHED
BO902446; D2602600;30/06/2025;NG_PEG;S;01/05/2027;31/05/2027;536,400;MWH;26,7270;EUR;GUNVOR;MATCHED
BO903738;D2603972;28/05/2026;PWR_FR;S;01/05/2026;31/05/2026;1022,400;MWH;72,9380;EUR;RWE;MATCHED
BO902512;D2602671;05/08/2025;PWR_FR;B;01/02/2027;28/02/2027;430,400;MWH;97,8580;EUR;RWE;MATCHED
BO901430;D2601521;04/07/2025;PWR_FR;S;01/12/2027;30/11/2028;434,800;MWH;102,4840;EUR;STATKR;MATCHED
BO907507;D2607981;11/06/2025;NG_PEG;B;01/11/2026;30/11/2026;230,200;MWH;33,0370;EUR;TOTALE;MATCHED
BO901743;D2601852;18/09/2025;PWR_FR;S;01/10/2027;31/10/2027;44,200;MWH;73,5640;EUR;MERCUR;MATCHED
BO902649;D2602815;30/01/2026;PWR_FR;B;01/02/2027;31/01/2028;138,200;MWH;91,1830;EUR;EDF_TR;MATCHED
BO904850;D2605170;28/10/2025;PWR_FR;B;01/06/2026;30/06/2026;460,200;MWH;61,7640;EUR;SHELL_;MATCHED
BO908308;D2608843;22/10/2025;PWR_FR;B;01/07/2026;30/09/2026;110,900;MWH;44,6850;EUR;VITOL;MATCHED
BO908643;D2601295;21/05/2026;PWR_FR;S;01/03/2026;31/03/2026;145,600;MWH;101,1330;EUR;MERCUR;MATCHED
BO903211;D2603424;10/02/2026;PWR_FR;B;01/04/2026;30/04/2026;120,300;MWH;81,4051;EUR;AXPO;MATCHED
BO907325;D2607793;27/10/2025;PWR_FR;S;01/07/2026;30/06/2027;202,000;MWH;62,5650;EUR;EDF_TR;MATCHED
BO901999;D2602129;17/06/2026;PWR_FR;B;01/03/2027;31/05/2027;233,600;MWH;90,2170;EUR;AXPO;MATCHED
BO907367;D2607837;24/09/2025;PWR_FR;B;01/08/2026;31/10/2026;1355,900;MWH;65,3130;EUR;EEX_CL;MATCHED
BO904496;D2604782;15/05/2026;PWR_FR;S;01/10/2026;31/10/2026;107,000;MWH;94,8750;EUR;RWE;MATCHED
BO901105;D2601176;31/07/2025;PWR_FR;S;01/02/2027;28/02/2027;92,400;MWH;94,9780;EUR;EEX_CL;MATCHED
BO903194;D2603405;15/05/2026;NG_PEG;S;01/03/2026;31/03/2026;125,200;MWH;34,7050;EUR;RWE;MATCHED
BO908382;D2608921;16/06/2026;PWR_FR;S;01/06/2027;30/06/2027;340,400;MWH;59,1200;EUR;EEX_CL;MATCHED
BO905741;D2606122;13/02/2026;PWR_FR;B;01/09/2026;30/11/2026;338,300;MWH;73,1410;EUR;EEX_CL;MATCHED
BO900464; D2600492;25/02/2026;NG_PEG;S;01/11/2027;30/11/2027;122,100;MWH;36,4170;EUR;AXPO;MATCHED
BO907330;D2607799;05/12/2025;PWR_FR;B;01/04/2026;30/04/2026;596,100;MWH;64,0130;EUR;RWE;MATCHED
BO906894;D2607334;07/11/2025;PWR_FR;S;01/06/2026;30/06/2026;210,200;MWH;69,9410;EUR;EEX_CL;MATCHED
BO903419;D2603637;12/03/2026;NG_PEG;B;01/05/2027;31/05/2027;210,500;MWH;28,5840;EUR;TOTALE;MATCHED
BO900736;D2600778;30/07/2025;PWR_FR;B;01/06/2026;30/06/2026;277,700;MWH;72,8080;EUR;GUNVOR;MATCHED
BO990021;D9500021;28/10/2025;NG_PEG;B;01/02/2026;28/02/2026;102,500;MWH;38,5090;EUR;EEX_CL;MATCHED
BO907104;D2607559;26/01/2026;PWR_FR;S;01/07/2026;31/07/2026;213,600;MWH;58,9000;EUR;SHELL_;MATCHED
BO906454;D2606873;22/09/2025;PWR_FR;B;01/02/2027;28/02/2027;585,200;MWH;89,7240;EUR;RWE;MATCHED
BO908826;D2601762;04/07/2025;PWR_FR;B;01/04/2027;30/04/2027;116,700;MWH;72,5610;EUR;SHELL_;MATCHED
BO908291;D2608825;06/06/2025;NG_PEG;S;01/01/2026;31/01/2026;75,300;MWH;48,5410;EUR;TOTALE;MATCHED
BO907809;D2608305;23/10/2025;NG_PEG;S;01/03/2027;31/03/2027;97,400;MWH;31,8860;EUR;EEX_CL;MATCHED
BO900074;D2600079;01/06/2026;PWR_FR;B;01/03/2026;31/03/2026;973,700;MWH;99,2060;EUR;GUNVOR;MATCHED
BO904044; D2604301;14/05/2026;NG_PEG;S;01/05/2026;31/05/2026;187,100;MWH;25,1190;EUR;EDF_TR;MATCHED
BO902154;D2602290;23/09/2025;NG_PEG;B;01/07/2027;30/06/2028;291,900;MWH;31,5760;EUR;RWE;MATCHED
BO908786;D2608074;01/07/2025;NG_PEG;B;01/01/2027;31/01/2027;352,200;MWH;34,0100;EUR;AXPO;MATCHED
BO990025;D9500025;18/03/2026;NG_PEG;B;01/03/2027;31/05/2027;448,000;MWH;43,1400;EUR;STATKR;MATCHED
BO902970;D2603166;04/07/2025;PWR_FR;B;01/06/2027;31/08/2027;200,200;MWH;52,5690;EUR;UNIPER;CXL
BO900335;D2600355;10/10/2025;NG_PEG;B;01/05/2026;31/05/2026;134,800;MWH;30,6810;EUR;GUNVOR;CXL
BO900928;D2600980;19/11/2025;PWR_FR;B;01/04/2026;30/06/2026;24,700;MWH;66,5080;EUR;EDF_TR;MATCHED
BO901188;D2601264;25/11/2025;NG_PEG;B;01/02/2026;28/02/2026;338,800;MWH;35,1890;EUR;RWE;MATCHED
BO907055;D2607504;02/07/2025;NG_PEG;S;01/12/2027;31/12/2027;447,300;MWH;37,9760;EUR;UNIPER;MATCHED
BO908019;D2608538;10/06/2026;NG_PEG;B;01/10/2026;31/10/2026;128,500;MWH;30,5160;EUR;EEX_CL;MATCHED
BO904001;D2604252;19/06/2026;NG_PEG;B;01/02/2026;28/02/2026;126,300;MWH;39,7630;EUR;STATKR;MATCHED
BO900725;D2600767;17/03/2026;PWR_FR;B;01/10/2026;31/10/2026;160,500;MWH;77,4280;EUR;SHELL_;MATCHED
BO907986;D2608503;16/06/2025;PWR_FR;S;01/12/2026;30/11/2027;59,500;MWH;97,5800;EUR;VITOL;MATCHED
BO908088;D2608610;16/01/2026;PWR_FR;S;01/07/2026;31/07/2026;20,300;MWH;62,2170;EUR;EDF_TR;MATCHED
BO908955;D2601365;01/08/2025;PWR_FR;B;01/01/2026;31/01/2026;224,300;MWH;89,0040;EUR;TOTALE;MATCHED
BO990027;D9500027;04/07/2025;NG_PEG;B;01/02/2027;28/02/2027;94,900;MWH;28,8830;EUR;TOTALE;MATCHED
BO901774;D2601884;18/07/2025;NG_PEG;B;01/11/2026;31/10/2027;101,700;MWH;32,6060;EUR;RWE;MATCHED
BO906651;D2607080;31/03/2026;PWR_FR;S;01/04/2027;30/04/2027;759,500;MWH;56,6570;EUR;TOTALE;MATCHED
BO904612;D2604906;15/04/2026;NG_PEG;S;01/03/2026;31/03/2026;420,700;MWH;31,1890;EUR;AXPO;MATCHED
BO906892;D2607332;18/08/2025;PWR_FR;B;01/04/2027;30/04/2027;511,000;MWH;75,5830;EUR;ICE_EN;MATCHED
BO900359;D2600380;04/12/2025;PWR_FR;B;01/12/2027;31/12/2027;37,200;MWH;86,8420;EUR;AXPO;MATCHED
BO903722;D2603955;31/12/2025;PWR_FR;B;01/07/2026;31/07/2026;206,900;MWH;49,3950;EUR;UNIPER;MATCHED
BO904378;D2604655;30/12/2025;PWR_FR;S;01/11/2026;30/11/2026;218,800;MWH;84,9930;EUR;EEX_CL;MATCHED
BO907439;D2607912;27/02/2026;PWR_FR;S;01/06/2027;31/08/2027;211,300;MWH;65,0220;EUR;AXPO;MATCHED
BO905879;D2606267;06/05/2026;NG_PEG;B;01/08/2027;31/10/2027;111,900;MWH;26,2650;EUR;STATKR;MATCHED
BO906934;D2607377;25/06/2026;PWR_FR;B;01/02/2026;28/02/2026;87,900;MWH;93,1890;EUR;RWE;MATCHED
BO904827;D2605145;12/11/2025;PWR_FR;S;01/05/2027;31/05/2027;631,300;MWH;67,2010;EUR;SHELL_;MATCHED
BO907018;D2607466;22/08/2025;PWR_FR;S;01/11/2027;30/11/2027;171,900;MWH;92,2630;EUR;EEX_CL;MATCHED
BO907820;D2608317;28/11/2025;PWR_FR;B;01/11/2027;30/11/2027;169,600;MWH;92,3590;EUR;SHELL_;MATCHED
BO907573;D2608053;16/02/2026;NG_PEG;S;01/12/2027;31/12/2027;212,500;MWH;31,5650;EUR;ICE_EN;MATCHED
BO905920;D2606308;06/03/2026;NG_PEG;S;01/10/2026;31/10/2026;752,400;MWH;34,0420;EUR;VITOL;MATCHED
BO906633;D2607059;15/06/2026;PWR_FR;S;01/12/2026;31/12/2026;161,800;MWH;78,6950;EUR;MERCUR;MATCHED
BO907019; D2607468;06/07/2026;NG_PEG;B;01/04/2027;30/04/2027;54,700;MWH;34,5180;EUR;STATKR;MATCHED
BO906179;D2606582;30/10/2025;PWR_FR;S;01/03/2026;31/03/2026;485,400;MWH;103,8740;EUR;RWE;MATCHED
BO900284;D2600301;18/02/2026;PWR_FR;S;01/03/2026;31/05/2026;202,300;MWH;76,4760;EUR;TOTALE;MATCHED
BO908180;D2608707;19/08/2025;NG_PEG;S;01/07/2027;30/09/2027;903,500;MWH;22,1270;EUR;UNIPER;MATCHED
BO902242;D2602381;26/06/2026;PWR_FR;B;01/05/2027;31/05/2027;826,100;MWH;76,4280;EUR;STATKR;CXL
BO907345;D2607814;15/06/2026;PWR_FR;S;01/09/2027;30/11/2027;473,700;MWH;66,2300;EUR;UNIPER;MATCHED
BO902586;D2602750;04/11/2025;NG_PEG;S;01/07/2026;30/06/2027;830,300;MWH;23,3620;EUR;ICE_EN;MATCHED
BO901064;D2601132;09/12/2025;PWR_FR;B;01/12/2026;31/12/2026;332,600;MWH;88,1850;EUR;EDF_TR;MATCHED
BO901681;D2601788;02/07/2026;PWR_FR;B;01/02/2026;28/02/2026;341,000;MWH;103,1010;EUR;UNIPER;MATCHED
BO901769;D2601878;24/04/2026;PWR_FR;S;01/04/2026;30/04/2026;275,400;MWH;84,4530;EUR;EDF_TR;MATCHED
BO904296;D2604567;23/06/2026;PWR_FR;B;01/11/2026;30/11/2026;162,200;MWH;89,2070;EUR;TOTALE;MATCHED
BO908135;D2608661;26/12/2025;NG_PEG;S;01/01/2027;31/01/2027;895,700;MWH;30,5800;EUR;MERCUR;MATCHED
BO908708;D2608636;17/10/2025;NG_PEG;B;01/07/2027;31/07/2027;460,300;MWH;22,1920;EUR;VITOL;MATCHED
BO906574;D2606997;20/02/2026;PWR_FR;B;01/08/2027;31/08/2027;174,100;MWH;53,6400;EUR;STATKR;MATCHED
BO907765;D2608257;28/11/2025;PWR_FR;B;01/08/2026;31/08/2026;1060,100;MWH;75,5830;EUR;UNIPER;MATCHED
BO900513;D2600547;10/11/2025;PWR_FR;S;01/01/2027;31/03/2027;335,500;MWH;92,5480;EUR;MERCUR;MATCHED
BO905668;D2606046;24/10/2025;NG_PEG;S;01/02/2026;28/02/2026;281,200;MWH;34,9650;EUR;EDF_TR;MATCHED
BO908052;D2608572;18/06/2026;NG_PEG;S;01/01/2026;31/01/2026;309,200;MWH;33,4970;EUR;MERCUR;MATCHED
BO905453;D2605816;16/12/2025;PWR_FR;S;01/12/2027;31/12/2027;212,200;MWH;99,6280;EUR;AXPO;MATCHED
BO908342;D2608878;16/06/2026;PWR_FR;B;01/08/2027;31/08/2027;73,800;MWH;72,0130;EUR;ICE_EN;MATCHED
BO908686;d2606745;11/03/2026;NG_PEG;B;01/11/2026;30/11/2026;38,000;MWH;33,8250;EUR;TOTALE;MATCHED
BO902600;D2602766;27/10/2025;NG_PEG;B;01/04/2026;30/06/2026;176,900;MWH;32,3320;EUR;UNIPER;MATCHED
BO908587;D2606610;14/10/2025;PWR_FR;B;01/03/2027;31/03/2027;279,300;MWH;100,4400;EUR;EDF_TR;MATCHED
BO908497;D2604194;15/08/2025;PWR_FR;B;01/02/2027;28/02/2027;157,800;MWH;105,3610;EUR;STATKR;MATCHED
BO906450;D2606869;11/07/2025;PWR_FR;B;01/09/2026;30/09/2026;564,500;MWH;66,1610;EUR;TOTALE;MATCHED
BO902684;D2602855;23/10/2025;PWR_FR;B;01/11/2027;30/11/2027;251,800;MWH;82,9110;EUR;STATKR;MATCHED
BO901253;D2601331;24/06/2025;PWR_FR;B;01/04/2026;30/04/2026;212,300;MWH;71,9370;EUR;VITOL;CXL
BO905700;D2606081;03/07/2025;PWR_FR;S;01/09/2026;30/11/2026;220,600;MWH;70,5370;EUR;RWE;MATCHED
BO902694;D2602866;04/06/2025;PWR_FR;B;01/06/2027;30/06/2027;156,400;MWH;67,0540;EUR;TOTALE;MATCHED
BO904998;D2605326;10/11/2025;NG_PEG;S;01/06/2026;30/06/2026;183,800;MWH;25,4721;EUR;STATKR;MATCHED
BO901340;D2601423;14/07/2026;PWR_FR;B;01/04/2026;30/04/2026;16,700;MWH;75,2300;EUR;RWE;MATCHED
BO906341;D2606756;16/06/2026;PWR_FR;B;01/08/2026;31/07/2027;2788,600;MWH;62,9250;EUR;EEX_CL;MATCHED
BO906381;D2606798;12/05/2026;PWR_FR;S;01/03/2026;31/03/2026;282,600;MWH;82,4350;EUR;MERCUR;MATCHED
BO907331;D2607800;01/06/2026;NG_PEG;S;01/09/2027;30/09/2027;125,400;MWH;30,5020;EUR;UNIPER;CXL
BO905941;D2606331;08/04/2026;PWR_FR;B;01/11/2027;30/11/2027;400,000;MWH;72,7460;EUR;AXPO;MATCHED
BO907516;D2607991;01/01/2026;NG_PEG;S;01/11/2026;30/11/2026;111,500;MWH;36,4860;EUR;GUNVOR;MATCHED
BO907113;D2607569;19/05/2026;PWR_FR;B;01/02/2027;28/02/2027;467,300;MWH;88,8560;EUR;UNIPER;MATCHED
BO904403;D2604683;06/06/2025;NG_PEG;B;01/05/2027;31/05/2027;117,000;MWH;26,8190;EUR;EEX_CL;MATCHED
BO901080;D2601150;09/06/2026;PWR_FR;S;01/02/2027;30/04/2027;108,500;MWH;100,0490;EUR;ICE_EN;MATCHED
BO904656;D2604955;30/12/2025;PWR_FR;B;01/07/2027;31/07/2027;172,000;MWH;65,3610;EUR;MERCUR;MATCHED
BO903402;D2603620;27/10/2025;NG_PEG;B;01/09/2026;30/09/2026;43,300;MWH;27,6600;EUR;EEX_CL;MATCHED
BO905243;D2605588;18/05/2026;NG_PEG;B;01/09/2027;30/11/2027;170,600;MWH;24,9110;EUR;GUNVOR;MATCHED
BO908983;D2605751;27/05/2026;NG_PEG;B;01/12/2027;29/02/2028;304,300;MWH;40,0590;EUR;TOTALE;MATCHED
BO908174;D2608701;25/02/2026;NG_PEG;S;01/09/2026;30/09/2026;183,600;MWH;25,5120;EUR;STATKR;MATCHED
BO904586;D2604879;13/03/2026;PWR_FR;B;01/01/2026;31/03/2026;97,400;MWH;113,7240;EUR;UNIPER;MATCHED
BO902157;D2602293;17/11/2025;PWR_FR;B;01/11/2027;30/11/2027;253,200;MWH;75,4770;EUR;GUNVOR;MATCHED
BO902185;D2602322;10/10/2025;NG_PEG;B;01/01/2026;31/01/2026;38,100;MWH;40,7350;EUR;EEX_CL;MATCHED
BO900918;D2600970;28/01/2026;NG_PEG;B;01/06/2026;30/06/2026;113,700;MWH;27,7880;EUR;EDF_TR;MATCHED
BO903578;D2603802;16/01/2026;PWR_FR;B;01/11/2026;30/11/2026;220,200;MWH;73,9910;EUR;TOTALE;MATCHED
BO903661;D2603891;18/05/2026;PWR_FR;B;01/05/2027;31/05/2027;988,300;MWH;64,1050;EUR;EDF_TR;MATCHED
BO905573;D2605942;13/03/2026;NG_PEG;S;01/02/2026;28/02/2026;256,500;MWH;42,2320;EUR;STATKR;MATCHED
BO903662;D2603892;31/12/2025;PWR_FR;S;01/08/2026;31/10/2026;162,900;MWH;60,3420;EUR;STATKR;MATCHED
BO900830;D2600877;20/03/2026;PWR_FR;S;01/02/2026;28/02/2026;278,900;MWH;85,1620;EUR;MERCUR;MATCHED
BO907633;D2608120;07/04/2026;PWR_FR;B;01/01/2026;31/01/2026;247,100;MWH;99,5960;EUR;ICE_EN;MATCHED
BO904557;D2604848;26/09/2025;NG_PEG;B;01/12/2026;31/12/2026;53,100;MWH;35,6930;EUR;MERCUR;MATCHED
BO902207;D2602345;01/12/2025;NG_PEG;B;01/12/2026;31/12/2026;147,900;MWH;40,2550;EUR;VITOL;MATCHED
BO906305;D2606718;27/08/2025;PWR_FR;S;01/08/2027;31/10/2027;99,900;MWH;74,0460;EUR;SHELL_;MATCHED
BO901200;D2601276;18/07/2025;NG_PEG;S;01/07/2027;31/07/2027;602,600;MWH;23,7140;EUR;GUNVOR;MATCHED
BO906667;D2607097;14/01/2026;PWR_FR;B;01/07/2026;31/07/2026;215,700;MWH;77,3460;EUR;RWE;MATCHED
BO902776;D2602959;10/10/2025;PWR_FR;B;01/12/2027;31/12/2027;168,500;MWH;96,2530;EUR;SHELL_;MATCHED
BO905020;D2605348;20/08/2025;PWR_FR;S;01/04/2027;31/03/2028;36,700;MWH;89,6660;EUR;ICE_EN;MATCHED
BO907917;D2608430;18/06/2025;PWR_FR;S;01/12/2026;30/11/2027;208,000;MWH;84,4040;EUR;EDF_TR;MATCHED
BO907935;D2608448;13/07/2026;PWR_FR;B;01/03/2026;31/03/2026;454,800;MWH;93,1680;EUR;TOTALE;MATCHED
BO906118;D2606518;29/12/2025;PWR_FR;B;01/01/2026;31/01/2026;123,200;MWH;90,7510;EUR;RWE;MATCHED
BO900061;D2600064;01/06/2026;PWR_FR;B;01/11/2026;30/11/2026;169,300;MWH;88,8750;EUR;TOTALE;MATCHED
BO900182;D2600193;01/01/2026;PWR_FR;B;01/09/2026;30/09/2026;1126,400;MWH;62,6080;EUR;SHELL_;MATCHED
BO908265;D2608797;19/08/2025;NG_PEG;S;01/09/2027;30/11/2027;171,000;MWH;26,9320;EUR;STATKR;MATCHED
BO906842;D2607281;04/11/2025;PWR_FR;B;01/09/2027;30/09/2027;230,100;MWH;67,4580;EUR;EDF_TR;MATCHED
BO902234;D2602372;17/02/2026;NG_PEG;S;01/03/2026;31/05/2026;302,000;MWH;38,1650;EUR;EDF_TR;MATCHED
BO907539;D2608014;04/06/2025;NG_PEG;B;01/10/2026;30/09/2027;334,600;MWH;33,5740;EUR;TOTALE;MATCHED
BO904166;D2604428;24/07/2026;NG_PEG;B;01/05/2026;31/07/2026;495,100;MWH;28,2700;EUR;GUNVOR;MATCHED
BO907992;D2608509;14/08/2025;PWR_FR;B;01/06/2026;30/06/2026;409,600;MWH;72,4840;EUR;VITOL;MATCHED
BO902909;D2603103;19/03/2026;PWR_FR;S;01/11/2026;30/11/2026;801,900;MWH;87,6890;EUR;VITOL;MATCHED
BO900507;D2600541;11/03/2026;NG_PEG;B;01/11/2027;30/11/2027;410,800;MWH;36,4680;EUR;MERCUR;MATCHED
BO906658;D2607087;07/07/2026;PWR_FR;S;01/03/2026;31/03/2026;735,900;MWH;77,9420;EUR;ICE_EN;MATCHED
BO904423;D2604704;14/10/2025;PWR_FR;B;01/05/2026;31/05/2026;1154,600;MWH;66,1798;EUR;MERCUR;MATCHED
BO903648;D2603878;08/12/2025;NG_PEG;B;01/08/2027;31/08/2027;296,900;MWH;24,0730;EUR;GUNVOR;MATCHED
BO901449;D2601541;12/05/2026;PWR_FR;B;01/10/2026;31/10/2026;230,200;MWH;82,4660;EUR;ICE_EN;MATCHED
BO905799;D2606185;24/07/2025;NG_PEG;S;01/02/2026;28/02/2026;190,400;MWH;42,6870;EUR;VITOL;MATCHED
BO900993;D2601051;02/04/2026;NG_PEG;B;01/11/2026;30/11/2026;104,700;MWH;32,4620;EUR;UNIPER;MATCHED
BO901393;D2601482;09/06/2026;NG_PEG;S;01/02/2027;30/04/2027;146,400;MWH;47,3720;EUR;MERCUR;MATCHED
BO904462;D2604746;16/06/2025;PWR_FR;B;01/05/2026;31/05/2026;293,200;MWH;78,2700;EUR;GUNVOR;CXL
BO901391;D2601480;05/05/2026;NG_PEG;B;01/12/2027;31/12/2027;188,100;MWH;40,4180;EUR;MERCUR;MATCHED
BO900497;D2600530;02/10/2025;PWR_FR;B;01/03/2026;31/05/2026;185,400;MWH;73,7580;EUR;EEX_CL;MATCHED
BO908912;D2607359;06/11/2025;NG_PEG;B;01/01/2026;31/01/2026;79,200;MWH;25,3970;EUR;EDF_TR;MATCHED
BO903330;D2603548;04/09/2025;PWR_FR;B;01/07/2027;31/07/2027;268,300;MWH;56,8690;EUR;AXPO;MATCHED
BO903785;D2604025;02/02/2026;NG_PEG;S;01/05/2026;31/07/2026;495,900;MWH;28,9140;EUR;TOTALE;MATCHED
BO904402;D2604682;10/06/2025;NG_PEG;S;01/03/2027;31/03/2027;68,700;MWH;26,1120;EUR;STATKR;MATCHED
BO907229; D2607691;02/02/2026;NG_PEG;B;01/01/2027;31/01/2027;132,300;MWH;37,2260;EUR;STATKR;MATCHED
BO904058;D2604315;06/01/2026;PWR_FR;B;01/01/2027;31/01/2027;411,400;MWH;109,2710;EUR;EEX_CL;MATCHED
BO907489;D2607962;23/09/2025;NG_PEG;S;01/03/2026;31/03/2026;70,200;MWH;35,5770;EUR;GUNVOR;MATCHED
BO900627;D2600667;24/04/2026;PWR_FR;B;01/12/2026;31/12/2026;143,500;MWH;89,2550;EUR;ICE_EN;MATCHED
BO904340;D2604614;02/07/2025;NG_PEG;B;01/02/2027;28/02/2027;199,100;MWH;41,1410;EUR;SHELL_;MATCHED
BO903728;D2603961;09/06/2026;PWR_FR;B;01/07/2026;30/09/2026;1830,700;MWH;52,8300;EUR;EDF_TR;MATCHED
BO900137;D2600145;16/01/2026;NG_PEG;S;01/07/2027;31/07/2027;504,200;MWH;26,7970;EUR;GUNVOR;MATCHED
BO901293;D2601372;18/03/2026;PWR_FR;S;01/08/2026;31/08/2026;868,800;MWH;54,6000;EUR;GUNVOR;MATCHED
BO901948;D2602075;12/11/2025;PWR_FR;S;01/04/2026;30/04/2026;531,400;MWH;72,8580;EUR;UNIPER;MATCHED
BO904073;D2604331;18/03/2026;PWR_FR;B;01/04/2027;30/04/2027;212,900;MWH;64,6000;EUR;UNIPER;MATCHED
BO903901;D2604145;20/06/2025;PWR_FR;B;01/06/2026;30/06/2026;1602,300;MWH;62,5000;EUR;GUNVOR;MATCHED
BO903010;D2603212;25/08/2025;PWR_FR;S;01/06/2027;30/06/2027;88,900;MWH;70,1220;EUR;RWE;MATCHED
BO906117;D2606517;29/06/2026;PWR_FR;S;01/10/2027;31/12/2027;356,800;MWH;88,8140;EUR;SHELL_;MATCHED
BO906674;D2607105;25/07/2025;PWR_FR;B;01/08/2026;31/08/2026;237,600;MWH;57,2070;EUR;EEX_CL;MATCHED
BO902292;D2602436;18/05/2026;NG_PEG;S;01/06/2026;30/06/2026;447,000;MWH;24,1760;EUR;UNIPER;MATCHED
BO905522;D2605889;01/07/2025;NG_PEG;B;01/05/2026;31/05/2026;412,800;MWH;26,7170;EUR;ICE_EN;MATCHED
BO905387;D2605745;19/08/2025;NG_PEG;B;01/04/2026;30/04/2026;112,700;MWH;38,5780;EUR;STATKR;MATCHED
BO901447; D2601539;18/07/2025;PWR_FR;S;01/02/2027;28/02/2027;196,100;MWH;98,0510;EUR;STATKR;MATCHED
BO902046;D2602177;03/12/2025;NG_PEG;S;01/06/2026;30/06/2026;119,300;MWH;23,0730;EUR;SHELL_;MATCHED
BO907611;D2608095;23/12/2025;NG_PEG;B;01/04/2026;30/04/2026;145,000;MWH;33,4140;EUR;AXPO;MATCHED
BO903446;D2603664;16/07/2026;NG_PEG;S;01/01/2026;31/03/2026;135,300;MWH;35,0890;EUR;TOTALE;MATCHED
BO903603;D2603830;08/07/2026;PWR_FR;S;01/09/2027;30/09/2027;756,700;MWH;76,9240;EUR;GUNVOR;MATCHED
BO906947;D2607390;06/06/2025;NG_PEG;B;01/11/2026;30/11/2026;360,800;MWH;32,0210;EUR;MERCUR;MATCHED
BO990006;D9500006;22/12/2025;NG_PEG;S;01/10/2027;31/10/2027;869,500;MWH;33,2620;EUR;EDF_TR;MATCHED
BO908190;D2608718;17/04/2026;PWR_FR;S;01/01/2026;31/03/2026;82,500;MWH;108,6790;EUR;UNIPER;MATCHED
BO905484;D2605849;08/09/2025;PWR_FR;B;01/03/2026;31/03/2026;192,100;MWH;75,8010;EUR;STATKR;MATCHED
BO904524;D2604813;19/03/2026;PWR_FR;B;01/08/2027;31/08/2027;39,100;MWH;67,0710;EUR;UNIPER;MATCHED
BO903608;D2603835;29/05/2026;PWR_FR;S;01/02/2026;28/02/2026;250,300;MWH;100,8590;EUR;MERCUR;MATCHED
BO901849;D2601967;24/12/2025;PWR_FR;B;01/06/2027;31/08/2027;62,200;MWH;53,8810;EUR;AXPO;MATCHED
BO903190;D2603401;25/11/2025;NG_PEG;B;01/04/2027;31/03/2028;155,300;MWH;27,4260;EUR;TOTALE;MATCHED
BO902423;D2602577;19/11/2025;NG_PEG;S;01/08/2027;31/08/2027;24,000;MWH;24,6670;EUR;RWE;MATCHED
BO904804;d2605120;24/07/2026;PWR_FR;S;01/07/2026;31/07/2026;133,800;MWH;51,5980;EUR;ICE_EN;MATCHED
BO907789;D2608285;22/09/2025;PWR_FR;B;01/01/2027;31/01/2027;477,300;MWH;88,5300;EUR;AXPO;MATCHED
BO907076;D2607527;24/11/2025;NG_PEG;B;01/06/2027;31/08/2027;264,500;MWH;24,9010;EUR;GUNVOR;MATCHED
BO906204;D2606609;20/11/2025;PWR_FR;B;01/05/2027;31/07/2027;170,400;MWH;61,4770;EUR;VITOL;MATCHED
BO904694;D2605001;01/10/2025;PWR_FR;S;01/10/2027;31/10/2027;127,700;MWH;75,6350;EUR;STATKR;MATCHED
BO903989;D2604240;08/10/2025;PWR_FR;B;01/05/2026;31/05/2026;81,600;MWH;79,9540;EUR;STATKR;MATCHED
BO908238;D2608769;18/06/2026;PWR_FR;B;01/03/2027;31/03/2027;938,000;MWH;87,3510;EUR;VITOL;MATCHED
BO901549;D2601649;18/05/2026;NG_PEG;B;01/07/2027;31/07/2027;407,300;MWH;22,0760;EUR;STATKR;MATCHED
BO905642;D2606019;23/02/2026;NG_PEG;B;01/02/2027;28/02/2027;83,400;MWH;35,3580;EUR;TOTALE;MATCHED
BO905113;D2605445;03/06/2026;NG_PEG;B;01/02/2027;30/04/2027;50,500;MWH;34,9870;EUR;SHELL_;MATCHED
BO900978;D2601034;19/11/2025;NG_PEG;S;01/09/2026;30/09/2026;606,200;MWH;25,9510;EUR;STATKR;MATCHED
BO901455;D2601547;09/02/2026;PWR_FR;B;01/02/2026;31/01/2027;61,100;MWH;100,6390;EUR;EEX_CL;MATCHED
BO900127;D2600135;15/04/2026;PWR_FR;S;01/10/2027;31/10/2027;275,700;MWH;75,7180;EUR;STATKR;MATCHED
BO908063;D2608583;16/07/2025;PWR_FR;S;01/05/2026;31/05/2026;57,800;MWH;79,5300;EUR;SHELL_;MATCHED
BO903974;d2604224;17/12/2025;PWR_FR;B;01/10/2026;31/10/2026;622,200;MWH;78,2180;EUR;RWE;MATCHED
BO901162;D2601238;09/06/2026;PWR_FR;B;01/05/2027;30/04/2028;187,900;MWH;75,0820;EUR;STATKR;MATCHED
BO900774;D2600816;18/05/2026;PWR_FR;B;01/09/2026;30/11/2026;73,800;MWH;74,2550;EUR;RWE;MATCHED
BO908657;D2604092;17/06/2025;PWR_FR;S;01/04/2027;30/04/2027;189,600;MWH;85,8290;EUR;TOTALE;MATCHED
BO902008;D2602138;03/12/2025;PWR_FR;B;01/05/2026;31/05/2026;41,400;MWH;70,1360;EUR;UNIPER;MATCHED
BO908370;d2608908;24/06/2025;PWR_FR;B;01/10/2026;31/10/2026;290,400;MWH;66,7160;EUR;UNIPER;MATCHED
BO905007;D2605335;28/10/2025;PWR_FR;S;01/06/2026;30/06/2026;667,100;MWH;51,3130;EUR;RWE;MATCHED
BO902557;D2602719;04/08/2025;NG_PEG;B;01/03/2027;31/03/2027;169,300;MWH;40,1930;EUR;VITOL;MATCHED
BO905091;D2605422;08/07/2025;NG_PEG;B;01/05/2027;31/05/2027;20,500;MWH;30,3160;EUR;SHELL_;MATCHED
BO901425;D2601516;12/11/2025;NG_PEG;S;01/04/2026;30/06/2026;298900,000;KWH;32,0620;EUR;VITOL;MATCHED
BO905778;D2606162;16/09/2025;NG_PEG;B;01/12/2027;31/12/2027;75,900;MWH;33,2120;EUR;VITOL;MATCHED
BO902820;D2603007;06/11/2025;NG_PEG;B;01/10/2027;31/10/2027;247,400;MWH;30,6230;EUR;AXPO;MATCHED
BO900382;D2600405;20/04/2026;PWR_FR;B;01/10/2026;31/10/2026;170,300;MWH;81,4930;EUR;MERCUR;MATCHED
BO904052;D2604309;03/02/2026;PWR_FR;S;01/02/2026;28/02/2026;275,400;MWH;81,2480;EUR;UNIPER;MATCHED
BO908628;D2601165;05/02/2026;NG_PEG;S;01/03/2026;31/03/2026;1522,100;MWH;42,5160;EUR;EDF_TR;MATCHED
BO901272; D2601350;05/12/2025;PWR_FR;B;01/11/2027;30/11/2027;144,700;MWH;100,0790;EUR;MERCUR;MATCHED
BO903874;D2604118;07/10/2025;PWR_FR;S;01/07/2026;31/07/2026;194,400;MWH;71,1670;EUR;EEX_CL;MATCHED
BO908303;D2608838;25/06/2026;PWR_FR;B;01/08/2027;31/08/2027;219,800;MWH;69,9890;EUR;VITOL;MATCHED
BO905826;D2606214;10/04/2026;PWR_FR;S;01/01/2026;31/01/2026;256,800;MWH;95,6930;EUR;SHELL_;MATCHED
BO906347;D2606762;11/08/2025;PWR_FR;S;01/11/2026;30/11/2026;308,600;MWH;87,2520;EUR;ICE_EN;MATCHED
BO902105;D2602239;16/07/2026;PWR_FR;S;01/12/2026;31/12/2026;613,600;MWH;82,2170;EUR;MERCUR;MATCHED
BO905443;D2605806;06/10/2025;PWR_FR;B;01/05/2027;31/07/2027;136,900;MWH;67,0340;EUR;VITOL;MATCHED
BO901843;D2601960;27/10/2025;NG_PEG;S;01/10/2026;31/10/2026;231,700;MWH;28,0580;EUR;AXPO;CXL
BO904285;D2604555;30/06/2026;NG_PEG;B;01/07/2027;31/07/2027;113,000;MWH;18,5480;EUR;MERCUR;MATCHED
BO902127;D2602261;12/08/2025;PWR_FR;B;01/08/2027;31/08/2027;223,600;MWH;62,2490;EUR;SHELL_;MATCHED
BO904657;D2604956;19/08/2025;PWR_FR;S;01/08/2027;31/07/2028;179,600;MWH;62,6340;EUR;VITOL;MATCHED
BO900233;D2600247;02/01/2026;PWR_FR;S;01/12/2026;28/02/2027;60,400;MWH;88,7400;EUR;RWE;MATCHED
BO908874;D2604485;09/07/2025;PWR_FR;B;01/11/2027;30/11/2027;1359,000;MWH;84,5630;EUR;TOTALE;MATCHED
BO905739;D2606120;01/12/2025;PWR_FR;S;01/02/2027;28/02/2027;343,600;MWH;98,5250;EUR;VITOL;CXL
BO900235;D2600249;13/04/2026;PWR_FR;B;01/07/2026;31/07/2026;403,100;MWH;54,8120;EUR;EEX_CL;MATCHED
BO908869;D2608359;11/06/2026;PWR_FR;S;01/01/2026;31/03/2026;171,000;MWH;97,4560;EUR;UNIPER;MATCHED
BO904497;D2604783;12/02/2026;NG_PEG;S;01/05/2026;31/07/2026;137,100;MWH;24,7720;EUR;UNIPER;MATCHED
BO904982;D2605308;16/01/2026;PWR_FR;B;01/07/2026;31/07/2026;150,700;MWH;60,4440;EUR;UNIPER;MATCHED
BO900735;D2600777;03/02/2026;NG_PEG;B;01/09/2026;30/09/2026;51,400;MWH;28,9980;EUR;SHELL_;MATCHED
BO904293;D2604564;28/04/2026;NG_PEG;B;01/08/2027;31/08/2027;150,500;MWH;24,6470;EUR;STATKR;MATCHED
BO901165;D2601241;05/12/2025;PWR_FR;S;01/07/2027;31/07/2027;246,500;MWH;70,0790;EUR;AXPO;MATCHED
BO902012;D2602142;01/07/2026;NG_PEG;S;01/04/2026;30/04/2026;251,800;MWH;31,1750;EUR;EEX_CL;MATCHED
BO900998;D2601057;09/10/2025;NG_PEG;S;01/04/2026;30/04/2026;244,000;MWH;32,1060;EUR;MERCUR;MATCHED
BO903280; D2603497;30/07/2025;PWR_FR;B;01/12/2026;28/02/2027;67,300;MWH;94,8840;EUR;VITOL;MATCHED
BO907114;D2607570;22/12/2025;PWR_FR;B;01/12/2026;31/12/2026;180,200;MWH;120,4870;EUR;GUNVOR;MATCHED
BO905618;D2605993;29/10/2025;PWR_FR;S;01/01/2027;31/03/2027;306,600;MWH;96,1780;EUR;AXPO;MATCHED
BO906169;D2606571;18/05/2026;PWR_FR;S;01/06/2027;31/08/2027;91,700;MWH;69,8140;EUR;TOTALE;MATCHED
BO907569;D2608048;26/12/2025;NG_PEG;B;01/05/2027;31/05/2027;191,600;MWH;32,0600;EUR;TOTALE;MATCHED
BO905952;D2606345;09/03/2026;PWR_FR;B;01/03/2026;31/03/2026;206,400;MWH;81,2150;EUR;GUNVOR;MATCHED
BO903487;D2603707;11/05/2026;PWR_FR;B;01/04/2027;31/03/2028;228,200;MWH;68,4270;EUR;UNIPER;MATCHED
BO904102;D2604360;25/09/2025;NG_PEG;S;01/04/2027;30/06/2027;608,100;MWH;28,1400;EUR;STATKR;CXL
BO907024;D2607473;22/05/2026;PWR_FR;B;01/07/2027;31/07/2027;129,200;MWH;78,6920;EUR;ICE_EN;MATCHED
BO903829;D2604070;01/10/2025;PWR_FR;S;01/02/2026;28/02/2026;206,700;MWH;80,9870;EUR;STATKR;MATCHED
BO907784;D2608279;28/11/2025;PWR_FR;B;01/02/2026;28/02/2026;143,300;MWH;82,2990;EUR;SHELL_;MATCHED
BO900184;D2600195;11/06/2025;PWR_FR;S;01/06/2027;30/06/2027;500,100;MWH;69,2330;EUR;EEX_CL;MATCHED
BO905644;D2606021;17/04/2026;NG_PEG;B;01/04/2027;30/04/2027;88,900;MWH;30,0560;EUR;EEX_CL;MATCHED
BO905112;D2605444;31/10/2025;PWR_FR;B;01/12/2027;31/12/2027;45,000;MWH;90,3000;EUR;EEX_CL;MATCHED
BO904837;D2605155;15/05/2026;PWR_FR;S;01/08/2027;31/08/2027;334,000;MWH;67,2700;EUR;AXPO;MATCHED
BO906968;D2607412;09/01/2026;NG_PEG;B;01/03/2027;31/03/2027;193,900;MWH;38,8770;EUR;TOTALE;CXL
BO900047;D2600050;29/05/2026;PWR_FR;B;01/12/2027;29/02/2028;455,400;MWH;104,3560;EUR;SHELL_;MATCHED
BO908981;D2607531;03/12/2025;PWR_FR;B;01/11/2026;30/11/2026;399,800;MWH;86,1880;EUR;ICE_EN;MATCHED
BO904547;D2604837;12/01/2026;NG_PEG;B;01/07/2027;31/07/2027;230,200;MWH;22,9870;EUR;GUNVOR;MATCHED
BO904357;D2604632;06/06/2025;NG_PEG;B;01/04/2027;30/04/2027;1132,500;MWH;33,8000;EUR;TOTALE;MATCHED
BO901473;D2601566;16/02/2026;NG_PEG;B;01/03/2026;31/03/2026;808,000;MWH;35,3770;EUR;UNIPER;MATCHED
BO901480;D2601574;30/06/2026;NG_PEG;B;01/10/2026;31/10/2026;686,300;MWH;30,0930;EUR;UNIPER;MATCHED
BO905836;D2606224;09/06/2025;PWR_FR;B;01/07/2027;30/09/2027;290,000;MWH;51,6490;EUR;ICE_EN;MATCHED
BO905742;D2606123;12/01/2026;PWR_FR;S;01/03/2027;31/03/2027;152,300;MWH;77,4860;EUR;UNIPER;MATCHED
BO905645;D2606022;10/06/2026;NG_PEG;B;01/02/2026;28/02/2026;380,800;MWH;40,8040;EUR;RWE;MATCHED
BO906851;D2607290;05/08/2025;PWR_FR;S;01/03/2026;31/05/2026;149,600;MWH;90,9720;EUR;RWE;MATCHED
BO904153;D2604415;10/02/2026;PWR_FR;B;01/09/2027;30/09/2027;360,300;MWH;67,9900;EUR;TOTALE;MATCHED
BO900411;D2600435;15/01/2026;PWR_FR;B;01/11/2026;30/11/2026;611,600;MWH;98,1860;EUR;MERCUR;MATCHED
BO900444;D2600470;11/03/2026;PWR_FR;B;01/02/2026;28/02/2026;100,700;MWH;109,0820;EUR;UNIPER;MATCHED
BO905550;D2605918;11/05/2026;PWR_FR;S;01/07/2027;30/09/2027;70,000;MWH;72,0480;EUR;VITOL;MATCHED
BO904178;D2604441;27/06/2025;NG_PEG;S;01/04/2027;30/04/2027;401,400;MWH;36,5760;EUR;EDF_TR;MATCHED
BO900722;D2600764;24/06/2025;NG_PEG;S;01/07/2027;31/07/2027;154,000;MWH;23,7700;EUR;UNIPER;MATCHED
BO906527;D2606948;02/09/2025;PWR_FR;S;01/03/2027;31/03/2027;123,600;MWH;81,0790;EUR;GUNVOR;MATCHED
BO904477;D2604762;17/07/2025;PWR_FR;B;01/06/2027;31/08/2027;212,300;MWH;52,2620;EUR;EDF_TR;CXL
BO900356;D2600377;01/12/2025;PWR_FR;S;01/09/2026;30/11/2026;803,800;MWH;69,7810;EUR;TOTALE;MATCHED
BO906009;D2606403;21/04/2026;NG_PEG;B;01/12/2026;28/02/2027;72,600;MWH;34,1330;EUR;VITOL;MATCHED
BO904645;D2604942;30/06/2025;PWR_FR;S;01/07/2027;31/07/2027;372,900;MWH;58,1420;EUR;ICE_EN;MATCHED
BO901374;D2601461;06/01/2026;NG_PEG;S;01/06/2026;30/06/2026;270,400;MWH;23,3110;EUR;VITOL;MATCHED
BO901567;D2601669;17/06/2025;PWR_FR;S;01/09/2026;30/09/2026;337,100;MWH;83,1000;EUR;TOTALE;MATCHED
BO908546;D2605933;01/08/2025;NG_PEG;S;01/03/2027;31/03/2027;200,300;MWH;35,8290;EUR;GUNVOR;MATCHED
BO906217;D2606624;23/07/2026;PWR_FR;S;01/05/2026;30/04/2027;410,100;MWH;61,2520;EUR;UNIPER;MATCHED
BO904688;D2604995;10/11/2025;PWR_FR;B;01/12/2026;31/12/2026;284,800;MWH;80,3430;EUR;MERCUR;MATCHED
BO908182;D2608709;04/07/2025;NG_PEG;S;01/04/2027;30/04/2027;196,300;MWH;27,0870;EUR;EEX_CL;MATCHED
BO903958;D2604206;18/07/2025;NG_PEG;S;01/12/2026;31/12/2026;697,000;MWH;38,0440;EUR;TOTALE;MATCHED
BO903299;D2603516;03/11/2025;NG_PEG;B;01/11/2026;30/11/2026;109,900;MWH;32,4610;EUR;EDF_TR;MATCHED
BO901033;D2601097;26/08/2025;PWR_FR;B;01/02/2026;30/04/2026;109,900;MWH;96,4380;EUR;AXPO;MATCHED
BO900084;D2600089;05/06/2025;NG_PEG;S;01/11/2027;31/10/2028;59,400;MWH;35,5790;EUR;EDF_TR;MATCHED
BO900980;D2601036;04/09/2025;PWR_FR;B;01/04/2026;30/06/2026;112,000;MWH;91,6500;EUR;TOTALE;MATCHED
BO905771;D2606154;15/07/2025;PWR_FR;S;01/02/2027;28/02/2027;55,700;MWH;106,6170;EUR;UNIPER;MATCHED
BO907592;D2608076;06/06/2025;PWR_FR;S;01/02/2026;28/02/2026;290,700;MWH;91,7850;EUR;AXPO;MATCHED
BO907877;D2608384;18/02/2026;PWR_FR;B;01/02/2026;28/02/2026;108,300;MWH;101,7050;EUR;UNIPER;MATCHED
BO900650;D2600691;23/07/2025;PWR_FR;S;01/04/2026;30/04/2026;86,100;MWH;72,5770;EUR;MERCUR;MATCHED
BO907181;D2607639;05/11/2025;NG_PEG;B;01/01/2027;31/01/2027;98,700;MWH;41,1960;EUR;UNIPER;MATCHED
BO903271;D2603488;31/03/2026;NG_PEG;B;01/06/2027;30/06/2027;195,300;MWH;25,2170;EUR;EEX_CL;MATCHED
BO908072;D2608592;11/03/2026;PWR_FR;B;01/10/2027;31/10/2027;227,000;MWH;82,4470;EUR;VITOL;MATCHED
BO901911;D2602035;13/04/2026;PWR_FR;S;01/05/2027;31/07/2027;591,800;MWH;69,8080;EUR;VITOL;MATCHED
BO900255;D2600270;19/12/2025;NG_PEG;S;01/09/2026;30/09/2026;61,900;MWH;27,7610;EUR;EEX_CL;MATCHED
BO904388;D2604667;07/04/2026;PWR_FR;B;01/03/2027;31/03/2027;285,400;MWH;76,0394;EUR;AXPO;MATCHED
BO902947;D2603142;01/07/2026;NG_PEG;S;01/01/2027;31/01/2027;155,900;MWH;37,2870;EUR;SHELL_;MATCHED
BO905177;D2605515;05/12/2025;PWR_FR;S;01/12/2026;28/02/2027;235,300;MWH;81,5620;EUR;AXPO;MATCHED
BO900798;D2600842;11/03/2026;PWR_FR;S;01/09/2027;30/09/2027;100,500;MWH;79,3600;EUR;TOTALE;MATCHED
BO903665;D2603895;17/07/2025;PWR_FR;B;01/10/2026;31/10/2026;4527,100;MWH;73,8510;EUR;ICE_EN;MATCHED
BO902589;D2602755;15/06/2026;NG_PEG;B;01/08/2027;31/10/2027;254,900;MWH;23,7930;EUR;GUNVOR;MATCHED
BO902432;D2602586;20/05/2026;PWR_FR;B;01/01/2027;31/01/2027;610,600;MWH;88,1760;EUR;VITOL;MATCHED
BO904237;D2604504;08/06/2026;PWR_FR;S;01/10/2027;31/12/2027;203,100;MWH;78,3720;EUR;RWE;MATCHED
BO908696;D2607108;05/08/2025;NG_PEG;B;01/04/2027;30/04/2027;520,300;MWH;30,1100;EUR;MERCUR;MATCHED
BO902307;D2602451;23/12/2025;NG_PEG;B;01/12/2026;31/12/2026;307,700;MWH;41,0710;EUR;GUNVOR;MATCHED
BO904011;D2604263;18/03/2026;PWR_FR;S;01/12/2027;31/12/2027;253,000;MWH;92,3050;EUR;VITOL;MATCHED
BO908838;D2603292;20/01/2026;NG_PEG;B;01/04/2027;30/04/2027;195,500;MWH;30,8030;EUR;TOTALE;MATCHED
BO906786;D2607219;30/10/2025;NG_PEG;S;01/03/2027;31/03/2027;119,100;MWH;40,5100;EUR;AXPO;MATCHED
BO901521;D2601619;02/07/2025;NG_PEG;B;01/10/2027;31/10/2027;86,200;MWH;29,0910;EUR;SHELL_;MATCHED
BO902614;D2602780;26/01/2026;PWR_FR;B;01/02/2027;28/02/2027;155,400;MWH;93,7090;EUR;SHELL_;MATCHED
BO908138;D2608665;28/11/2025;NG_PEG;S;01/06/2026;30/06/2026;370,700;MWH;27,3580;EUR;EEX_CL;MATCHED
BO908219;D2608748;19/06/2025;PWR_FR;B;01/03/2026;28/02/2027;398,700;MWH;83,8180;EUR;STATKR;MATCHED
BO908599;D2602186;27/04/2026;NG_PEG;B;01/09/2027;30/11/2027;83,600;MWH;29,0160;EUR;UNIPER;MATCHED
BO901216;D2601292;03/03/2026;PWR_FR;S;01/06/2026;30/06/2026;305,400;MWH;57,9710;EUR;GUNVOR;MATCHED
BO906765;D2607198;23/09/2025;PWR_FR;B;01/11/2026;30/11/2026;335,600;MWH;92,4860;EUR;GUNVOR;MATCHED
BO900095;D2600100;16/10/2025;PWR_FR;B;01/09/2026;30/09/2026;326,200;MWH;72,3060;EUR;TOTALE;MATCHED
BO908867;D2606332;18/03/2026;PWR_FR;B;01/01/2026;31/01/2026;238,800;MWH;97,3370;EUR;VITOL;MATCHED
BO905863;D2606251;08/07/2025;NG_PEG;B;01/05/2027;31/05/2027;226,000;MWH;27,3170;EUR;RWE;MATCHED
BO903094;D2603300;14/11/2025;PWR_FR;S;01/12/2026;31/12/2026;73,200;MWH;93,5270;EUR;VITOL;MATCHED
BO908079;D2608599;20/02/2026;PWR_FR;B;01/11/2026;30/11/2026;580,700;MWH;103,3210;EUR;EDF_TR;MATCHED
BO908114;D2608638;25/03/2026;NG_PEG;B;01/11/2027;30/11/2027;120,800;MWH;39,8110;EUR;UNIPER;MATCHED
BO900030;D2600033;17/04/2026;PWR_FR;B;01/07/2027;31/07/2027;187,100;MWH;62,4290;EUR;RWE;MATCHED
BO904125;D2604385;14/05/2026;NG_PEG;B;01/03/2027;31/03/2027;221,500;MWH;29,6670;EUR;STATKR;MATCHED
BO906023;D2606417;12/08/2025;PWR_FR;B;01/04/2027;30/06/2027;396,400;MWH;83,9490;EUR;SHELL_;MATCHED
BO906458;D2606877;27/04/2026;PWR_FR;B;01/02/2026;28/02/2026;161,000;MWH;90,8570;EUR;RWE;MATCHED
BO900323;D2600343;06/03/2026;PWR_FR;B;01/08/2026;31/10/2026;115,400;MWH;58,7820;EUR;AXPO;MATCHED
BO908397;D2608936;02/07/2026;NG_PEG;B;01/05/2026;31/05/2026;406,200;MWH;28,8670;EUR;ICE_EN;MATCHED
BO905001;D2605329;10/07/2026;NG_PEG;B;01/07/2026;30/06/2027;401,700;MWH;20,9580;EUR;EEX_CL;MATCHED
BO907512;D2607986;21/04/2026;PWR_FR;S;01/06/2027;30/06/2027;677,000;MWH;79,6190;EUR;ICE_EN;MATCHED
BO903399;D2603617;25/05/2026;PWR_FR;B;01/03/2026;31/03/2026;131,200;MWH;86,3020;EUR;UNIPER;MATCHED
BO901860;D2601980;18/11/2025;NG_PEG;B;01/07/2026;30/09/2026;177,600;MWH;30,1120;EUR;UNIPER;MATCHED
BO907033;D2607482;09/12/2025;PWR_FR;B;01/01/2027;31/03/2027;118,600;MWH;99,7040;EUR;ICE_EN;MATCHED
BO905035;d2605364;26/02/2026;PWR_FR;S;01/11/2026;30/11/2026;119,800;MWH;83,5900;EUR;GUNVOR;MATCHED
BO905958;D2606352;27/08/2025;PWR_FR;B;01/03/2026;31/03/2026;339,400;MWH;104,0420;EUR;EEX_CL;MATCHED
BO905954;D2606347;13/05/2026;PWR_FR;S;01/05/2027;31/05/2027;491,900;MWH;67,2030;EUR;UNIPER;MATCHED
BO903651;D2603881;20/10/2025;PWR_FR;B;01/09/2026;31/08/2027;47,300;MWH;53,3730;EUR;VITOL;MATCHED
BO904730;D2605039;22/10/2025;PWR_FR;B;01/12/2026;28/02/2027;629,500;MWH;97,2990;EUR;EEX_CL;MATCHED
BO900535;D2600570;08/12/2025;NG_PEG;S;01/07/2026;31/07/2026;111,300;MWH;26,0960;EUR;EEX_CL;MATCHED
BO907146;D2607603;08/12/2025;NG_PEG;B;01/03/2027;31/03/2027;235,800;MWH;32,6000;EUR;EDF_TR;MATCHED
BO908057;D2608577;19/02/2026;NG_PEG;B;01/06/2027;31/05/2028;158,400;MWH;24,4290;EUR;AXPO;MATCHED
BO901695;D2601803;03/07/2026;PWR_FR;S;01/11/2026;30/11/2026;316,200;MWH;85,2230;EUR;VITOL;MATCHED
BO905462;D2605825;26/06/2026;PWR_FR;B;01/07/2027;31/07/2027;320,200;MWH;64,0250;EUR;UNIPER;MATCHED
BO990049;D9500049;06/07/2026;PWR_FR;S;01/04/2027;30/04/2027;590,400;MWH;70,2520;EUR;MERCUR;MATCHED
BO904740;D2605050;22/08/2025;NG_PEG;B;01/05/2027;31/05/2027;223,800;MWH;27,8380;EUR;MERCUR;MATCHED
BO905828;D2606216;07/11/2025;PWR_FR;S;01/08/2027;31/08/2027;467,400;MWH;63,5800;EUR;MERCUR;MATCHED
BO906364;D2606779;19/01/2026;PWR_FR;B;01/03/2026;31/03/2026;106,000;MWH;105,1640;EUR;AXPO;MATCHED
BO907766;D2608258;19/09/2025;PWR_FR;B;01/01/2027;31/01/2027;106,200;MWH;108,5610;EUR;VITOL;MATCHED
BO906933;D2607376;26/06/2025;PWR_FR;S;01/12/2027;30/11/2028;352,000;MWH;99,6210;EUR;SHELL_;MATCHED
BO906342;D2606757;10/07/2025;NG_PEG;S;01/05/2027;31/07/2027;329,900;MWH;28,7390;EUR;TOTALE;MATCHED
BO905980;D2606374;25/09/2025;PWR_FR;B;01/12/2026;31/12/2026;588,700;MWH;64,8530;EUR;GUNVOR;MATCHED
BO906106;D2606505;09/10/2025;NG_PEG;B;01/07/2026;31/07/2026;133,600;MWH;21,7480;EUR;GUNVOR;MATCHED
BO905160;D2605495;17/10/2025;PWR_FR;B;01/02/2026;30/04/2026;576,500;MWH;88,4060;EUR;UNIPER;MATCHED
BO905546;D2605914;20/04/2026;NG_PEG;S;01/09/2026;30/09/2026;285,200;MWH;25,5060;EUR;RWE;MATCHED
BO900530;D2600565;04/09/2025;NG_PEG;B;01/08/2026;31/08/2026;209,800;MWH;25,0940;EUR;RWE;MATCHED
BO907186;d2607644;10/09/2025;PWR_FR;S;01/01/2027;31/01/2027;309,800;MWH;82,6780;EUR;GUNVOR;MATCHED
BO900865;D2600915;09/01/2026;NG_PEG;B;01/02/2026;28/02/2026;215,600;MWH;32,4280;EUR;MERCUR;MATCHED
BO903643;D2603872;23/09/2025;NG_PEG;B;01/07/2027;31/07/2027;225,700;MWH;19,3520;EUR;EDF_TR;MATCHED
BO901563;D2601665;09/12/2025;NG_PEG;B;01/07/2026;30/09/2026;577,100;MWH;24,5900;EUR;ICE_EN;MATCHED
BO900800;D2600844;22/10/2025;PWR_FR;B;01/05/2027;31/07/2027;120,000;MWH;69,6460;EUR;SHELL_;MATCHED
BO905138;D2605472;25/02/2026;NG_PEG;B;01/05/2026;31/05/2026;86,900;MWH;27,1070;EUR;SHELL_;MATCHED
BO908414;D2608954;19/06/2025;NG_PEG;B;01/03/2027;31/03/2027;94,900;MWH;34,1500;EUR;EDF_TR;MATCHED
BO905411;D2605770;02/07/2026;PWR_FR;S;01/07/2027;31/07/2027;290,600;MWH;61,9050;EUR;VITOL;MATCHED
BO908658;D2605998;24/07/2026;NG_PEG;B;01/07/2027;31/07/2027;467,000;MWH;17,0860;EUR;ICE_EN;MATCHED
BO905819;D2606205;01/12/2025;PWR_FR;B;01/07/2026;31/07/2026;434,400;MWH;53,2560;EUR;SHELL_;MATCHED
BO901634;D2601740;05/01/2026;NG_PEG;B;01/11/2027;30/11/2027;156,200;MWH;43,9620;EUR;EDF_TR;MATCHED
BO904878;D2605200;07/10/2025;PWR_FR;B;01/12/2027;29/02/2028;342,500;MWH;75,9030;EUR;RWE;MATCHED
BO900033;D2600036;26/06/2026;PWR_FR;S;01/09/2026;30/09/2026;151,000;MWH;65,8970;EUR;AXPO;MATCHED
BO908462;D2605511;30/01/2026;PWR_FR;B;01/06/2026;30/06/2026;333,700;MWH;49,7000;EUR;VITOL;MATCHED
BO907999;D2608516;27/11/2025;PWR_FR;B;01/06/2026;30/06/2026;117,800;MWH;60,3320;EUR;STATKR;MATCHED
BO900775;D2600817;06/07/2026;NG_PEG;S;01/10/2027;31/12/2027;97,900;MWH;32,2220;EUR;EDF_TR;MATCHED
BO907832;D2608331;14/07/2025;PWR_FR;B;01/06/2026;30/06/2026;16,700;MWH;61,1730;EUR;UNIPER;MATCHED
BO900577;D2600615;11/09/2025;PWR_FR;B;01/12/2026;31/12/2026;121,200;MWH;91,0590;EUR;AXPO;MATCHED
BO906921;D2607364;15/12/2025;PWR_FR;S;01/06/2027;31/05/2028;309,900;MWH;53,6720;EUR;EDF_TR;MATCHED
BO902629;D2602795;24/09/2025;PWR_FR;S;01/06/2026;30/06/2026;309,600;MWH;64,4250;EUR;UNIPER;MATCHED
BO904779;D2605093;01/01/2026;NG_PEG;S;01/07/2027;31/07/2027;279,000;MWH;23,4940;EUR;EEX_CL;MATCHED
BO901524;D2601622;09/10/2025;PWR_FR;S;01/06/2027;30/06/2027;872,200;MWH;52,5920;EUR;GUNVOR;MATCHED
BO904424;D2604705;15/04/2026;PWR_FR;B;01/09/2026;30/09/2026;396,000;MWH;74,0220;EUR;SHELL_;MATCHED
BO901672;D2601779;26/06/2025;NG_PEG;B;01/05/2027;31/05/2027;66,200;MWH;27,9890;EUR;ICE_EN;MATCHED
BO902344;D2602490;25/09/2025;NG_PEG;B;01/03/2026;31/03/2026;165,100;MWH;34,0020;EUR;ICE_EN;MATCHED
BO900754;D2600796;21/04/2026;PWR_FR;B;01/01/2027;31/01/2027;118,400;MWH;90,4070;EUR;GUNVOR;MATCHED
BO906558;D2606980;01/06/2026;NG_PEG;S;01/09/2026;30/09/2026;204,600;MWH;26,6730;EUR;AXPO;MATCHED
BO907341;D2607810;17/11/2025;NG_PEG;B;01/12/2026;31/12/2026;487,100;MWH;29,1730;EUR;EEX_CL;MATCHED
BO900855;D2600904;30/12/2025;PWR_FR;B;01/03/2026;31/05/2026;485,400;MWH;99,2590;EUR;ICE_EN;MATCHED
BO903895;D2604139;30/06/2025;PWR_FR;B;01/05/2027;31/05/2027;484,800;MWH;79,8700;EUR;STATKR;CXL
BO906750;D2607183;26/11/2025;NG_PEG;B;01/03/2027;31/05/2027;166,000;MWH;38,9480;EUR;MERCUR;MATCHED
BO908256;D2608788;24/04/2026;NG_PEG;S;01/09/2026;30/11/2026;95,900;MWH;33,5550;EUR;TOTALE;MATCHED
BO901424;D2601515;18/07/2025;PWR_FR;S;01/05/2027;31/05/2027;819,100;MWH;64,8730;EUR;EDF_TR;MATCHED
BO900994;D2601052;21/10/2025;NG_PEG;S;01/05/2027;31/05/2027;246,000;MWH;30,4320;EUR;UNIPER;MATCHED
BO903936;D2604182;28/07/2025;NG_PEG;B;01/06/2026;30/06/2026;102,100;MWH;25,0030;EUR;STATKR;MATCHED
BO905463;D2605826;09/06/2025;PWR_FR;B;01/01/2027;31/01/2027;500,100;MWH;77,3320;EUR;RWE;MATCHED
BO903666;D2603896;13/01/2026;NG_PEG;S;01/10/2027;31/12/2027;181,900;MWH;25,9190;EUR;EEX_CL;MATCHED
BO900026;D2600029;12/05/2026;NG_PEG;S;01/03/2027;31/03/2027;107,600;MWH;33,4020;EUR;STATKR;MATCHED
BO903519;D2603739;27/02/2026;PWR_FR;B;01/01/2026;31/01/2026;99,000;MWH;107,2470;EUR;VITOL;MATCHED
BO902013;D2602143;04/02/2026;NG_PEG;B;01/07/2026;31/07/2026;136,300;MWH;28,3080;EUR;GUNVOR;MATCHED
BO990014;D9500014;09/07/2025;PWR_FR;S;01/03/2026;31/03/2026;207,700;MWH;71,6320;EUR;EDF_TR;MATCHED
BO908923;D2604912;26/06/2026;PWR_FR;B;01/10/2027;31/12/2027;154,800;MWH;64,3040;EUR;VITOL;MATCHED
BO906455;D2606874;09/03/2026;NG_PEG;S;01/08/2027;31/10/2027;143,300;MWH;24,0840;EUR;EDF_TR;MATCHED
BO905363;D2605718;23/12/2025;NG_PEG;S;01/06/2027;30/06/2027;1758,000;MWH;26,0110;EUR;GUNVOR;MATCHED
BO901891;D2602015;20/07/2026;NG_PEG;B;01/04/2026;30/04/2026;640,400;MWH;30,2460;EUR;RWE;MATCHED
BO906943;D2607386;20/02/2026;NG_PEG;S;01/12/2027;31/12/2027;217,500;MWH;38,2220;EUR;STATKR;MATCHED
BO903479;D2603699;17/06/2026;PWR_FR;S;01/10/2026;31/10/2026;111,700;MWH;74,0070;EUR;STATKR;MATCHED
BO906927;D2607370;05/08/2025;NG_PEG;B;01/11/2026;30/11/2026;58,200;MWH;33,6000;EUR;GUNVOR;MATCHED
BO908117;D2608641;12/12/2025;PWR_FR;B;01/01/2027;31/03/2027;460,800;MWH;93,8570;EUR;EEX_CL;MATCHED
BO902611;D2602777;20/10/2025;NG_PEG;S;01/02/2026;31/01/2027;268,300;MWH;38,3710;EUR;EDF_TR;MATCHED
BO905330;D2605683;08/06/2026;PWR_FR;S;01/07/2027;31/07/2027;101,900;MWH;74,5670;EUR;STATKR;MATCHED
BO904086;D2604344;11/03/2026;PWR_FR;B;01/12/2026;31/12/2026;150,200;MWH;107,0120;EUR;UNIPER;MATCHED
BO908961;D2601197;27/04/2026;NG_PEG;B;01/06/2027;31/08/2027;275,800;MWH;26,5285;EUR;ICE_EN;MATCHED
BO908253;D2608784;02/06/2026;PWR_FR;B;01/08/2026;31/10/2026;189,900;MWH;68,0020;EUR;EEX_CL;MATCHED
BO901231;D2601308;11/12/2025;PWR_FR;B;01/09/2026;30/09/2026;133,100;MWH;65,4880;EUR;EDF_TR;MATCHED
BO907830;D2608329;17/12/2025;PWR_FR;S;01/05/2026;30/04/2027;242,800;MWH;56,6700;EUR;RWE;MATCHED
BO902555;D2602716;03/07/2026;NG_PEG;B;01/02/2027;30/04/2027;61,900;MWH;36,5960;EUR;RWE;MATCHED
BO907961;D2608474;01/05/2026;PWR_FR;S;01/05/2026;31/05/2026;64,500;MWH;79,6210;EUR;EDF_TR;MATCHED
BO902376;D2602528;28/01/2026;PWR_FR;B;01/10/2026;31/10/2026;179,000;MWH;85,4310;EUR;RWE;MATCHED
BO903028;D2603231;30/04/2026;NG_PEG;B;01/08/2027;31/10/2027;230,200;MWH;26,5240;EUR;AXPO;MATCHED
BO902339;D2602485;12/12/2025;NG_PEG;S;01/06/2027;31/08/2027;66,500;MWH;22,2250;EUR;UNIPER;MATCHED
BO906123;D2606523;10/04/2026;PWR_FR;S;01/03/2027;31/03/2027;106,700;MWH;76,3940;EUR;EEX_CL;MATCHED
BO904889;D2605211;19/12/2025;PWR_FR;S;01/07/2026;31/07/2026;231,400;MWH;63,3000;EUR;EEX_CL;MATCHED
BO900403;D2600426;08/01/2026;PWR_FR;B;01/01/2026;31/01/2026;710,300;MWH;97,5620;EUR;TOTALE;MATCHED
BO902101;D2602235;29/04/2026;NG_PEG;S;01/09/2027;30/09/2027;398,000;MWH;26,6600;EUR;EDF_TR;MATCHED
BO906430;D2606849;22/09/2025;PWR_FR;S;01/09/2026;30/09/2026;502,500;MWH;78,9880;EUR;SHELL_;MATCHED
BO904415;D2604695;12/08/2025;NG_PEG;B;01/10/2026;30/09/2027;310,200;MWH;36,6560;EUR;TOTALE;MATCHED
BO905277;D2605627;02/07/2026;NG_PEG;B;01/04/2026;30/06/2026;170,400;MWH;30,5470;EUR;ICE_EN;MATCHED
BO904043; D2604300;29/09/2025;NG_PEG;B;01/07/2026;31/07/2026;461,100;MWH;25,1800;EUR;EEX_CL;MATCHED
BO904033;D2604287;11/08/2025;PWR_FR;B;01/06/2026;30/06/2026;258,700;MWH;50,0800;EUR;SHELL_;MATCHED
BO904223;D2604489;31/03/2026;NG_PEG;B;01/01/2026;31/01/2026;102,500;MWH;30,9400;EUR;VITOL;MATCHED
BO900172;D2600183;09/07/2026;PWR_FR;S;01/01/2027;31/01/2027;34,700;MWH;90,1690;EUR;EDF_TR;MATCHED
BO903819;D2604060;18/09/2025;PWR_FR;B;01/12/2027;29/02/2028;519,700;MWH;87,5670;EUR;AXPO;MATCHED
BO902445;D2602599;20/01/2026;PWR_FR;S;01/06/2026;30/06/2026;111,000;MWH;63,4690;EUR;TOTALE;MATCHED
BO908755;D2607360;07/05/2026;NG_PEG;B;01/09/2026;30/09/2026;29,900;MWH;30,4060;EUR;GUNVOR;MATCHED
BO903205;D2603418;19/12/2025;NG_PEG;S;01/04/2026;30/04/2026;68,500;MWH;33,1690;EUR;GUNVOR;MATCHED
BO906645;D2607073;04/11/2025;PWR_FR;S;01/12/2027;29/02/2028;203,700;MWH;83,8920;EUR;EDF_TR;MATCHED
BO904913;D2605235;23/12/2025;NG_PEG;S;01/01/2026;31/01/2026;330,400;MWH;31,5400;EUR;ICE_EN;MATCHED
BO907612;D2608096;08/12/2025;PWR_FR;B;01/12/2027;31/12/2027;168,100;MWH;73,8500;EUR;EDF_TR;MATCHED
BO907552;D2608029;09/01/2026;PWR_FR;B;01/06/2027;31/08/2027;203,900;MWH;59,9920;EUR;EDF_TR;MATCHED
BO905922;D2606310;25/08/2025;NG_PEG;B;01/08/2027;31/10/2027;66,300;MWH;25,7465;EUR;ICE_EN;MATCHED
BO905414;D2605773;06/07/2026;NG_PEG;B;01/09/2026;30/09/2026;66,800;MWH;29,4650;EUR;ICE_EN;MATCHED
BO901335;D2601418;20/03/2026;NG_PEG;B;01/05/2026;31/05/2026;98,000;MWH;24,9760;EUR;MERCUR;CXL
BO906404;D2606822;15/04/2026;PWR_FR;B;01/06/2026;30/06/2026;243,200;MWH;54,8410;EUR;UNIPER;MATCHED
BO901260;D2601338;03/07/2026;PWR_FR;B;01/05/2027;31/05/2027;237,500;MWH;78,5600;EUR;VITOL;MATCHED
BO903439;D2603657;25/08/2025;PWR_FR;S;01/11/2026;31/10/2027;114,100;MWH;88,0200;EUR;UNIPER;MATCHED
BO902045;D2602176;24/11/2025;NG_PEG;S;01/02/2027;28/02/2027;180,900;MWH;42,7930;EUR;TOTALE;CXL
BO905710;D2606091;09/04/2026;PWR_FR;B;01/09/2027;30/09/2027;70,300;MWH;63,4480;EUR;GUNVOR;MATCHED
BO901443;D2601535;19/06/2026;PWR_FR;S;01/10/2027;31/12/2027;62,400;MWH;80,8300;EUR;UNIPER;MATCHED
BO905559;d2605927;05/09/2025;NG_PEG;S;01/11/2026;30/11/2026;144,500;MWH;31,7190;EUR;VITOL;MATCHED
BO906196;D2606601;29/05/2026;NG_PEG;S;01/11/2027;30/11/2027;115,100;MWH;29,6100;EUR;EEX_CL;MATCHED
BO908882;D2608485;28/07/2025;NG_PEG;B;01/11/2027;30/11/2027;714,000;MWH;36,0240;EUR;VITOL;MATCHED
BO907849;D2608350;08/07/2026;PWR_FR;S;01/02/2026;28/02/2026;109,600;MWH;88,1900;EUR;GUNVOR;MATCHED
BO900456;D2600483;29/04/2026;NG_PEG;B;01/01/2027;31/01/2027;127,200;MWH;35,7500;EUR;SHELL_;MATCHED
BO906091;D2606488;15/04/2026;PWR_FR;B;01/09/2027;30/09/2027;185,700;MWH;58,2470;EUR;MERCUR;MATCHED
BO908753;D2604394;09/01/2026;NG_PEG;B;01/12/2026;31/12/2026;592,700;MWH;30,2620;EUR;MERCUR;MATCHED
BO900870;D2600920;12/05/2026;PWR_FR;S;01/04/2026;30/04/2026;557,900;MWH;74,0770;EUR;EEX_CL;MATCHED
BO904795;D2605111;17/06/2026;NG_PEG;S;01/02/2026;31/01/2027;377,900;MWH;36,1660;EUR;VITOL;MATCHED
BO907769;D2608261;09/02/2026;PWR_FR;B;01/06/2026;31/08/2026;1031,700;MWH;52,8990;EUR;ICE_EN;MATCHED
BO906901;D2607342;18/06/2025;NG_PEG;B;01/09/2027;30/11/2027;157,700;MWH;25,6810;EUR;SHELL_;MATCHED
BO904175;D2604437;01/01/2026;PWR_FR;B;01/06/2026;30/06/2026;237,600;MWH;63,5180;EUR;SHELL_;CXL
BO904129;D2604390;31/03/2026;PWR_FR;S;01/10/2026;31/10/2026;224,800;MWH;80,1770;EUR;RWE;MATCHED
BO902517;D2602677;03/07/2025;PWR_FR;B;01/11/2026;31/01/2027;1113,800;MWH;70,9700;EUR;TOTALE;MATCHED
BO907606;D2608090;12/06/2026;PWR_FR;B;01/06/2027;30/06/2027;180,000;MWH;67,0930;EUR;AXPO;MATCHED
BO903427;D2603645;19/05/2026;PWR_FR;B;01/02/2026;28/02/2026;339,700;MWH;104,8620;EUR;STATKR;MATCHED
BO903960;D2604208;21/07/2025;NG_PEG;B;01/03/2026;31/03/2026;114,800;MWH;32,2190;EUR;SHELL_;MATCHED
BO900784;D2600826;17/06/2026;PWR_FR;B;01/04/2026;30/06/2026;216,800;MWH;85,6290;EUR;TOTALE;MATCHED
BO907374;D2607844;20/05/2026;PWR_FR;S;01/06/2027;31/05/2028;71,700;MWH;66,1860;EUR;EDF_TR;MATCHED
BO901740;D2601849;22/09/2025;PWR_FR;B;01/12/2027;31/12/2027;84,700;MWH;82,6020;EUR;ICE_EN;MATCHED
BO904509;D2604797;27/11/2025;PWR_FR;B;01/03/2027;31/03/2027;193,700;MWH;88,6020;EUR;ICE_EN;MATCHED
BO905480;D2605845;01/07/2026;NG_PEG;B;01/05/2027;31/05/2027;376,300;MWH;27,5080;EUR;VITOL;MATCHED
BO902426;D2602580;25/05/2026;PWR_FR;B;01/02/2027;28/02/2027;390,100;MWH;92,6530;EUR;STATKR;CXL
BO901284;D2601362;17/11/2025;NG_PEG;S;01/01/2026;31/01/2026;493,300;MWH;33,8540;EUR;GUNVOR;MATCHED
BO900015;D2600015;10/06/2026;NG_PEG;B;01/06/2027;31/08/2027;188,100;MWH;28,4620;EUR;STATKR;MATCHED
BO904408;D2604688;25/12/2025;PWR_FR;B;01/03/2027;31/05/2027;140,300;MWH;78,3550;EUR;MERCUR;MATCHED
BO903777;D2604016;17/04/2026;PWR_FR;S;01/07/2027;31/07/2027;54,100;MWH;63,7590;EUR;EDF_TR;MATCHED
BO900141;D2600150;24/11/2025;PWR_FR;S;01/10/2026;31/10/2026;102,700;MWH;81,5180;EUR;RWE;MATCHED
BO908162;D2608689;28/08/2025;PWR_FR;S;01/10/2026;31/10/2026;417,000;MWH;72,9430;EUR;STATKR;MATCHED
BO908056;D2608576;06/06/2025;PWR_FR;S;01/06/2026;30/06/2026;388,500;MWH;38,2500;EUR;UNIPER;MATCHED
BO904433;D2604715;18/05/2026;PWR_FR;B;01/01/2026;31/03/2026;370,200;MWH;111,8640;EUR;VITOL;MATCHED
BO906136;D2606536;08/05/2026;PWR_FR;S;01/01/2027;31/03/2027;363,300;MWH;101,4700;EUR;EEX_CL;MATCHED
BO905608;D2605981;04/11/2025;PWR_FR;B;01/02/2026;30/04/2026;123,600;MWH;86,9120;EUR;VITOL;MATCHED
BO902487;D2602642;31/03/2026;NG_PEG;B;01/01/2027;31/03/2027;640,900;MWH;34,8940;EUR;MERCUR;MATCHED
BO907893;D2608402;05/05/2026;NG_PEG;B;01/08/2026;31/08/2026;66,100;MWH;24,6410;EUR;ICE_EN;MATCHED
BO908218;D2608747;09/01/2026;NG_PEG;B;01/08/2027;31/08/2027;126,600;MWH;22,1810;EUR;EDF_TR;MATCHED
BO900418;D2600442;15/08/2025;PWR_FR;B;01/01/2026;31/12/2026;439,200;MWH;91,4970;EUR;STATKR;CXL
BO900286;d2600303;03/09/2025;NG_PEG;S;01/11/2027;30/11/2027;75,500;MWH;33,5110;EUR;EDF_TR;MATCHED
BO905866;D2606254;23/01/2026;NG_PEG;B;01/03/2026;31/05/2026;144,300;MWH;35,9190;EUR;GUNVOR;MATCHED
BO901295;D2601374;17/12/2025;NG_PEG;B;01/05/2026;31/05/2026;78,200;MWH;26,3290;EUR;GUNVOR;MATCHED
BO905319;D2605672;30/09/2025;PWR_FR;B;01/06/2026;31/08/2026;517,300;MWH;65,3640;EUR;EDF_TR;MATCHED
BO907861;D2608366;20/11/2025;NG_PEG;S;01/09/2026;30/09/2026;159,700;MWH;24,8200;EUR;SHELL_;MATCHED
BO908242;D2608773;23/12/2025;PWR_FR;B;01/12/2027;31/12/2027;167,100;MWH;106,7090;EUR;EDF_TR;MATCHED
BO903202;D2603415;27/11/2025;PWR_FR;B;01/02/2026;30/04/2026;166,800;MWH;79,1230;EUR;RWE;MATCHED
BO902334;D2602479;17/06/2026;PWR_FR;S;01/11/2026;30/11/2026;353,900;MWH;73,7490;EUR;EDF_TR;MATCHED
BO900168;D2600179;14/08/2025;PWR_FR;S;01/01/2026;31/03/2026;419,400;MWH;93,7950;EUR;UNIPER;MATCHED
BO901214;d2601290;12/11/2025;PWR_FR;B;01/05/2026;31/05/2026;164,500;MWH;68,0757;EUR;EEX_CL;MATCHED
BO903324;D2603542;06/01/2026;PWR_FR;B;01/01/2026;31/01/2026;424,300;MWH;89,6020;EUR;GUNVOR;MATCHED
BO907761;D2608253;23/04/2026;PWR_FR;S;01/07/2027;30/06/2028;194,000;MWH;66,5920;EUR;RWE;MATCHED
BO905499;D2605866;18/09/2025;PWR_FR;S;01/10/2027;31/10/2027;274,600;MWH;74,7320;EUR;AXPO;MATCHED
BO908453;D2608993;04/02/2026;PWR_FR;S;01/06/2027;31/05/2028;88,900;MWH;67,3890;EUR;ICE_EN;MATCHED
BO906702;D2607134;23/04/2026;NG_PEG;S;01/04/2026;30/06/2026;69,500;MWH;34,7100;EUR;RWE;MATCHED
BO908742;D2601111;21/01/2026;PWR_FR;B;01/01/2026;31/01/2026;158,000;MWH;106,5080;EUR;GUNVOR;MATCHED
BO907685;D2608173;02/02/2026;PWR_FR;B;01/09/2026;30/09/2026;475,100;MWH;77,5070;EUR;UNIPER;MATCHED
BO908217;D2608746;04/02/2026;PWR_FR;B;01/08/2026;31/08/2026;314,600;MWH;67,4990;EUR;EDF_TR;MATCHED
BO900879;D2600930;10/12/2025;PWR_FR;B;01/03/2027;31/03/2027;2375,900;MWH;98,1200;EUR;VITOL;MATCHED
BO900944;D2600997;29/08/2025;NG_PEG;S;01/06/2026;30/06/2026;332,500;MWH;22,5490;EUR;STATKR;MATCHED
BO905148;D2605483;14/07/2026;PWR_FR;S;01/09/2026;30/09/2026;303,700;MWH;64,8270;EUR;SHELL_;MATCHED
BO900366;D2600388;25/07/2025;PWR_FR;S;01/05/2027;31/05/2027;328,300;MWH;81,3840;EUR;ICE_EN;MATCHED
BO907655;D2608142;19/03/2026;NG_PEG;B;01/10/2026;31/10/2026;277,900;MWH;29,0290;EUR;GUNVOR;MATCHED
BO905603;D2605976;06/06/2025;NG_PEG;S;01/10/2027;30/09/2028;51,800;MWH;32,1710;EUR;GUNVOR;MATCHED
BO901048;D2601114;24/09/2025;PWR_FR;B;01/02/2027;28/02/2027;89,300;MWH;95,1110;EUR;EEX_CL;MATCHED
BO904741;D2605051;09/07/2026;PWR_FR;S;01/08/2027;31/08/2027;315,000;MWH;49,3710;EUR;ICE_EN;MATCHED
BO905652;D2606029;08/04/2026;NG_PEG;S;01/09/2026;30/11/2026;85,300;MWH;30,9230;EUR;UNIPER;MATCHED
BO901719; D2601827;08/07/2025;PWR_FR;S;01/10/2027;31/10/2027;354,400;MWH;71,2760;EUR;EEX_CL;MATCHED
BO906788;D2607221;16/12/2025;PWR_FR;B;01/01/2026;31/01/2026;420,800;MWH;112,9970;EUR;STATKR;MATCHED
BO903654;D2603884;08/10/2025;PWR_FR;B;01/06/2027;30/06/2027;149,900;MWH;74,5740;EUR;STATKR;MATCHED
BO902104;D2602238;30/07/2025;PWR_FR;S;01/05/2026;31/05/2026;101,800;MWH;80,1670;EUR;RWE;MATCHED
BO908073;D2608593;10/02/2026;PWR_FR;S;01/10/2026;31/12/2026;829,900;MWH;67,8120;EUR;SHELL_;MATCHED
BO908735;D2603117;09/02/2026;NG_PEG;S;01/08/2027;31/07/2028;496,400;MWH;25,1600;EUR;STATKR;MATCHED
BO905873;D2606261;09/10/2025;PWR_FR;B;01/10/2027;31/10/2027;254,300;MWH;77,4330;EUR;MERCUR;MATCHED
BO901917;D2602042;12/05/2026;NG_PEG;S;01/08/2027;31/08/2027;75,000;MWH;26,2990;EUR;UNIPER;MATCHED
BO903261;D2603477;15/10/2025;PWR_FR;S;01/10/2027;31/10/2027;60,600;MWH;81,1520;EUR;AXPO;MATCHED
BO901624;D2601729;08/01/2026;NG_PEG;B;01/08/2026;31/08/2026;94,500;MWH;23,3150;EUR;MERCUR;MATCHED
BO902277;D2602419;27/10/2025;PWR_FR;S;01/02/2026;28/02/2026;68,200;MWH;99,1520;EUR;VITOL;CXL
BO902780;D2602964;08/06/2026;PWR_FR;S;01/10/2026;30/09/2027;560,400;MWH;60,4570;EUR;TOTALE;MATCHED
BO901684;D2601791;09/07/2026;NG_PEG;S;01/05/2027;31/05/2027;155,200;MWH;26,1491;EUR;ICE_EN;MATCHED
BO905418;D2605777;12/09/2025;PWR_FR;S;01/09/2026;30/11/2026;158,500;MWH;64,0970;EUR;ICE_EN;MATCHED
BO900766;D2600808;25/11/2025;PWR_FR;B;01/12/2027;31/12/2027;192,600;MWH;88,0880;EUR;MERCUR;MATCHED
BO901790;D2601901;03/04/2026;NG_PEG;S;01/04/2026;30/04/2026;187,500;MWH;37,6760;EUR;VITOL;MATCHED
BO902979;D2603176;03/07/2025;PWR_FR;B;01/12/2026;31/12/2026;89,800;MWH;108,4000;EUR;RWE;MATCHED
BO907005;D2607453;30/06/2025;NG_PEG;S;01/05/2027;31/05/2027;572,700;MWH;26,7770;EUR;MERCUR;MATCHED
BO900245;D2600259;27/06/2025;PWR_FR;B;01/03/2026;31/03/2026;301,400;MWH;66,1540;EUR;VITOL;MATCHED
BO900616;D2600656;11/12/2025;PWR_FR;B;01/11/2026;31/01/2027;743,900;MWH;84,6120;EUR;ICE_EN;MATCHED
BO903985;D2604236;10/12/2025;PWR_FR;B;01/09/2026;30/09/2026;109,700;MWH;75,5430;EUR;UNIPER;MATCHED
BO903463;D2603681;31/12/2025;PWR_FR;B;01/12/2026;28/02/2027;255,600;MWH;103,4384;EUR;TOTALE;MATCHED
BO904229;D2604495;19/01/2026;NG_PEG;B;01/04/2027;30/04/2027;1479,900;MWH;28,9560;EUR;TOTALE;MATCHED
BO904313;D2604584;04/09/2025;NG_PEG;B;01/06/2026;31/08/2026;35,200;MWH;22,1210;EUR;VITOL;MATCHED
BO905023;D2605351;05/12/2025;NG_PEG;B;01/05/2027;31/05/2027;125,900;MWH;26,8480;EUR;ICE_EN;MATCHED
BO906321;D2606735;24/12/2025;PWR_FR;B;01/04/2026;30/04/2026;460,800;MWH;90,6230;EUR;EDF_TR;MATCHED
BO907478;D2607951;23/09/2025;PWR_FR;B;01/01/2026;31/01/2026;677,800;MWH;96,5670;EUR;TOTALE;MATCHED
BO904888;D2605210;09/09/2025;PWR_FR;S;01/01/2027;31/01/2027;179,100;MWH;80,6790;EUR;STATKR;MATCHED
BO903149;D2603357;18/09/2025;NG_PEG;S;01/09/2027;30/11/2027;333,800;MWH;28,1610;EUR;UNIPER;MATCHED
BO901899;D2602023;29/12/2025;PWR_FR;S;01/06/2026;30/06/2026;130,700;MWH;68,6880;EUR;EDF_TR;MATCHED
BO906792;D2607226;22/05/2026;PWR_FR;S;01/03/2027;31/03/2027;376,000;MWH;85,3690;EUR;VITOL;MATCHED
BO902754;D2602933;12/02/2026;PWR_FR;B;01/12/2026;28/02/2027;58,900;MWH;106,1370;EUR;UNIPER;MATCHED
BO907335;D2607804;17/07/2025;PWR_FR;B;01/06/2027;30/06/2027;62,100;MWH;57,6380;EUR;RWE;MATCHED
BO908844;D2601124;10/07/2026;NG_PEG;B;01/11/2027;30/11/2027;319,900;MWH;36,5670;EUR;MERCUR;MATCHED
BO902140;D2602275;06/02/2026;NG_PEG;S;01/02/2027;28/02/2027;45,300;MWH;32,1470;EUR;EDF_TR;MATCHED
BO905173;D2605510;03/09/2025;PWR_FR;S;01/07/2026;31/07/2026;725,300;MWH;57,1640;EUR;AXPO;MATCHED
BO900759;D2600801;01/06/2026;NG_PEG;S;01/06/2027;30/06/2027;100,800;MWH;23,2230;EUR;ICE_EN;MATCHED
BO903606;D2603833;21/05/2026;PWR_FR;B;01/12/2026;28/02/2027;564,400;MWH;85,5710;EUR;STATKR;MATCHED
BO901923;D2602049;15/06/2026;PWR_FR;B;01/05/2027;31/05/2027;62,600;MWH;80,7520;EUR;STATKR;MATCHED
BO900250;D2600265;26/12/2025;NG_PEG;B;01/03/2026;31/03/2026;320,900;MWH;32,2330;EUR;STATKR;MATCHED
BO903432;D2603650;16/06/2026;PWR_FR;B;01/03/2027;31/03/2027;423,300;MWH;103,1320;EUR;MERCUR;MATCHED
BO903176;D2603386;06/05/2026;PWR_FR;B;01/02/2027;30/04/2027;149,000;MWH;81,0910;EUR;SHELL_;MATCHED
BO907428;D2607901;28/08/2025;PWR_FR;B;01/02/2027;28/02/2027;232,200;MWH;107,2720;EUR;GUNVOR;MATCHED
BO901777;D2601887;27/11/2025;NG_PEG;B;01/01/2027;31/12/2027;205,400;MWH;38,0100;EUR;GUNVOR;MATCHED
BO904396;D2604675;25/06/2025;PWR_FR;S;01/05/2027;31/05/2027;186,300;MWH;81,1700;EUR;AXPO;MATCHED
BO907388;D2607859;18/12/2025;PWR_FR;B;01/07/2026;30/09/2026;1280,500;MWH;69,6950;EUR;GUNVOR;MATCHED
BO902322;D2602467;11/05/2026;NG_PEG;S;01/08/2026;31/07/2027;219,200;MWH;25,7070;EUR;AXPO;MATCHED
BO908812;D2601651;01/05/2026;PWR_FR;S;01/11/2027;30/11/2027;60,000;MWH;97,3280;EUR;UNIPER;MATCHED
BO905942;D2606333;26/06/2026;PWR_FR;B;01/02/2027;28/02/2027;300,100;MWH;92,5230;EUR;MERCUR;MATCHED
BO904563;D2604855;16/09/2025;NG_PEG;B;01/05/2027;31/05/2027;389,500;MWH;30,6650;EUR;EDF_TR;MATCHED
BO906728;D2607160;16/01/2026;NG_PEG;B;01/09/2027;30/09/2027;98,300;MWH;25,8160;EUR;TOTALE;MATCHED
BO906945;D2607388;08/09/2025;PWR_FR;S;01/02/2026;28/02/2026;117,600;MWH;120,4640;EUR;SHELL_;MATCHED
BO908417;D2608957;29/08/2025;PWR_FR;B;01/03/2026;31/03/2026;212,200;MWH;62,7970;EUR;EEX_CL;MATCHED
BO904480;D2604765;25/12/2025;NG_PEG;B;01/02/2027;28/02/2027;300,100;MWH;35,1270;EUR;UNIPER;MATCHED
BO900834;D2600881;12/11/2025;PWR_FR;B;01/10/2026;31/10/2026;193,600;MWH;81,3500;EUR;STATKR;MATCHED
BO903467;D2603685;02/07/2026;PWR_FR;S;01/07/2027;31/07/2027;316,000;MWH;57,5340;EUR;TOTALE;MATCHED
BO908102;D2608625;12/11/2025;PWR_FR;B;01/05/2027;31/05/2027;112,200;MWH;78,9630;EUR;TOTALE;MATCHED
BO906421;D2606840;13/03/2026;PWR_FR;S;01/01/2027;31/01/2027;555,000;MWH;111,5280;EUR;VITOL;MATCHED
BO904008;D2604259;07/10/2025;PWR_FR;B;01/04/2027;30/04/2027;184,100;MWH;72,8310;EUR;ICE_EN;MATCHED
BO906315;D2606728;16/10/2025;PWR_FR;B;01/07/2026;31/07/2026;191,800;MWH;48,4760;EUR;GUNVOR;MATCHED
BO908535;D2603076;25/03/2026;NG_PEG;S;01/08/2027;31/08/2027;757,600;MWH;25,9580;EUR;TOTALE;MATCHED
BO902954;D2603149;15/01/2026;PWR_FR;B;01/10/2027;31/10/2027;648,800;MWH;73,8470;EUR;ICE_EN;MATCHED
BO902186;D2602323;31/07/2025;PWR_FR;B;01/06/2027;31/08/2027;200,600;MWH;65,0260;EUR;VITOL;MATCHED
BO904431;d2604713;30/07/2025;PWR_FR;S;01/12/2026;31/12/2026;353,000;MWH;95,8840;EUR;EDF_TR;MATCHED
BO901010;D2601070;29/05/2026;PWR_FR;S;01/08/2027;31/10/2027;204,600;MWH;62,2000;EUR;EEX_CL;MATCHED
BO901525;D2601623;03/02/2026;PWR_FR;S;01/06/2027;30/06/2027;374,800;MWH;60,3860;EUR;TOTALE;MATCHED
BO907839;D2608339;15/04/2026;NG_PEG;S;01/08/2027;31/08/2027;501,300;MWH;18,9390;EUR;TOTALE;MATCHED
BO905359;D2605714;21/11/2025;PWR_FR;B;01/05/2026;31/07/2026;1072,600;MWH;65,2930;EUR;AXPO;MATCHED
BO905950;D2606341;18/02/2026;PWR_FR;B;01/12/2026;31/12/2026;275,300;MWH;89,6120;EUR;STATKR;MATCHED
BO906517;D2606938;23/12/2025;NG_PEG;S;01/06/2026;30/06/2026;150,400;MWH;21,7620;EUR;TOTALE;MATCHED
BO900713;D2600755;09/06/2026;PWR_FR;B;01/05/2026;31/05/2026;92,900;MWH;70,9830;EUR;TOTALE;MATCHED
BO905578; D2605948;01/06/2026;PWR_FR;B;01/04/2027;30/04/2027;68,000;MWH;68,4080;EUR;GUNVOR;MATCHED
BO907052;D2607501;02/09/2025;NG_PEG;B;01/02/2026;30/04/2026;227,500;MWH;38,1440;EUR;MERCUR;MATCHED
BO906491;D2606911;06/06/2025;NG_PEG;S;01/08/2026;31/08/2026;105,500;MWH;23,7240;EUR;VITOL;MATCHED
BO908147;D2608674;21/04/2026;NG_PEG;B;01/03/2026;31/05/2026;156,900;MWH;33,3480;EUR;STATKR;MATCHED
BO907077;D2607528;19/11/2025;PWR_FR;B;01/01/2026;31/03/2026;354,500;MWH;87,9950;EUR;EDF_TR;CXL
BO908474;D2605320;24/07/2026;PWR_FR;B;01/10/2027;31/10/2027;343,300;MWH;72,8820;EUR;TOTALE;MATCHED
BO907141;D2607598;09/06/2025;PWR_FR;B;01/08/2026;31/08/2026;51,000;MWH;60,7180;EUR;STATKR;MATCHED
BO901667;D2601774;12/02/2026;NG_PEG;B;01/09/2026;30/09/2026;87,800;MWH;28,1150;EUR;RWE;MATCHED
BO902217;D2602355;14/07/2025;PWR_FR;S;01/04/2026;30/04/2026;531,700;MWH;83,0630;EUR;MERCUR;MATCHED
BO901758;D2601867;23/09/2025;PWR_FR;S;01/11/2027;31/01/2028;144,700;MWH;78,4060;EUR;RWE;MATCHED
BO908123;D2608647;12/02/2026;NG_PEG;S;01/02/2026;28/02/2026;364,400;MWH;32,5150;EUR;EEX_CL;MATCHED
BO906802;D2607239;13/10/2025;PWR_FR;B;01/05/2026;31/07/2026;270,600;MWH;77,4120;EUR;GUNVOR;MATCHED
BO901666;D2601773;03/07/2025;NG_PEG;B;01/02/2026;28/02/2026;131,700;MWH;43,1640;EUR;VITOL;MATCHED
BO907228;D2607689;01/07/2026;PWR_FR;B;01/04/2026;30/06/2026;122,200;MWH;77,6900;EUR;SHELL_;MATCHED
BO908613;D2605456;02/10/2025;PWR_FR;S;01/07/2027;31/07/2027;675,100;MWH;63,0440;EUR;SHELL_;MATCHED
BO904463;D2604747;12/09/2025;NG_PEG;B;01/04/2027;31/03/2028;222,200;MWH;33,3390;EUR;GUNVOR;MATCHED
BO906275;D2606686;12/11/2025;PWR_FR;S;01/12/2026;31/12/2026;870,600;MWH;114,1820;EUR;STATKR;MATCHED
BO902148;D2602284;03/04/2026;PWR_FR;B;01/05/2026;31/07/2026;211,900;MWH;80,9660;EUR;AXPO;MATCHED
BO908347;D2608883;17/04/2026;PWR_FR;B;01/03/2027;31/03/2027;172,500;MWH;98,7310;EUR;STATKR;MATCHED
BO908455;D2608995;12/06/2026;NG_PEG;B;01/01/2027;31/03/2027;525,200;MWH;37,3830;EUR;UNIPER;MATCHED
BO907129;D2607586;30/06/2026;PWR_FR;B;01/03/2027;31/05/2027;226,500;MWH;87,7550;EUR;EEX_CL;MATCHED
BO907482;D2607955;11/05/2026;NG_PEG;S;01/05/2026;31/05/2026;168,500;MWH;26,6970;EUR;EDF_TR;MATCHED
BO908457;D2608997;21/07/2025;NG_PEG;S;01/12/2027;31/12/2027;1424,100;MWH;41,7040;EUR;GUNVOR;MATCHED
BO906577;D2607001;28/08/2025;PWR_FR;S;01/02/2026;28/02/2026;219,100;MWH;124,1530;EUR;MERCUR;MATCHED
BO901515;D2601612;22/06/2026;NG_PEG;B;01/09/2026;31/08/2027;116,200;MWH;25,0930;EUR;AXPO;MATCHED
BO901847;D2601964;13/11/2025;PWR_FR;S;01/01/2026;31/01/2026;119,100;MWH;94,9140;EUR;STATKR;MATCHED
BO907647;D2608134;03/04/2026;PWR_FR;S;01/01/2026;31/03/2026;153,300;MWH;88,3030;EUR;STATKR;MATCHED
BO905630;D2606007;05/05/2026;PWR_FR;B;01/09/2026;30/09/2026;666,000;MWH;77,5890;EUR;AXPO;MATCHED
BO905013;D2605341;22/10/2025;PWR_FR;B;01/07/2026;30/09/2026;242,400;MWH;51,0120;EUR;EEX_CL;MATCHED
BO902985;D2603183;21/08/2025;PWR_FR;S;01/09/2027;30/09/2027;2040,800;MWH;73,1830;EUR;TOTALE;CXL
BO901967;D2602095;14/11/2025;PWR_FR;S;01/12/2026;31/12/2026;135,400;MWH;84,7310;EUR;EDF_TR;MATCHED
BO907535;D2608010;22/12/2025;PWR_FR;B;01/06/2026;31/05/2027;431,300;MWH;60,7570;EUR;AXPO;MATCHED
BO902297;D2602441;24/07/2025;NG_PEG;S;01/07/2026;30/09/2026;159,200;MWH;23,0720;EUR;UNIPER;MATCHED
BO907759;D2608251;18/02/2026;PWR_FR;S;01/08/2026;31/10/2026;266,400;MWH;54,7660;EUR;RWE;MATCHED
BO902703;D2602875;19/01/2026;NG_PEG;B;01/05/2027;31/05/2027;113,300;MWH;30,0390;EUR;ICE_EN;MATCHED
BO905533;D2605901;18/05/2026;NG_PEG;B;01/11/2026;30/11/2026;431,100;MWH;34,5210;EUR;VITOL;MATCHED
BO907801;D2608297;22/09/2025;PWR_FR;B;01/04/2027;30/04/2027;356,900;MWH;90,9140;EUR;UNIPER;MATCHED
BO906225;D2606633;25/06/2026;PWR_FR;B;01/01/2026;31/01/2026;246,700;MWH;117,1830;EUR;GUNVOR;MATCHED
BO905201;D2605541;31/10/2025;PWR_FR;S;01/06/2027;30/06/2027;105,900;MWH;66,4660;EUR;STATKR;CXL
BO908027;D2608546;29/08/2025;PWR_FR;B;01/11/2026;30/11/2026;332,100;MWH;92,0200;EUR;SHELL_;MATCHED
BO900186;D2600197;19/09/2025;NG_PEG;S;01/02/2027;28/02/2027;23,300;MWH;39,6210;EUR;UNIPER;MATCHED
BO903087;D2603293;10/12/2025;PWR_FR;B;01/12/2027;31/12/2027;84,500;MWH;113,0430;EUR;ICE_EN;MATCHED
BO906899;D2607340;18/12/2025;NG_PEG;S;01/02/2027;30/04/2027;128,000;MWH;37,2150;EUR;EEX_CL;MATCHED
BO900019;D2600019;01/01/2026;PWR_FR;B;01/12/2026;31/12/2026;93,100;MWH;95,9370;EUR;GUNVOR;CXL
BO906528;D2606949;14/07/2025;NG_PEG;S;01/08/2027;31/08/2027;37,600;MWH;20,9990;EUR;RWE;MATCHED
BO906174; D2606577;27/10/2025;NG_PEG;B;01/10/2027;31/10/2027;361,600;MWH;31,5770;EUR;ICE_EN;MATCHED
BO907575;D2608055;20/06/2025;PWR_FR;B;01/05/2027;31/05/2027;260,700;MWH;64,2280;EUR;AXPO;MATCHED
BO905425;D2605784;20/02/2026;PWR_FR;B;01/06/2027;30/06/2027;901,000;MWH;60,8850;EUR;UNIPER;MATCHED
BO901275;D2601353;07/07/2025;PWR_FR;S;01/01/2027;31/01/2027;68,600;MWH;102,3600;EUR;UNIPER;MATCHED
BO903839;D2604081;17/06/2025;PWR_FR;S;01/04/2026;30/04/2026;375,400;MWH;76,8590;EUR;ICE_EN;MATCHED
BO901608;D2601713;02/06/2026;NG_PEG;B;01/05/2027;31/07/2027;1724,200;MWH;21,0520;EUR;GUNVOR;MATCHED
BO904182;D2604445;22/06/2026;NG_PEG;B;01/09/2026;30/11/2026;140,000;MWH;28,6760;EUR;GUNVOR;MATCHED
BO903645;D2603874;10/06/2026;PWR_FR;S;01/12/2026;31/12/2026;206,200;MWH;101,0750;EUR;RWE;MATCHED
BO906495;D2606915;30/06/2025;PWR_FR;B;01/03/2026;31/05/2026;390,100;MWH;75,7600;EUR;UNIPER;MATCHED
BO908818;D2608023;16/12/2025;NG_PEG;B;01/03/2027;31/03/2027;714,600;MWH;34,3560;EUR;AXPO;MATCHED
BO907087;D2607540;15/07/2025;PWR_FR;B;01/11/2026;31/01/2027;135,400;MWH;103,5920;EUR;EEX_CL;MATCHED
BO906046;D2606441;19/01/2026;NG_PEG;B;01/09/2026;30/09/2026;234,400;MWH;24,8050;EUR;VITOL;MATCHED
BO907093;D2607547;10/12/2025;PWR_FR;B;01/12/2027;31/12/2027;220,800;MWH;83,2620;EUR;STATKR;MATCHED
BO904499;D2604785;02/12/2025;PWR_FR;B;01/06/2026;30/06/2026;384,800;MWH;59,9960;EUR;RWE;MATCHED
BO901715;D2601823;24/10/2025;PWR_FR;B;01/03/2026;31/03/2026;413,500;MWH;80,6710;EUR;GUNVOR;MATCHED
BO904189;D2604453;03/09/2025;NG_PEG;S;01/10/2027;31/10/2027;158,900;MWH;31,2430;EUR;STATKR;MATCHED
BO906173;D2606576;18/08/2025;NG_PEG;B;01/04/2027;30/04/2027;243,900;MWH;35,9750;EUR;EEX_CL;MATCHED
BO900949;D2601002;10/03/2026;NG_PEG;B;01/12/2027;31/12/2027;688,500;MWH;35,8660;EUR;SHELL_;MATCHED
BO907051;D2607500;30/12/2025;NG_PEG;S;01/04/2027;30/06/2027;213,600;MWH;29,5090;EUR;MERCUR;MATCHED
BO900387;D2600410;02/10/2025;NG_PEG;S;01/12/2026;31/12/2026;426,300;MWH;40,9000;EUR;RWE;MATCHED
BO900888;D2600939;19/06/2025;PWR_FR;B;01/05/2027;31/07/2027;128,900;MWH;56,1960;EUR;UNIPER;MATCHED
BO908679;D2607533;22/09/2025;PWR_FR;B;01/10/2026;31/12/2026;705,300;MWH;66,9200;EUR;VITOL;MATCHED
BO901518;D2601616;30/01/2026;NG_PEG;S;01/12/2027;31/12/2027;85,900;MWH;31,4440;EUR;TOTALE;MATCHED
BO903480;D2603700;29/09/2025;PWR_FR;B;01/04/2026;30/06/2026;169,300;MWH;85,9700;EUR;ICE_EN;MATCHED
BO902969;D2603165;15/07/2026;PWR_FR;B;01/02/2027;28/02/2027;230,200;MWH;101,4430;EUR;MERCUR;MATCHED
BO903813;D2604053;09/06/2026;PWR_FR;S;01/09/2026;30/09/2026;180,200;MWH;52,3520;EUR;TOTALE;MATCHED
BO905448;D2605811;01/07/2025;NG_PEG;B;01/11/2026;30/11/2026;341,200;MWH;31,6840;EUR;GUNVOR;MATCHED
BO903116;D2603323;26/06/2025;NG_PEG;B;01/07/2027;31/07/2027;365,100;MWH;24,9290;EUR;EDF_TR;MATCHED
BO901599;D2601703;10/12/2025;NG_PEG;S;01/10/2027;31/10/2027;81,300;MWH;29,9710;EUR;UNIPER;MATCHED
BO900432;D2600458;30/07/2025;PWR_FR;S;01/07/2026;31/07/2026;787,900;MWH;62,5090;EUR;SHELL_;MATCHED
BO905077;D2605407;23/10/2025;NG_PEG;B;01/07/2027;31/07/2027;61,000;MWH;24,2560;EUR;VITOL;MATCHED
BO906096;D2606495;13/11/2025;NG_PEG;S;01/12/2026;31/12/2026;187,600;MWH;36,6380;EUR;AXPO;MATCHED
BO904244;D2604512;28/10/2025;NG_PEG;S;01/08/2026;31/10/2026;185,600;MWH;25,8260;EUR;GUNVOR;MATCHED
BO905110;D2605442;14/01/2026;NG_PEG;B;01/09/2026;30/09/2026;175,700;MWH;25,8020;EUR;GUNVOR;CXL
BO907561;D2608040;07/04/2026;PWR_FR;B;01/08/2026;31/08/2026;247,100;MWH;68,4930;EUR;AXPO;MATCHED
BO903619;D2603846;28/10/2025;PWR_FR;B;01/08/2026;31/08/2026;142,600;MWH;61,8580;EUR;STATKR;MATCHED
BO904347;D2604621;04/03/2026;PWR_FR;B;01/02/2026;30/04/2026;41,800;MWH;86,2960;EUR;MERCUR;MATCHED
BO904199;D2604463;02/09/2025;NG_PEG;S;01/06/2027;30/06/2027;274,800;MWH;21,8570;EUR;AXPO;MATCHED
BO901193;D2601269;17/12/2025;NG_PEG;B;01/05/2026;31/05/2026;390,000;MWH;26,5550;EUR;AXPO;MATCHED
BO907243;D2607705;25/09/2025;PWR_FR;B;01/04/2026;31/03/2027;70,800;MWH;76,4710;EUR;TOTALE;CXL
BO904951;D2605277;30/06/2026;NG_PEG;B;01/02/2026;28/02/2026;151,000;MWH;39,4620;EUR;EEX_CL;MATCHED
BO900393;D2600416;28/01/2026;NG_PEG;S;01/06/2027;30/06/2027;446,300;MWH;22,4530;EUR;AXPO;MATCHED
BO905472;D2605835;05/08/2025;PWR_FR;S;01/05/2027;31/05/2027;109,500;MWH;74,0250;EUR;RWE;MATCHED
BO900595;D2600634;18/08/2025;PWR_FR;S;01/10/2026;31/10/2026;329,600;MWH;66,2490;EUR;UNIPER;MATCHED
BO905227;D2605569;20/02/2026;NG_PEG;B;01/04/2027;30/04/2027;187,100;MWH;27,8500;EUR;MERCUR;MATCHED
BO903766;D2604003;14/10/2025;PWR_FR;S;01/09/2027;30/09/2027;43,000;MWH;74,5450;EUR;MERCUR;MATCHED
BO900213;D2600226;07/10/2025;PWR_FR;B;01/06/2026;31/08/2026;478,800;MWH;60,1560;EUR;RWE;MATCHED
BO904261;D2604530;27/04/2026;PWR_FR;B;01/09/2026;30/11/2026;134,500;MWH;59,9570;EUR;VITOL;MATCHED
BO906152;D2606553;06/02/2026;NG_PEG;B;01/09/2027;30/09/2027;48,400;MWH;27,3960;EUR;MERCUR;MATCHED
BO907620;D2608106;16/12/2025;PWR_FR;S;01/09/2027;30/11/2027;839,300;MWH;61,0580;EUR;EEX_CL;MATCHED
BO906098;D2606497;18/02/2026;NG_PEG;S;01/04/2027;30/04/2027;172,800;MWH;29,0390;EUR;EDF_TR;MATCHED
BO906318;D2606731;22/05/2026;PWR_FR;S;01/06/2026;30/06/2026;135,900;MWH;57,6720;EUR;GUNVOR;MATCHED
BO907442;D2607915;04/11/2025;NG_PEG;S;01/08/2027;31/08/2027;347,900;MWH;24,1820;EUR;STATKR;MATCHED
BO904968;D2605294;18/09/2025;PWR_FR;S;01/02/2027;30/04/2027;557,800;MWH;97,2690;EUR;VITOL;MATCHED
BO907150;D2607607;26/01/2026;PWR_FR;B;01/03/2026;31/03/2026;676,700;MWH;105,3730;EUR;RWE;MATCHED
BO906546;D2606968;14/05/2026;NG_PEG;S;01/07/2027;30/06/2028;308,700;MWH;25,1270;EUR;EDF_TR;MATCHED
BO903089;D2603295;23/09/2025;PWR_FR;S;01/01/2026;31/01/2026;429,500;MWH;112,7960;EUR;TOTALE;MATCHED
BO900147;D2600156;25/02/2026;PWR_FR;B;01/11/2026;31/01/2027;144,200;MWH;78,5260;EUR;EEX_CL;MATCHED
BO908924;D2607615;06/05/2026;PWR_FR;B;01/06/2027;30/06/2027;300,500;MWH;52,8630;EUR;RWE;MATCHED
BO901444;D2601536;19/11/2025;PWR_FR;B;01/10/2027;31/10/2027;789,400;MWH;64,3480;EUR;SHELL_;MATCHED
BO902497;D2602652;30/12/2025;PWR_FR;S;01/08/2027;31/08/2027;256,400;MWH;63,8470;EUR;MERCUR;MATCHED
BO901354;D2601437;04/06/2025;NG_PEG;B;01/01/2027;31/01/2027;72,800;MWH;41,5550;EUR;GUNVOR;MATCHED
BO907246;D2607709;15/07/2026;NG_PEG;B;01/02/2026;28/02/2026;39,200;MWH;36,8660;EUR;SHELL_;MATCHED
BO990071;D9500071;31/03/2026;PWR_FR;S;01/06/2027;30/06/2027;143,900;MWH;67,1850;EUR;VITOL;MATCHED
BO906330;D2606744;03/02/2026;PWR_FR;S;01/01/2027;31/01/2027;135,300;MWH;83,8390;EUR;ICE_EN;MATCHED
BO907271;D2607735;14/04/2026;PWR_FR;B;01/10/2026;31/10/2026;554,300;MWH;72,6210;EUR;SHELL_;MATCHED
BO903268;D2603485;04/08/2025;PWR_FR;B;01/12/2027;31/12/2027;263,100;MWH;85,2690;EUR;STATKR;MATCHED
BO903499;D2603719;31/10/2025;NG_PEG;B;01/10/2027;31/10/2027;171,100;MWH;31,4160;EUR;UNIPER;MATCHED
BO902902;D2603096;12/12/2025;PWR_FR;B;01/08/2026;31/08/2026;28,200;MWH;65,3370;EUR;AXPO;MATCHED
BO902522;D2602682;09/07/2025;NG_PEG;B;01/11/2027;31/01/2028;2542,800;MWH;36,4180;EUR;GUNVOR;MATCHED
BO903668;D2603898;25/06/2025;PWR_FR;B;01/02/2027;28/02/2027;536,700;MWH;89,1390;EUR;EDF_TR;MATCHED
BO908226;D2608756;24/02/2026;PWR_FR;B;01/09/2027;30/09/2027;620,700;MWH;71,1240;EUR;SHELL_;MATCHED
BO906986;D2607432;13/06/2025;NG_PEG;B;01/12/2026;31/12/2026;154,300;MWH;39,2740;EUR;EDF_TR;MATCHED
BO904027;D2604281;04/06/2026;NG_PEG;S;01/11/2026;30/11/2026;44,300;MWH;32,8720;EUR;TOTALE;MATCHED
BO901383;D2601471;11/03/2026;PWR_FR;B;01/07/2027;31/07/2027;620,400;MWH;53,4500;EUR;TOTALE;MATCHED
BO903540;D2603761;06/08/2025;NG_PEG;B;01/11/2026;31/10/2027;678,600;MWH;32,4580;EUR;TOTALE;MATCHED
BO903742;d2603976;20/01/2026;PWR_FR;S;01/02/2026;30/04/2026;98,000;MWH;111,8320;EUR;ICE_EN;MATCHED
BO908021;D2608540;20/11/2025;PWR_FR;S;01/10/2026;31/10/2026;31,700;MWH;78,6180;EUR;EDF_TR;MATCHED
BO907078;D2607529;01/06/2026;PWR_FR;S;01/07/2026;30/09/2026;57,100;MWH;63,8840;EUR;RWE;MATCHED
BO905144;D2605479;26/05/2026;PWR_FR;S;01/12/2026;31/12/2026;135,600;MWH;95,0900;EUR;RWE;MATCHED
BO990081;D9500081;12/06/2026;NG_PEG;B;01/07/2027;30/09/2027;200,200;MWH;24,0680;EUR;AXPO;MATCHED
BO901024;D2601087;09/02/2026;PWR_FR;B;01/08/2026;31/08/2026;583,800;MWH;52,5630;EUR;TOTALE;MATCHED
BO902285;D2602427;18/12/2025;NG_PEG;B;01/01/2026;31/01/2026;596,900;MWH;36,8770;EUR;GUNVOR;MATCHED
BO902596;D2602762;21/05/2026;PWR_FR;B;01/02/2027;28/02/2027;57,600;MWH;85,0530;EUR;RWE;MATCHED
BO901296;D2601375;18/03/2026;PWR_FR;B;01/12/2026;31/12/2026;546,400;MWH;99,8150;EUR;ICE_EN;MATCHED
BO907649;D2608136;30/01/2026;PWR_FR;S;01/09/2026;30/09/2026;1143,200;MWH;64,9800;EUR;RWE;MATCHED
BO903307;D2603525;02/12/2025;PWR_FR;B;01/10/2026;31/10/2026;1229,500;MWH;69,7370;EUR;GUNVOR;MATCHED
BO904990;D2605316;27/08/2025;NG_PEG;S;01/02/2027;28/02/2027;170,000;MWH;30,9190;EUR;STATKR;MATCHED
BO902726;D2602899;10/07/2026;PWR_FR;B;01/06/2027;31/08/2027;186,100;MWH;59,9900;EUR;STATKR;MATCHED
BO908146;D2608673;03/02/2026;PWR_FR;S;01/01/2026;31/12/2026;77,400;MWH;94,4060;EUR;EDF_TR;MATCHED
BO908725;D2606422;16/09/2025;NG_PEG;S;01/09/2026;31/08/2027;1413,300;MWH;28,7500;EUR;SHELL_;MATCHED
BO905196;D2605536;10/10/2025;NG_PEG;S;01/11/2027;30/11/2027;60,200;MWH;31,3560;EUR;EDF_TR;MATCHED
BO903043;D2603246;02/02/2026;PWR_FR;S;01/03/2026;31/05/2026;187,600;MWH;77,6990;EUR;RWE;MATCHED
BO904843;D2605161;06/02/2026;PWR_FR;B;01/04/2027;30/04/2027;88,800;MWH;61,4520;EUR;EEX_CL;MATCHED
BO902712;D2602884;23/04/2026;PWR_FR;B;01/04/2027;30/04/2027;2675,300;MWH;82,4670;EUR;GUNVOR;MATCHED
BO905949;D2606340;26/06/2026;PWR_FR;B;01/07/2027;31/07/2027;617,500;MWH;57,1110;EUR;SHELL_;MATCHED
BO905094;D2605426;06/06/2025;PWR_FR;S;01/08/2027;31/08/2027;97,700;MWH;65,8310;EUR;EEX_CL;MATCHED
BO906515;D2606936;25/05/2026;PWR_FR;B;01/09/2026;30/09/2026;1284,100;MWH;74,9200;EUR;STATKR;MATCHED
BO908539;D2608493;15/08/2025;PWR_FR;S;01/04/2027;30/04/2027;465,300;MWH;75,4740;EUR;UNIPER;MATCHED
BO900100;D2600105;10/06/2025;PWR_FR;S;01/04/2026;30/04/2026;376,400;MWH;79,0390;EUR;GUNVOR;MATCHED
BO904420;D2604701;01/12/2025;PWR_FR;B;01/02/2027;31/01/2028;497,100;MWH;92,2080;EUR;GUNVOR;MATCHED
BO902406;D2602560;20/11/2025;PWR_FR;B;01/01/2026;31/12/2026;126,300;MWH;103,4160;EUR;TOTALE;MATCHED
BO906896;D2607337;25/02/2026;NG_PEG;S;01/05/2027;31/07/2027;322,100;MWH;28,6110;EUR;ICE_EN;MATCHED
BO908113;D2608637;06/03/2026;NG_PEG;B;01/11/2026;30/11/2026;123,700;MWH;31,8070;EUR;RWE;MATCHED
BO902000; D2602130;29/07/2025;PWR_FR;B;01/08/2027;31/10/2027;291,600;MWH;64,2610;EUR;SHELL_;MATCHED
BO903553;D2603775;04/06/2025;PWR_FR;B;01/02/2026;30/04/2026;561,700;MWH;73,6170;EUR;ICE_EN;MATCHED
BO908672;D2601456;10/03/2026;NG_PEG;S;01/01/2027;31/03/2027;181,100;MWH;35,7650;EUR;VITOL;MATCHED
BO904973;D2605299;26/01/2026;NG_PEG;B;01/06/2027;30/06/2027;641,100;MWH;22,5410;EUR;EDF_TR;MATCHED
BO900227;D2600240;09/10/2025;PWR_FR;S;01/08/2026;31/10/2026;787,900;MWH;61,9770;EUR;EEX_CL;MATCHED
BO906732;D2607164;11/11/2025;NG_PEG;S;01/01/2026;31/01/2026;114,200;MWH;35,3120;EUR;AXPO;MATCHED
BO908005;D2608523;18/11/2025;NG_PEG;B;01/12/2026;31/12/2026;406,300;MWH;34,0930;EUR;MERCUR;MATCHED
BO902243;D2602382;16/01/2026;NG_PEG;B;01/01/2026;31/01/2026;271,700;MWH;34,5080;EUR;EDF_TR;MATCHED
BO900854;D2600903;19/01/2026;PWR_FR;S;01/06/2027;31/08/2027;78,700;MWH;54,2670;EUR;AXPO;MATCHED
BO906094;D2606493;03/06/2025;PWR_FR;S;01/05/2027;31/05/2027;282,300;MWH;62,0110;EUR;MERCUR;MATCHED
BO900297;D2600316;20/03/2026;PWR_FR;S;01/02/2027;28/02/2027;148,400;MWH;84,8750;EUR;EDF_TR;MATCHED
BO908229;D2608759;19/03/2026;PWR_FR;B;01/02/2027;28/02/2027;82,800;MWH;85,2290;EUR;UNIPER;MATCHED
BO901626;D2601731;23/04/2026;PWR_FR;S;01/04/2026;30/04/2026;405,900;MWH;96,1490;EUR;AXPO;MATCHED
BO904488;D2604774;09/06/2025;NG_PEG;B;01/04/2027;30/04/2027;218,400;MWH;31,7640;EUR;RWE;MATCHED
BO906635;D2607061;15/12/2025;PWR_FR;B;01/06/2026;30/06/2026;176,700;MWH;67,2790;EUR;SHELL_;MATCHED
BO903587;D2603812;16/06/2026;NG_PEG;B;01/02/2027;28/02/2027;421,400;MWH;33,0760;EUR;EDF_TR;MATCHED
BO903586;D2603811;12/06/2025;NG_PEG;B;01/04/2027;30/04/2027;46,400;MWH;28,5410;EUR;MERCUR;MATCHED
BO908823;D2603262;16/04/2026;PWR_FR;S;01/10/2027;31/10/2027;44,200;MWH;80,2490;EUR;GUNVOR;MATCHED
BO906243;D2606652;19/12/2025;NG_PEG;B;01/11/2026;30/11/2026;319,600;MWH;33,1720;EUR;STATKR;MATCHED
BO903417;D2603635;10/12/2025;NG_PEG;S;01/03/2026;31/03/2026;122,700;MWH;31,8440;EUR;UNIPER;MATCHED
BO908754;D2601064;09/06/2025;NG_PEG;S;01/01/2026;31/01/2026;86,900;MWH;40,8680;EUR;UNIPER;MATCHED
BO905947;D2606338;09/03/2026;NG_PEG;S;01/02/2026;28/02/2026;747,900;MWH;40,3280;EUR;MERCUR;MATCHED
BO902264;D2602404;25/09/2025;PWR_FR;S;01/02/2026;28/02/2026;135,700;MWH;90,1570;EUR;AXPO;MATCHED
BO900423;D2600447;09/02/2026;NG_PEG;S;01/11/2026;30/11/2026;145,600;MWH;32,4260;EUR;AXPO;MATCHED
BO907099;D2607554;05/08/2025;PWR_FR;S;01/08/2026;31/08/2026;20,000;MWH;67,4560;EUR;SHELL_;MATCHED
BO904798;D2605114;03/07/2025;PWR_FR;B;01/12/2026;28/02/2027;209,900;MWH;93,8370;EUR;MERCUR;MATCHED
BO904308;D2604579;08/05/2026;PWR_FR;B;01/03/2027;31/03/2027;338,700;MWH;94,8980;EUR;EDF_TR;MATCHED
BO902556;D2602718;15/09/2025;NG_PEG;B;01/02/2026;30/04/2026;816,000;MWH;37,9700;EUR;EEX_CL;MATCHED
BO903448;D2603666;03/09/2025;NG_PEG;S;01/10/2027;31/10/2027;308,600;MWH;34,3290;EUR;EDF_TR;MATCHED
BO990084;D9500084;25/06/2026;PWR_FR;B;01/12/2027;29/02/2028;204,000;MWH;69,7690;EUR;AXPO;MATCHED
BO908914;D2608390;07/10/2025;NG_PEG;S;01/06/2026;30/06/2026;271,300;MWH;24,4900;EUR;EEX_CL;MATCHED
BO904541;D2604831;12/03/2026;NG_PEG;B;01/06/2026;30/06/2026;279,400;MWH;26,2500;EUR;TOTALE;MATCHED
BO902404;D2602558;09/01/2026;PWR_FR;B;01/05/2026;31/05/2026;367,300;MWH;58,0230;EUR;GUNVOR;MATCHED
BO908020;D2608539;21/07/2026;PWR_FR;B;01/01/2026;31/01/2026;53,800;MWH;85,6180;EUR;UNIPER;MATCHED
BO900996;D2601055;26/09/2025;NG_PEG;B;01/02/2026;28/02/2026;479,400;MWH;31,8960;EUR;TOTALE;MATCHED
BO902630;D2602796;19/09/2025;NG_PEG;S;01/11/2027;30/11/2027;66,400;MWH;32,7950;EUR;GUNVOR;MATCHED
BO908718;D2602909;25/12/2025;PWR_FR;B;01/02/2027;28/02/2027;369,000;MWH;81,2120;EUR;GUNVOR;MATCHED
BO908855;D2605360;03/03/2026;PWR_FR;B;01/09/2026;30/11/2026;208,900;MWH;59,1950;EUR;MERCUR;MATCHED
BO902393;D2602546;01/07/2026;PWR_FR;B;01/09/2027;30/09/2027;94,700;MWH;70,4870;EUR;RWE;MATCHED
BO905482;D2605847;04/03/2026;NG_PEG;B;01/03/2026;31/03/2026;445,400;MWH;36,0060;EUR;AXPO;MATCHED
BO907319;D2607787;24/09/2025;PWR_FR;B;01/12/2027;31/12/2027;310,800;MWH;98,2040;EUR;MERCUR;MATCHED
BO900935;D2600988;04/12/2025;PWR_FR;B;01/06/2027;30/06/2027;137,200;MWH;73,7070;EUR;AXPO;MATCHED
BO906985;D2607431;20/03/2026;PWR_FR;S;01/11/2027;30/11/2027;446,900;MWH;93,0936;EUR;RWE;MATCHED
BO907773;D2608266;08/04/2026;NG_PEG;B;01/11/2026;30/11/2026;147,800;MWH;37,3400;EUR;UNIPER;MATCHED
BO900169;D2600180;31/10/2025;PWR_FR;B;01/09/2027;30/09/2027;105,900;MWH;74,0270;EUR;VITOL;MATCHED
BO908480;D2600331;22/09/2025;PWR_FR;B;01/11/2026;30/11/2026;273,500;MWH;81,2090;EUR;SHELL_;MATCHED
BO908307;D2608842;04/11/2025;PWR_FR;B;01/02/2027;30/04/2027;237,000;MWH;100,6480;EUR;AXPO;CXL
BO907303;D2607770;02/10/2025;NG_PEG;B;01/08/2027;31/10/2027;811,000;MWH;28,8420;EUR;RWE;MATCHED
BO990078;D9500078;12/02/2026;PWR_FR;B;01/11/2027;30/11/2027;65,400;MWH;77,6520;EUR;EDF_TR;MATCHED
BO904186;D2604449;02/03/2026;PWR_FR;B;01/10/2026;31/10/2026;135,400;MWH;76,8600;EUR;RWE;MATCHED
BO903234;D2603448;17/12/2025;PWR_FR;B;01/02/2026;30/04/2026;94,700;MWH;81,9780;EUR;AXPO;MATCHED
BO908031;D2608550;06/06/2025;PWR_FR;B;01/01/2026;31/01/2026;244,000;MWH;85,3200;EUR;UNIPER;MATCHED
BO906470;D2606890;01/09/2025;PWR_FR;B;01/10/2027;31/10/2027;533,300;MWH;76,2980;EUR;MERCUR;CXL
BO905830;D2606218;11/03/2026;PWR_FR;B;01/07/2027;31/07/2027;54,500;MWH;74,7420;EUR;AXPO;MATCHED
BO900279;D2600296;10/11/2025;PWR_FR;S;01/10/2026;31/10/2026;252,700;MWH;79,7960;EUR;RWE;MATCHED
BO904472;D2604756;17/10/2025;PWR_FR;S;01/11/2027;30/11/2027;1233,200;MWH;70,1270;EUR;STATKR;MATCHED
BO907269;D2607733;07/05/2026;PWR_FR;B;01/08/2026;31/08/2026;56800,000;KWH;67,2440;EUR;MERCUR;MATCHED
BO907887;D2608395;09/06/2026;PWR_FR;S;01/07/2026;31/07/2026;185,300;MWH;62,5490;EUR;SHELL_;MATCHED
BO900405;D2600428;07/07/2026;PWR_FR;S;01/08/2026;31/10/2026;205,900;MWH;65,5170;EUR;MERCUR;MATCHED
BO901378;D2601465;02/03/2026;NG_PEG;S;01/03/2027;31/03/2027;118,800;MWH;36,6090;EUR;UNIPER;MATCHED
BO908100;D2608623;07/04/2026;PWR_FR;S;01/11/2027;30/11/2027;178,900;MWH;110,2400;EUR;RWE;MATCHED
BO906302;D2606715;24/07/2025;PWR_FR;B;01/03/2027;31/03/2027;153,400;MWH;98,7090;EUR;EEX_CL;MATCHED
BO900523;D2600558;20/08/2025;PWR_FR;B;01/11/2027;31/01/2028;143,700;MWH;103,3180;EUR;UNIPER;CXL
BO904004; D2604255;14/07/2026;PWR_FR;S;01/06/2026;30/06/2026;116,500;MWH;64,4940;EUR;SHELL_;MATCHED
BO902618;D2602784;14/08/2025;PWR_FR;B;01/12/2026;31/12/2026;145,700;MWH;88,9880;EUR;VITOL;MATCHED
BO906844;D2607283;06/04/2026;NG_PEG;S;01/01/2027;31/01/2027;330,600;MWH;38,5440;EUR;VITOL;MATCHED
BO902364;D2602513;14/11/2025;PWR_FR;B;01/11/2026;30/11/2026;420,000;MWH;88,1950;EUR;TOTALE;MATCHED
BO906690;D2607122;10/03/2026;PWR_FR;S;01/06/2026;31/05/2027;361,400;MWH;69,0876;EUR;VITOL;MATCHED
BO905011;D2605339;26/02/2026;PWR_FR;B;01/07/2027;31/07/2027;154,500;MWH;69,6350;EUR;STATKR;MATCHED
BO905659;D2606037;03/06/2025;PWR_FR;S;01/08/2026;31/10/2026;366,100;MWH;72,3860;EUR;VITOL;MATCHED
BO901294;D2601373;31/12/2025;NG_PEG;B;01/05/2027;31/05/2027;382,400;MWH;27,1330;EUR;EDF_TR;MATCHED
BO902457;D2602611;08/08/2025;PWR_FR;S;01/04/2026;30/04/2026;292,700;MWH;75,4030;EUR;EDF_TR;MATCHED
BO902778;D2602962;22/12/2025;NG_PEG;S;01/10/2027;31/10/2027;869,500;MWH;33,2620;EUR;EDF_TR;MATCHED
BO903485;D2603705;30/10/2025;PWR_FR;B;01/02/2026;28/02/2026;342,900;MWH;104,4010;EUR;MERCUR;MATCHED
BO900758;D2600800;09/04/2026;PWR_FR;B;01/09/2027;30/11/2027;82,800;MWH;77,7580;EUR;UNIPER;MATCHED
BO905131;D2605465;10/10/2025;NG_PEG;B;01/07/2026;31/07/2026;493,700;MWH;26,5100;EUR;EDF_TR;MATCHED
BO908641;D2603482;05/11/2025;NG_PEG;B;01/08/2027;31/10/2027;1819,800;MWH;28,4100;EUR;MERCUR;MATCHED
BO907658;D2608145;01/07/2025;PWR_FR;B;01/04/2027;30/04/2027;572,900;MWH;89,5580;EUR;RWE;MATCHED
BO908121;D2608645;21/05/2026;PWR_FR;B;01/12/2026;31/12/2026;110,000;MWH;97,8730;EUR;SHELL_;MATCHED
BO903533;D2603754;02/06/2026;PWR_FR;S;01/08/2027;31/08/2027;229,200;MWH;61,8640;EUR;SHELL_;MATCHED
BO901832;D2601948;23/01/2026;PWR_FR;S;01/08/2027;31/08/2027;268,800;MWH;52,4750;EUR;MERCUR;MATCHED
BO904307;D2604578;16/12/2025;PWR_FR;B;01/03/2027;31/05/2027;88,200;MWH;77,5580;EUR;EEX_CL;MATCHED
BO906433;D2606852;03/04/2026;PWR_FR;B;01/11/2026;31/10/2027;156,100;MWH;75,4290;EUR;EDF_TR;MATCHED
BO907508;D2607982;02/06/2026;NG_PEG;B;01/07/2026;31/07/2026;1157,600;MWH;23,6070;EUR;UNIPER;MATCHED
BO900090;D2600095;10/07/2026;NG_PEG;S;01/04/2026;30/06/2026;555,200;MWH;22,9000;EUR;STATKR;MATCHED
BO902903;D2603097;16/02/2026;NG_PEG;S;01/01/2026;31/03/2026;180,100;MWH;36,2640;EUR;STATKR;CXL
BO905883;D2606271;14/11/2025;NG_PEG;S;01/06/2027;30/06/2027;342,600;MWH;23,5220;EUR;TOTALE;MATCHED
BO904098;D2604356;27/05/2026;PWR_FR;S;01/06/2026;30/06/2026;50,400;MWH;59,1410;EUR;UNIPER;MATCHED
BO906739;D2607172;16/06/2025;PWR_FR;B;01/05/2026;31/05/2026;86,900;MWH;62,3930;EUR;VITOL;MATCHED
BO901171;D2601247;08/12/2025;NG_PEG;B;01/01/2026;31/01/2026;243,400;MWH;38,0190;EUR;EEX_CL;MATCHED
BO905794;D2606179;16/01/2026;PWR_FR;S;01/07/2026;31/07/2026;159,600;MWH;66,6020;EUR;SHELL_;MATCHED
BO907874;D2608381;13/08/2025;PWR_FR;S;01/07/2027;30/09/2027;356,100;MWH;67,9440;EUR;GUNVOR;MATCHED
BO907553;D2608030;06/06/2025;NG_PEG;S;01/10/2026;31/12/2026;109,200;MWH;31,3450;EUR;GUNVOR;MATCHED
BO907456;D2607929;24/07/2026;PWR_FR;S;01/02/2026;28/02/2026;118,800;MWH;95,6500;EUR;GUNVOR;MATCHED
BO901420;D2601511;11/05/2026;PWR_FR;B;01/08/2027;31/10/2027;116,400;MWH;76,3000;EUR;UNIPER;CXL
BO906777;D2607210;19/12/2025;PWR_FR;B;01/12/2027;29/02/2028;876,600;MWH;82,6140;EUR;AXPO;MATCHED
BO901580;D2601683;10/06/2025;PWR_FR;S;01/06/2026;30/06/2026;282,400;MWH;76,0990;EUR;RWE;MATCHED
BO905809;D2606195;22/09/2025;NG_PEG;B;01/09/2027;30/09/2027;288,200;MWH;29,8300;EUR;STATKR;MATCHED
BO908062;D2608582;04/11/2025;PWR_FR;B;01/08/2027;31/08/2027;74,900;MWH;49,7910;EUR;TOTALE;MATCHED
BO903095;D2603301;05/03/2026;PWR_FR;B;01/09/2027;30/09/2027;336,200;MWH;72,1110;EUR;MERCUR;MATCHED
BO908513;D2604007;30/12/2025;PWR_FR;B;01/11/2027;30/11/2027;373,300;MWH;98,0110;EUR;RWE;MATCHED
BO901075;D2601145;23/01/2026;PWR_FR;B;01/06/2027;31/08/2027;120,200;MWH;57,4170;EUR;EEX_CL;MATCHED
BO908524;D2605099;09/03/2026;PWR_FR;S;01/01/2027;31/01/2027;142,100;MWH;84,8040;EUR;TOTALE;MATCHED
BO904391;D2604670;02/06/2025;PWR_FR;B;01/12/2027;31/12/2027;87,600;MWH;96,5010;EUR;GUNVOR;MATCHED
BO906290;D2606701;04/03/2026;PWR_FR;B;01/10/2027;31/10/2027;148,700;MWH;65,5420;EUR;EEX_CL;MATCHED
BO900093;D2600098;06/02/2026;PWR_FR;B;01/03/2027;31/03/2027;268,400;MWH;85,3680;EUR;EDF_TR;MATCHED
BO906848;D2607287;17/06/2026;PWR_FR;S;01/06/2026;30/06/2026;106,800;MWH;60,7080;EUR;VITOL;MATCHED
BO905495;D2605860;10/04/2026;NG_PEG;S;01/03/2027;29/02/2028;128,800;MWH;37,8540;EUR;STATKR;MATCHED
BO901818;D2601934;12/12/2025;PWR_FR;B;01/08/2027;31/10/2027;225,100;MWH;73,7870;EUR;ICE_EN;MATCHED
BO900510;D2600544;26/01/2026;PWR_FR;B;01/08/2026;31/10/2026;198,700;MWH;63,5770;EUR;MERCUR;MATCHED
BO908846;D2600606;27/03/2026;PWR_FR;B;01/03/2026;31/03/2026;127,000;MWH;76,6990;EUR;GUNVOR;MATCHED
BO902300;D2602444;10/12/2025;PWR_FR;B;01/10/2026;31/10/2026;517,500;MWH;82,0640;EUR;ICE_EN;MATCHED
BO908199;D2608728;05/01/2026;NG_PEG;B;01/08/2026;31/10/2026;318,200;MWH;21,3120;EUR;RWE;MATCHED
BO908781;D2606991;06/10/2025;NG_PEG;B;01/11/2026;30/11/2026;76,700;MWH;34,9390;EUR;GUNVOR;MATCHED
BO905853;D2606241;18/07/2025;NG_PEG;S;01/12/2027;31/12/2027;1372,700;MWH;38,6530;EUR;TOTALE;MATCHED
BO903159;D2603368;19/02/2026;PWR_FR;B;01/06/2026;31/08/2026;212,700;MWH;71,2000;EUR;EDF_TR;MATCHED
BO900054;D2600057;28/07/2025;PWR_FR;B;01/11/2026;30/11/2026;97,300;MWH;90,7110;EUR;GUNVOR;MATCHED
BO905058;D2605387;24/07/2025;PWR_FR;B;01/07/2027;31/07/2027;93,600;MWH;61,9380;EUR;AXPO;MATCHED
BO905395;D2605754;09/09/2025;NG_PEG;S;01/07/2026;30/09/2026;480,800;MWH;29,7280;EUR;RWE;MATCHED
BO900827;D2600874;18/06/2026;NG_PEG;B;01/01/2027;31/01/2027;465,500;MWH;47,9990;EUR;RWE;MATCHED
BO903223;D2603436;27/01/2026;PWR_FR;B;01/10/2027;31/10/2027;152,200;MWH;83,7000;EUR;EEX_CL;MATCHED
BO907907;D2608420;25/08/2025;PWR_FR;S;01/08/2026;31/08/2026;16,100;MWH;64,9800;EUR;TOTALE;MATCHED
BO900711;D2600753;18/05/2026;PWR_FR;S;01/09/2026;30/09/2026;164,400;MWH;73,9450;EUR;EDF_TR;MATCHED
BO900011;D2600011;05/02/2026;PWR_FR;S;01/04/2026;30/04/2026;509,600;MWH;71,1050;EUR;UNIPER;MATCHED
BO901527;D2601625;11/11/2025;PWR_FR;S;01/05/2027;31/05/2027;404,600;MWH;70,9240;EUR;RWE;MATCHED
BO901355;D2601438;08/07/2026;PWR_FR;B;01/12/2027;31/12/2027;813,200;MWH;107,3400;EUR;TOTALE;MATCHED
BO903481;D2603701;10/02/2026;PWR_FR;B;01/08/2027;31/10/2027;69,400;MWH;51,9910;EUR;SHELL_;MATCHED
BO902934;D2603129;22/07/2026;PWR_FR;S;01/05/2027;31/07/2027;156,400;MWH;81,3750;EUR;SHELL_;MATCHED
BO904320;D2604591;20/01/2026;PWR_FR;B;01/06/2026;31/08/2026;377,800;MWH;58,0080;EUR;EEX_CL;MATCHED
BO900501;D2600535;20/07/2026;PWR_FR;S;01/12/2026;31/12/2026;86,200;MWH;84,6830;EUR;AXPO;MATCHED
BO906720;D2607152;15/12/2025;NG_PEG;B;01/07/2027;31/07/2027;195,400;MWH;19,3690;EUR;STATKR;MATCHED
BO904910;D2605232;26/01/2026;NG_PEG;S;01/12/2026;28/02/2027;126,900;MWH;28,8720;EUR;UNIPER;MATCHED
BO907177;D2607635;30/03/2026;NG_PEG;B;01/10/2026;31/10/2026;790,000;MWH;28,9940;EUR;UNIPER;MATCHED
BO902880;D2603071;15/05/2026;PWR_FR;B;01/05/2027;31/07/2027;431,300;MWH;66,7190;EUR;TOTALE;MATCHED
BO906526;D2606947;05/08/2025;PWR_FR;B;01/04/2027;30/04/2027;177,400;MWH;70,4050;EUR;AXPO;MATCHED
BO905182;D2605520;01/10/2025;PWR_FR;S;01/09/2027;30/09/2027;65,700;MWH;91,5280;EUR;GUNVOR;MATCHED
BO902861;D2603049;24/12/2025;NG_PEG;B;01/03/2026;31/03/2026;2445,200;MWH;39,7450;EUR;ICE_EN;MATCHED
BO901787;D2601898;09/06/2025;NG_PEG;S;01/09/2026;30/09/2026;1373,500;MWH;27,4290;EUR;EDF_TR;MATCHED
BO903298;D2603515;13/06/2025;NG_PEG;S;01/09/2026;30/09/2026;306,800;MWH;26,4220;EUR;GUNVOR;MATCHED
BO905597;D2605968;09/03/2026;NG_PEG;S;01/10/2026;31/12/2026;65,400;MWH;28,4320;EUR;MERCUR;CXL
BO904325;D2604596;06/02/2026;PWR_FR;B;01/01/2027;31/01/2027;284,800;MWH;96,9530;EUR;MERCUR;MATCHED
BO900237;D2600251;17/12/2025;NG_PEG;S;01/06/2026;30/06/2026;47,400;MWH;25,0360;EUR;TOTALE;MATCHED
BO905429;D2605788;08/08/2025;PWR_FR;S;01/01/2027;31/03/2027;672,300;MWH;78,6960;EUR;UNIPER;MATCHED
BO903444;D2603662;02/07/2025;NG_PEG;B;01/03/2026;31/03/2026;503,700;MWH;33,6660;EUR;EDF_TR;MATCHED
BO908241;D2608772;01/04/2026;PWR_FR;B;01/06/2026;30/06/2026;639,100;MWH;68,4780;EUR;AXPO;MATCHED
BO905663;D2606041;07/11/2025;NG_PEG;S;01/10/2027;31/12/2027;66,100;MWH;28,7750;EUR;UNIPER;MATCHED
BO901142;D2601217;03/06/2026;PWR_FR;S;01/11/2027;31/01/2028;465,000;MWH;73,0380;EUR;VITOL;MATCHED
BO901762;D2601871;11/05/2026;PWR_FR;B;01/05/2026;31/07/2026;276,300;MWH;70,7406;EUR;VITOL;MATCHED
BO901617;D2601722;11/03/2026;NG_PEG;S;01/06/2027;30/06/2027;533,000;MWH;29,5590;EUR;STATKR;MATCHED
BO908178;D2608705;14/05/2026;NG_PEG;B;01/09/2026;30/09/2026;675,300;MWH;25,0000;EUR;GUNVOR;MATCHED
BO906065;D2606461;10/11/2025;NG_PEG;S;01/07/2027;31/07/2027;154,200;MWH;23,8630;EUR;ICE_EN;MATCHED
BO901673;D2601780;16/06/2025;PWR_FR;B;01/12/2026;31/12/2026;129,900;MWH;92,3810;EUR;STATKR;MATCHED
BO901321;D2601403;18/06/2025;PWR_FR;S;01/11/2027;30/11/2027;384,600;MWH;87,9350;EUR;GUNVOR;MATCHED
BO903883;D2604127;01/04/2026;PWR_FR;S;01/02/2027;28/02/2027;98,300;MWH;76,0290;EUR;GUNVOR;MATCHED
BO990065;D9500065;04/06/2026;PWR_FR;S;01/12/2027;31/12/2027;69,900;MWH;110,4100;EUR;TOTALE;MATCHED
BO907672;D2608159;10/12/2025;PWR_FR;S;01/09/2026;30/11/2026;294,700;MWH;69,0520;EUR;STATKR;CXL
BO906881;D2607321;22/05/2026;PWR_FR;B;01/12/2026;30/11/2027;339,900;MWH;83,5100;EUR;UNIPER;MATCHED
BO904596;D2604890;27/01/2026;NG_PEG;S;01/01/2026;31/01/2026;82,800;MWH;33,6580;EUR;UNIPER;MATCHED
BO908962;D2606706;09/07/2025;NG_PEG;B;01/02/2026;28/02/2026;147,900;MWH;36,0380;EUR;EEX_CL;MATCHED
BO908509;D2602929;03/06/2025;PWR_FR;B;01/12/2027;31/12/2027;169,200;MWH;63,6010;EUR;VITOL;MATCHED
BO900684;D2600725;25/12/2025;PWR_FR;B;01/02/2027;31/01/2028;257,900;MWH;96,8150;EUR;EDF_TR;MATCHED
BO902381;D2602533;10/03/2026;PWR_FR;S;01/08/2026;31/08/2026;145,800;MWH;56,7050;EUR;MERCUR;MATCHED
BO907786;D2608281;02/04/2026;NG_PEG;B;01/02/2026;28/02/2026;295,400;MWH;34,0370;EUR;EDF_TR;MATCHED
BO903393;D2603611;27/01/2026;NG_PEG;S;01/08/2026;31/08/2026;962,500;MWH;25,6750;EUR;MERCUR;MATCHED
BO907688;D2608176;20/07/2026;PWR_FR;B;01/10/2027;31/12/2027;596,800;MWH;70,3980;EUR;EDF_TR;MATCHED
BO907111;D2607567;08/07/2026;PWR_FR;S;01/04/2027;30/04/2027;333,900;MWH;68,2820;EUR;VITOL;MATCHED
BO905699;D2606080;21/08/2025;NG_PEG;B;01/08/2026;31/08/2026;436,400;MWH;23,2590;EUR;SHELL_;MATCHED
BO907147;D2607604;05/08/2025;PWR_FR;B;01/12/2027;31/12/2027;47,800;MWH;110,1840;EUR;RWE;MATCHED
BO900324;D2600344;26/11/2025;NG_PEG;S;01/11/2027;31/01/2028;166,000;MWH;34,5660;EUR;EEX_CL;MATCHED
BO904137;D2604399;04/12/2025;PWR_FR;B;01/05/2027;31/05/2027;123,500;MWH;63,0280;EUR;SHELL_;MATCHED
BO908419;D2608959;03/11/2025;PWR_FR;S;01/04/2027;30/04/2027;96,200;MWH;83,3120;EUR;EDF_TR;MATCHED
BO908340;D2608876;10/07/2026;PWR_FR;S;01/01/2027;31/12/2027;736,200;MWH;96,8550;EUR;VITOL;MATCHED
BO908212;D2608741;26/08/2025;PWR_FR;S;01/10/2027;31/10/2027;209,000;MWH;72,9070;EUR;EDF_TR;MATCHED
BO908038;D2608557;07/01/2026;PWR_FR;S;01/08/2026;31/08/2026;73,200;MWH;75,3690;EUR;UNIPER;MATCHED
BO906908;D2607349;15/09/2025;PWR_FR;S;01/06/2027;30/06/2027;668,600;MWH;61,1110;EUR;STATKR;MATCHED
BO907011;D2607459;08/05/2026;NG_PEG;B;01/07/2027;31/07/2027;627,700;MWH;20,0280;EUR;ICE_EN;MATCHED
BO902659;D2602826;26/06/2026;NG_PEG;B;01/05/2027;31/05/2027;368,800;MWH;31,7860;EUR;MERCUR;MATCHED
BO905354;D2605708;24/07/2025;NG_PEG;B;01/11/2026;31/01/2027;143,200;MWH;36,7210;EUR;SHELL_;MATCHED
BO900161;D2600171;17/07/2025;NG_PEG;B;01/12/2026;31/12/2026;434,700;MWH;43,7640;EUR;STATKR;MATCHED
BO903131;D2603338;23/09/2025;NG_PEG;S;01/05/2026;31/05/2026;53,200;MWH;30,1270;EUR;EEX_CL;MATCHED
BO901975;D2602103;01/10/2025;PWR_FR;B;01/10/2026;31/12/2026;297,400;MWH;79,6200;EUR;VITOL;MATCHED
BO906307;D2606720;09/07/2025;PWR_FR;B;01/05/2027;31/05/2027;1152,400;MWH;63,8180;EUR;UNIPER;MATCHED
BO904615;D2604909;17/10/2025;NG_PEG;S;01/05/2026;31/05/2026;478,800;MWH;31,9850;EUR;MERCUR;MATCHED
BO907677;D2608164;17/06/2025;PWR_FR;S;01/09/2026;30/09/2026;130,000;MWH;60,1030;EUR;STATKR;MATCHED
BO903953;D2604201;24/11/2025;NG_PEG;B;01/04/2026;30/04/2026;361,000;MWH;28,7400;EUR;ICE_EN;MATCHED
BO908630;D2607237;21/05/2026;PWR_FR;S;01/03/2027;31/05/2027;155,700;MWH;91,0300;EUR;STATKR;MATCHED
BO902812;D2602998;16/07/2026;PWR_FR;B;01/01/2026;31/01/2026;80,500;MWH;83,3130;EUR;RWE;MATCHED
BO906392;D2606809;13/08/2025;PWR_FR;B;01/02/2026;28/02/2026;303,700;MWH;95,9330;EUR;RWE;MATCHED
BO903272;D2603489;12/01/2026;PWR_FR;S;01/08/2026;31/10/2026;390,900;MWH;61,4030;EUR;SHELL_;MATCHED
BO904678;D2604981;13/07/2026;PWR_FR;B;01/04/2027;30/06/2027;143,600;MWH;88,4340;EUR;EEX_CL;MATCHED
BO904539;D2604829;22/08/2025;NG_PEG;B;01/02/2027;28/02/2027;168,000;MWH;35,8860;EUR;ICE_EN;MATCHED
BO904359;D2604634;17/07/2025;PWR_FR;B;01/08/2026;31/08/2026;572,600;MWH;63,8430;EUR;SHELL_;MATCHED
BO908581;D2603002;27/01/2026;PWR_FR;S;01/02/2027;30/04/2027;92,100;MWH;84,8260;EUR;RWE;MATCHED
BO905542;D2605910;23/09/2025;PWR_FR;B;01/07/2026;31/07/2026;170,600;MWH;64,2090;EUR;GUNVOR;MATCHED
BO901041;D2601106;16/04/2026;PWR_FR;B;01/06/2027;30/06/2027;140,700;MWH;64,7170;EUR;GUNVOR;MATCHED
BO906065;D2606461;10/11/2025;NG_PEG;S;01/07/2027;31/07/2027;154,200;MWH;23,8630;EUR;ICE_EN;MATCHED
BO904200;D2604464;15/04/2026;PWR_FR;S;01/08/2027;31/10/2027;460,800;MWH;64,8530;EUR;SHELL_;MATCHED
BO901629;D2601735;14/04/2026;NG_PEG;B;01/07/2027;30/09/2027;358,300;MWH;19,6310;EUR;ICE_EN;MATCHED
BO900163;D2600173;23/07/2025;PWR_FR;S;01/07/2026;31/07/2026;229,800;MWH;58,5560;EUR;EDF_TR;MATCHED
BO908975;D2607974;18/12/2025;NG_PEG;B;01/02/2027;31/01/2028;138,300;MWH;36,8570;EUR;RWE;MATCHED
BO901128;D2601203;06/11/2025;PWR_FR;B;01/08/2027;31/08/2027;156,200;MWH;63,4810;EUR;EEX_CL;MATCHED
BO903186;D2603397;01/08/2025;PWR_FR;B;01/05/2026;31/07/2026;180,700;MWH;74,9130;EUR;RWE;MATCHED
BO903128;D2603335;18/06/2025;NG_PEG;S;01/01/2027;31/01/2027;403,300;MWH;43,5740;EUR;GUNVOR;MATCHED
BO904556;D2604847;14/01/2026;NG_PEG;S;01/06/2026;30/06/2026;283,600;MWH;23,9190;EUR;GUNVOR;MATCHED
BO906727;D2607159;16/03/2026;PWR_FR;B;01/03/2027;31/03/2027;173,600;MWH;88,4460;EUR;ICE_EN;MATCHED
BO990073;D9500073;29/07/2025;PWR_FR;B;01/08/2027;31/10/2027;291,600;MWH;64,2610;EUR;SHELL_;MATCHED
BO904510;D2604798;07/01/2026;PWR_FR;S;01/12/2027;31/12/2027;106,900;MWH;103,4710;EUR;TOTALE;MATCHED
BO902266;D2602406;06/01/2026;NG_PEG;S;01/12/2027;31/12/2027;259,000;MWH;36,5660;EUR;SHELL_;MATCHED
BO906209;D2606615;17/06/2026;NG_PEG;B;01/11/2027;30/11/2027;110,000;MWH;27,9680;EUR;EEX_CL;MATCHED
BO905055;D2605384;02/03/2026;NG_PEG;S;01/04/2026;30/06/2026;313,900;MWH;27,3260;EUR;MERCUR;MATCHED
BO905036;D2605365;18/06/2026;NG_PEG;B;01/09/2027;30/09/2027;103,100;MWH;24,9670;EUR;MERCUR;MATCHED
BO906906;D2607347;12/03/2026;PWR_FR;S;01/06/2027;30/06/2027;95,600;MWH;64,9610;EUR;VITOL;MATCHED
BO908215;D2608744;19/05/2026;PWR_FR;B;01/05/2027;31/07/2027;179,600;MWH;70,1590;EUR;EDF_TR;MATCHED
BO904611;D2604905;17/04/2026;PWR_FR;B;01/02/2026;28/02/2026;59,600;MWH;81,3120;EUR;UNIPER;MATCHED
BO901984;D2602112;15/07/2025;NG_PEG;B;01/11/2027;31/01/2028;334,700;MWH;37,3510;EUR;RWE;MATCHED
BO901289;D2601368;27/02/2026;PWR_FR;S;01/08/2027;31/08/2027;342,600;MWH;68,8130;EUR;STATKR;MATCHED
BO903182;D2603393;15/04/2026;PWR_FR;B;01/06/2026;30/06/2026;138,100;MWH;65,8400;EUR;VITOL;MATCHED
BO906428;D2606847;20/07/2026;PWR_FR;S;01/11/2027;31/01/2028;387,700;MWH;78,7400;EUR;RWE;CXL
BO900486;D2600517;15/05/2026;PWR_FR;B;01/04/2027;30/06/2027;98,500;MWH;82,1450;EUR;RWE;MATCHED
BO900802;D2600846;09/01/2026;PWR_FR;S;01/06/2026;31/08/2026;123,900;MWH;63,0400;EUR;ICE_EN;MATCHED
BO900301;D2600320;30/04/2026;NG_PEG;B;01/12/2027;31/12/2027;246,100;MWH;41,5110;EUR;MERCUR;MATCHED
BO900906;D2600957;07/08/2025;PWR_FR;S;01/12/2026;31/12/2026;168,600;MWH;99,1300;EUR;AXPO;MATCHED
BO902751;D2602930;30/09/2025;PWR_FR;S;01/01/2026;31/01/2026;138,800;MWH;85,9570;EUR;UNIPER;MATCHED
BO902541;D2602702;17/04/2026;NG_PEG;B;01/03/2026;31/05/2026;150,100;MWH;34,5730;EUR;VITOL;MATCHED
BO904876;D2605198;06/10/2025;PWR_FR;S;01/03/2027;31/03/2027;64,700;MWH;86,3280;EUR;TOTALE;MATCHED
BO906736;D2607169;10/04/2026;PWR_FR;B;01/09/2027;30/11/2027;1177,500;MWH;67,9020;EUR;ICE_EN;MATCHED
BO900044;D2600047;30/12/2025;PWR_FR;S;01/07/2027;31/07/2027;60,400;MWH;56,8100;EUR;EDF_TR;MATCHED
BO906451;D2606870;27/08/2025;PWR_FR;B;01/11/2026;30/11/2026;143,400;MWH;89,0410;EUR;ICE_EN;MATCHED
BO990057;D9500057;18/07/2025;PWR_FR;S;01/05/2027;31/05/2027;819,100;MWH;64,8730;EUR;EDF_TR;MATCHED
BO905377;D2605734;14/11/2025;PWR_FR;S;01/08/2026;31/10/2026;506,000;MWH;68,9880;EUR;TOTALE;MATCHED
BO908533;D2603151;04/08/2025;PWR_FR;B;01/03/2026;31/05/2026;303,900;MWH;88,9400;EUR;SHELL_;MATCHED
BO901328;D2601411;10/06/2025;NG_PEG;B;01/06/2026;30/06/2026;354,200;MWH;22,1970;EUR;TOTALE;MATCHED
BO907171;D2607629;31/03/2026;NG_PEG;B;01/10/2027;31/10/2027;139,900;MWH;31,0590;EUR;RWE;MATCHED
BO904432;D2604714;30/06/2026;PWR_FR;B;01/04/2026;31/03/2027;112,600;MWH;82,0120;EUR;STATKR;MATCHED
BO906185;D2606589;03/04/2026;PWR_FR;S;01/04/2027;30/04/2027;83,500;MWH;80,2800;EUR;GUNVOR;MATCHED
BO906641;D2607069;20/04/2026;NG_PEG;B;01/11/2026;31/01/2027;60,200;MWH;33,1220;EUR;UNIPER;MATCHED
BO903924;D2604170;24/06/2025;NG_PEG;S;01/09/2027;30/09/2027;46,800;MWH;27,5310;EUR;SHELL_;MATCHED
BO908866;D2605975;29/04/2026;PWR_FR;B;01/08/2026;31/08/2026;211,900;MWH;47,9070;EUR;UNIPER;MATCHED
BO901503;D2601598;12/05/2026;NG_PEG;S;01/10/2027;31/10/2027;108,500;MWH;37,8170;EUR;UNIPER;MATCHED
BO901799;D2601911;30/09/2025;NG_PEG;S;01/01/2026;31/01/2026;366,500;MWH;38,9830;EUR;EDF_TR;MATCHED
BO900791;D2600833;27/03/2026;PWR_FR;B;01/08/2027;31/10/2027;279,700;MWH;56,3300;EUR;VITOL;MATCHED
BO908888;D02605632;01/07/2026;NG_PEG;B;01/02/2027;28/02/2027;513,300;MWH;32,3720;EUR;SHELL_;MATCHED
BO905831;D2606219;18/09/2025;PWR_FR;B;01/06/2027;30/06/2027;232,000;MWH;61,6850;EUR;UNIPER;MATCHED
BO900105;D2600110;15/06/2026;PWR_FR;S;01/09/2026;31/08/2027;76,200;MWH;66,2530;EUR;AXPO;MATCHED
BO907180;D2607638;15/09/2025;NG_PEG;S;01/12/2026;30/11/2027;206,500;MWH;42,2600;EUR;EDF_TR;MATCHED
BO905000;D2605328;06/05/2026;NG_PEG;S;01/05/2027;31/05/2027;189,000;MWH;24,0900;EUR;SHELL_;MATCHED
BO903338;D2603556;14/04/2026;PWR_FR;S;01/07/2026;30/06/2027;266,000;MWH;67,2550;EUR;AXPO;MATCHED
BO906680;D2607112;02/10/2025;NG_PEG;B;01/05/2026;31/05/2026;107,400;MWH;28,9990;EUR;STATKR;MATCHED
BO903579;D2603803;01/08/2025;PWR_FR;B;01/10/2026;31/10/2026;775,800;MWH;70,9190;EUR;VITOL;MATCHED
BO901280;D2601358;16/10/2025;PWR_FR;B;01/04/2026;30/06/2026;87,900;MWH;83,7460;EUR;EEX_CL;MATCHED
BO901668;D2601775;13/02/2026;PWR_FR;B;01/09/2026;30/09/2026;163,000;MWH;69,0880;EUR;SHELL_;MATCHED
BO908548;D2603051;26/03/2026;PWR_FR;S;01/01/2027;31/01/2027;117,500;MWH;85,3660;EUR;AXPO;MATCHED
BO900200;D2600213;03/07/2025;PWR_FR;S;01/06/2026;31/08/2026;213,700;MWH;71,0490;EUR;STATKR;MATCHED
BO900902;D2600953;10/02/2026;PWR_FR;B;01/03/2027;31/03/2027;616,800;MWH;100,9090;EUR;SHELL_;MATCHED
BO905717;D2606098;02/09/2025;PWR_FR;B;01/11/2027;30/11/2027;228,200;MWH;85,6170;EUR;AXPO;MATCHED
BO905810;D2606196;23/04/2026;NG_PEG;S;01/11/2027;31/10/2028;253,600;MWH;37,5970;EUR;STATKR;CXL
BO907305;D2607772;07/05/2026;PWR_FR;S;01/10/2027;31/12/2027;204,900;MWH;82,2120;EUR;RWE;MATCHED
BO902095;D2602229;12/06/2026;PWR_FR;S;01/05/2026;31/05/2026;1051,000;MWH;77,9490;EUR;EEX_CL;MATCHED
BO900673;D2600714;11/03/2026;NG_PEG;B;01/01/2026;31/01/2026;338,800;MWH;40,7130;EUR;RWE;MATCHED
BO906781;D2607214;14/08/2025;PWR_FR;S;01/08/2026;31/08/2026;357,100;MWH;62,7720;EUR;SHELL_;MATCHED
BO902315;D2602459;24/12/2025;NG_PEG;B;01/05/2027;31/05/2027;176,500;MWH;26,2750;EUR;TOTALE;MATCHED
BO903502;D2603722;12/11/2025;NG_PEG;B;01/01/2027;31/01/2027;124,400;MWH;30,8580;EUR;RWE;MATCHED
BO902146;D2602282;02/04/2026;NG_PEG;B;01/07/2027;31/07/2027;106,500;MWH;20,2760;EUR;RWE;MATCHED
BO906026;D2606420;18/02/2026;NG_PEG;S;01/11/2026;30/11/2026;76,800;MWH;42,2070;EUR;EDF_TR;MATCHED
BO901883;D2602006;25/03/2026;NG_PEG;B;01/12/2026;31/12/2026;172,000;MWH;36,8800;EUR;GUNVOR;MATCHED
BO903134;D2603342;24/06/2026;PWR_FR;S;01/03/2027;31/03/2027;155,700;MWH;81,3500;EUR;AXPO;MATCHED
BO902825;D2603012;29/01/2026;PWR_FR;B;01/08/2027;31/07/2028;99,300;MWH;84,1700;EUR;SHELL_;MATCHED
BO900815;D2600861;17/07/2026;NG_PEG;B;01/07/2027;31/07/2027;290,200;MWH;25,9280;EUR;SHELL_;CXL
BO903078;D2603282;16/10/2025;NG_PEG;S;01/06/2027;30/06/2027;99,800;MWH;25,7890;EUR;STATKR;MATCHED
BO903424;D2603642;25/03/2026;PWR_FR;B;01/03/2026;31/05/2026;398,400;MWH;93,1250;EUR;UNIPER;MATCHED
BO907751;D2608243;13/04/2026;NG_PEG;B;01/10/2026;31/12/2026;289,300;MWH;36,7160;EUR;STATKR;MATCHED
BO903574;D2603798;15/10/2025;PWR_FR;S;01/06/2026;30/06/2026;167,800;MWH;76,7660;EUR;STATKR;MATCHED
BO904673;D2604975;10/10/2025;NG_PEG;B;01/04/2027;30/04/2027;121,100;MWH;30,0790;EUR;MERCUR;MATCHED
BO900614;D2600654;15/08/2025;PWR_FR;B;01/01/2026;31/01/2026;244,200;MWH;91,5290;EUR;MERCUR;MATCHED
BO904479;D2604764;29/01/2026;PWR_FR;S;01/08/2027;31/08/2027;318,400;MWH;56,5790;EUR;RWE;MATCHED
BO902686;D2602857;19/05/2026;PWR_FR;S;01/09/2026;30/09/2026;208,700;MWH;67,1990;EUR;EDF_TR;MATCHED
BO900560;D2600597;21/05/2026;PWR_FR;B;01/06/2027;30/06/2027;117,100;MWH;76,4960;EUR;SHELL_;MATCHED
BO901198;D2601274;30/04/2026;PWR_FR;B;01/08/2027;31/08/2027;251,900;MWH;65,4610;EUR;GUNVOR;MATCHED
BO907940;d2608453;13/08/2025;PWR_FR;B;01/06/2026;30/06/2026;208,500;MWH;59,1270;EUR;VITOL;MATCHED
BO907691;D2608179;05/06/2025;PWR_FR;S;01/04/2027;30/04/2027;391,100;MWH;82,2170;EUR;RWE;MATCHED
BO906638;D2607065;29/05/2026;NG_PEG;B;01/03/2026;31/05/2026;171,600;MWH;32,1190;EUR;MERCUR;MATCHED
BO901392;D2601481;29/08/2025;PWR_FR;S;01/01/2026;31/01/2026;123,400;MWH;101,7840;EUR;MERCUR;MATCHED
BO901046;D2601112;24/06/2025;NG_PEG;S;01/01/2027;31/01/2027;133,900;MWH;41,4930;EUR;EEX_CL;MATCHED
BO903768;D2604005;19/06/2025;NG_PEG;S;01/03/2027;31/03/2027;98,900;MWH;29,3280;EUR;STATKR;MATCHED
BO901951;D2602078;10/06/2026;NG_PEG;S;01/10/2026;31/10/2026;259,300;MWH;29,1230;EUR;UNIPER;MATCHED
BO905283;D2605634;08/12/2025;NG_PEG;B;01/12/2026;28/02/2027;30400,000;KWH;39,2400;EUR;UNIPER;MATCHED
BO908878;D2607724;01/07/2026;PWR_FR;B;01/04/2026;30/04/2026;252,500;MWH;86,2730;EUR;TOTALE;MATCHED
BO903982;D2604232;18/07/2025;PWR_FR;S;01/03/2027;31/03/2027;63,300;MWH;85,3250;EUR;TOTALE;MATCHED
BO903252;D2603468;28/01/2026;PWR_FR;S;01/04/2026;30/04/2026;108,900;MWH;73,6770;EUR;STATKR;MATCHED
BO905813;D2606199;30/09/2025;PWR_FR;B;01/04/2027;30/04/2027;156,800;MWH;69,5230;EUR;UNIPER;MATCHED
BO903897;D2604141;27/01/2026;PWR_FR;S;01/09/2027;31/08/2028;113,600;MWH;60,4340;EUR;AXPO;MATCHED
BO902276;D2602418;24/09/2025;PWR_FR;S;01/06/2027;30/06/2027;157,900;MWH;72,1490;EUR;VITOL;MATCHED
BO907853;D2608354;09/04/2026;PWR_FR;S;01/06/2027;30/06/2027;270,300;MWH;52,9270;EUR;RWE;MATCHED
BO903512;D2603732;16/09/2025;PWR_FR;S;01/12/2027;31/12/2027;157,100;MWH;94,9650;EUR;TOTALE;MATCHED
BO900448;D2600474;01/06/2026;NG_PEG;S;01/02/2027;31/01/2028;883,000;MWH;30,1840;EUR;EEX_CL;MATCHED
BO902627;D2602793;14/01/2026;NG_PEG;S;01/05/2026;31/05/2026;751,400;MWH;25,2500;EUR;AXPO;CXL
BO908232;D2608762;11/12/2025;PWR_FR;S;01/05/2027;31/05/2027;146,200;MWH;68,2980;EUR;SHELL_;MATCHED
BO901270;D2601348;19/03/2026;NG_PEG;B;01/11/2026;30/11/2026;283,400;MWH;40,0210;EUR;EDF_TR;MATCHED
BO904446;D2604728;09/12/2025;NG_PEG;S;01/06/2026;30/06/2026;96,400;MWH;24,5870;EUR;VITOL;MATCHED
BO902615;D2602781;30/06/2026;PWR_FR;B;01/12/2026;31/12/2026;350,500;MWH;106,1300;EUR;AXPO;MATCHED
BO906957;D2607400;10/07/2026;NG_PEG;S;01/11/2026;30/11/2026;751,900;MWH;31,0370;EUR;STATKR;MATCHED
BO906241;D2606650;18/05/2026;NG_PEG;S;01/08/2026;31/08/2026;793,500;MWH;24,5570;EUR;AXPO;MATCHED
BO904082;D2604340;17/07/2026;NG_PEG;B;01/05/2027;31/05/2027;1539,600;MWH;24,5020;EUR;TOTALE;MATCHED
BO903844;D2604086;24/06/2026;PWR_FR;B;01/11/2027;31/10/2028;141,800;MWH;93,7070;EUR;UNIPER;MATCHED
BO907338;D2607807;23/02/2026;PWR_FR;B;01/03/2027;31/05/2027;165,600;MWH;75,8910;EUR;GUNVOR;MATCHED
BO908155;D2608682;28/01/2026;PWR_FR;S;01/05/2026;31/07/2026;267,500;MWH;63,5180;EUR;AXPO;MATCHED
BO900947;D2601000;29/07/2025;PWR_FR;B;01/01/2026;31/03/2026;299,000;MWH;95,6430;EUR;SHELL_;MATCHED
BO907257;D2607720;09/07/2026;NG_PEG;S;01/09/2026;30/09/2026;97,900;MWH;27,4290;EUR;VITOL;MATCHED
BO905461;D2605824;25/05/2026;PWR_FR;B;01/01/2026;31/12/2026;85,100;MWH;107,0010;EUR;MERCUR;MATCHED
BO908470;D2608273;30/07/2025;PWR_FR;S;01/07/2027;31/07/2027;476,100;MWH;72,2660;EUR;VITOL;CXL
BO906313;D2606726;19/06/2026;NG_PEG;S;01/12/2026;31/12/2026;56,300;MWH;30,2260;EUR;RWE;MATCHED
BO905297;D2605648;09/10/2025;NG_PEG;B;01/07/2026;30/09/2026;108,800;MWH;24,8500;EUR;AXPO;MATCHED
BO905823;D2606209;29/12/2025;PWR_FR;S;01/04/2026;30/04/2026;51,800;MWH;66,8490;EUR;SHELL_;MATCHED
BO905755;D2606136;20/05/2026;NG_PEG;B;01/10/2026;31/10/2026;229,000;MWH;26,8430;EUR;EEX_CL;MATCHED
BO902030;D2602160;13/04/2026;PWR_FR;B;01/11/2027;31/01/2028;403,100;MWH;82,7520;EUR;ICE_EN;MATCHED
BO906178;D2606581;01/01/2026;PWR_FR;B;01/11/2026;31/01/2027;225,500;MWH;106,2640;EUR;SHELL_;MATCHED
BO901576;D2601678;10/03/2026;NG_PEG;B;01/04/2027;30/06/2027;43,800;MWH;30,0260;EUR;EDF_TR;MATCHED
BO900866;D2600916;16/03/2026;NG_PEG;S;01/10/2027;30/09/2028;140,600;MWH;32,2910;EUR;GUNVOR;MATCHED
BO902358;D2602506;15/07/2025;NG_PEG;S;01/01/2026;31/01/2026;571,100;MWH;40,9190;EUR;GUNVOR;MATCHED
BO901385;D2601473;02/02/2026;PWR_FR;B;01/11/2027;31/01/2028;216,500;MWH;90,0820;EUR;VITOL;MATCHED
BO908436;D2608976;14/08/2025;PWR_FR;B;01/07/2026;31/07/2026;195,000;MWH;58,5030;EUR;ICE_EN;MATCHED
BO901381;D2601468;30/09/2025;PWR_FR;B;01/04/2026;30/04/2026;464,000;MWH;80,6540;EUR;AXPO;MATCHED
BO903086;D2603291;28/01/2026;PWR_FR;B;01/09/2027;30/09/2027;160,400;MWH;80,1260;EUR;EDF_TR;MATCHED
BO907037;D2607486;12/06/2025;PWR_FR;S;01/01/2027;31/01/2027;602,300;MWH;80,1830;EUR;STATKR;MATCHED
BO900262;D2600277;26/06/2026;PWR_FR;B;01/08/2026;31/08/2026;499,400;MWH;54,3700;EUR;UNIPER;MATCHED
BO907540;D2608015;19/06/2025;PWR_FR;B;01/12/2026;31/12/2026;483,700;MWH;75,3280;EUR;GUNVOR;MATCHED
BO906407;D2606825;30/06/2025;NG_PEG;S;01/10/2026;31/10/2026;339,000;MWH;32,7510;EUR;UNIPER;MATCHED
BO902773;D2602954;27/04/2026;PWR_FR;S;01/05/2027;30/04/2028;652,800;MWH;65,5730;EUR;GUNVOR;MATCHED
BO905468;D2605831;27/08/2025;NG_PEG;B;01/03/2026;31/03/2026;143,000;MWH;37,6210;EUR;RWE;MATCHED
BO903265;D2603481;08/12/2025;NG_PEG;S;01/02/2026;28/02/2026;57,600;MWH;31,1220;EUR;ICE_EN;MATCHED
BO901621;D2601726;12/06/2025;PWR_FR;S;01/01/2026;31/03/2026;74,600;MWH;117,1720;EUR;STATKR;MATCHED
BO902415;D2602569;21/05/2026;PWR_FR;B;01/02/2027;30/04/2027;127,100;MWH;103,9650;EUR;AXPO;MATCHED
BO906804;D2607242;16/04/2026;NG_PEG;B;01/04/2026;30/04/2026;203,400;MWH;27,0520;EUR;STATKR;MATCHED
BO908115;D2608639;11/12/2025;NG_PEG;B;01/04/2026;30/04/2026;136,000;MWH;29,9640;EUR;SHELL_;MATCHED
BO908904;D2602654;11/11/2025;NG_PEG;S;01/10/2027;31/10/2027;114,900;MWH;27,4310;EUR;UNIPER;MATCHED
BO902576;D2602740;10/03/2026;NG_PEG;B;01/05/2026;31/05/2026;269,800;MWH;28,7420;EUR;STATKR;MATCHED
BO900857;D2600907;16/03/2026;PWR_FR;B;01/06/2027;30/06/2027;437,300;MWH;66,5230;EUR;EEX_CL;MATCHED
BO908348;D2608884;19/12/2025;NG_PEG;B;01/06/2026;30/06/2026;260,400;MWH;28,2850;EUR;MERCUR;MATCHED
BO904486;D2604772;21/01/2026;NG_PEG;B;01/12/2027;31/12/2027;342,200;MWH;38,7250;EUR;GUNVOR;MATCHED
BO900508;D2600542;18/02/2026;PWR_FR;S;01/11/2026;30/11/2026;126,300;MWH;85,6610;EUR;EEX_CL;MATCHED
BO903687;D2603918;26/06/2026;PWR_FR;B;01/05/2026;30/04/2027;295,200;MWH;65,0670;EUR;RWE;MATCHED
BO907137;D2607594;20/07/2026;PWR_FR;B;01/11/2026;31/01/2027;797,300;MWH;88,5590;EUR;MERCUR;CXL
BO903277;D2603494;23/02/2026;PWR_FR;S;01/11/2027;30/11/2027;61,500;MWH;75,6900;EUR;UNIPER;MATCHED
BO907686;D2608174;24/06/2026;PWR_FR;B;01/02/2027;28/02/2027;285,400;MWH;80,1540;EUR;UNIPER;MATCHED
BO902444;D2602598;14/11/2025;NG_PEG;B;01/04/2027;30/04/2027;126,900;MWH;28,1540;EUR;SHELL_;MATCHED
BO900551;D2600587;09/06/2026;PWR_FR;B;01/10/2026;31/12/2026;389,100;MWH;90,0390;EUR;RWE;MATCHED
BO907035;D2607484;19/08/2025;NG_PEG;B;01/11/2027;31/01/2028;93,000;MWH;36,3830;EUR;TOTALE;MATCHED
BO900363;D2600384;22/08/2025;NG_PEG;S;01/01/2026;31/03/2026;192,300;MWH;36,2020;EUR;EEX_CL;CXL
BO900199;D2600212;02/03/2026;PWR_FR;B;01/05/2027;31/05/2027;90,900;MWH;60,6240;EUR;STATKR;MATCHED
BO906837;D2607276;03/09/2025;PWR_FR;B;01/11/2026;30/11/2026;73,900;MWH;73,7140;EUR;EDF_TR;MATCHED
BO908205;D2608734;15/08/2025;NG_PEG;B;01/11/2026;31/10/2027;249800,000;KWH;29,2310;EUR;STATKR;MATCHED
BO904874;D2605196;24/07/2026;NG_PEG;S;01/05/2026;31/05/2026;326,100;MWH;28,2550;EUR;AXPO;MATCHED
BO904059;D2604316;05/09/2025;PWR_FR;B;01/02/2027;28/02/2027;186,700;MWH;96,7580;EUR;RWE;MATCHED
BO902010;D2602140;08/10/2025;NG_PEG;S;01/01/2027;31/01/2027;298,700;MWH;40,3370;EUR;AXPO;MATCHED
BO903950;D2604198;22/04/2026;PWR_FR;B;01/08/2026;31/10/2026;41,400;MWH;65,2680;EUR;VITOL;MATCHED
BO904489;D2604775;26/12/2025;PWR_FR;S;01/12/2026;31/12/2026;146,100;MWH;68,7230;EUR;SHELL_;MATCHED
BO902521;D2602681;08/10/2025;PWR_FR;B;01/06/2027;31/08/2027;285,100;MWH;71,0250;EUR;TOTALE;MATCHED
BO903624;D2603852;08/04/2026;PWR_FR;B;01/12/2027;31/12/2027;183,000;MWH;94,3540;EUR;STATKR;MATCHED
BO901063;D2601131;07/08/2025;PWR_FR;B;01/08/2026;31/10/2026;130,100;MWH;68,5120;EUR;ICE_EN;MATCHED
BO902761;D2602940;21/01/2026;NG_PEG;S;01/08/2026;31/10/2026;249,400;MWH;28,6090;EUR;VITOL;MATCHED
BO904943;D2605269;27/06/2025;NG_PEG;B;01/06/2026;31/08/2026;578,200;MWH;23,8740;EUR;STATKR;MATCHED
BO906938;D2607381;25/11/2025;NG_PEG;B;01/11/2027;30/11/2027;187,900;MWH;33,5050;EUR;VITOL;MATCHED
BO901409;D2601499;10/04/2026;PWR_FR;B;01/07/2027;31/07/2027;294,200;MWH;51,5710;EUR;ICE_EN;MATCHED
BO901623;D2601728;04/02/2026;NG_PEG;B;01/10/2027;31/10/2027;211,800;MWH;34,3250;EUR;VITOL;MATCHED
BO904007;D2604258;20/01/2026;NG_PEG;S;01/05/2026;31/05/2026;309,500;MWH;24,4890;EUR;ICE_EN;MATCHED
BO907346;D2607815;02/10/2025;NG_PEG;B;01/09/2026;31/08/2027;198,300;MWH;24,5220;EUR;RWE;MATCHED
BO990070;D9500070;12/11/2025;PWR_FR;S;01/04/2026;30/04/2026;550,300;MWH;83,2540;EUR;EEX_CL;MATCHED
BO903747;D2603981;13/08/2025;PWR_FR;S;01/05/2027;31/07/2027;1044,400;MWH;81,2680;EUR;ICE_EN;MATCHED
BO904222;D2604488;05/06/2026;PWR_FR;B;01/10/2027;30/09/2028;1048,900;MWH;81,1390;EUR;AXPO;MATCHED
BO908858;D2604260;24/09/2025;PWR_FR;S;01/10/2026;31/10/2026;417,900;MWH;80,6250;EUR;RWE;MATCHED
BO907191;D2607649;02/07/2025;PWR_FR;S;01/12/2026;28/02/2027;299,700;MWH;93,7820;EUR;MERCUR;MATCHED
BO905878;D2606266;30/09/2025;PWR_FR;S;01/12/2027;31/12/2027;208,700;MWH;91,0850;EUR;AXPO;MATCHED
BO908385;D2608924;23/06/2026;PWR_FR;S;01/11/2026;30/11/2026;707,300;MWH;81,9050;EUR;EEX_CL;MATCHED
BO901509;D2601606;17/12/2025;NG_PEG;B;01/09/2026;30/09/2026;294,500;MWH;23,1220;EUR;VITOL;MATCHED
BO902647;D2602813;22/07/2026;NG_PEG;B;01/09/2027;30/09/2027;792,100;MWH;30,3930;EUR;GUNVOR;MATCHED
BO902588;D2602754;25/07/2025;PWR_FR;S;01/04/2027;30/04/2027;92,000;MWH;78,3680;EUR;UNIPER;MATCHED
BO901830;D2601946;03/09/2025;PWR_FR;B;01/02/2027;30/04/2027;127,500;MWH;88,3450;EUR;GUNVOR;MATCHED
BO903886;D2604130;16/10/2025;PWR_FR;B;01/05/2026;30/04/2027;256,700;MWH;56,2400;EUR;GUNVOR;MATCHED
BO902386;D2602538;16/09/2025;PWR_FR;B;01/05/2027;31/05/2027;183,400;MWH;62,2250;EUR;SHELL_;MATCHED
BO900817;D2600864;16/07/2026;NG_PEG;B;01/09/2026;30/09/2026;253,000;MWH;28,9990;EUR;GUNVOR;MATCHED
BO990092;D9500092;10/02/2026;PWR_FR;B;01/05/2027;31/05/2027;253,800;MWH;69,6470;EUR;ICE_EN;CXL
BO907385;D2607856;18/09/2025;NG_PEG;S;01/02/2026;28/02/2026;98,600;MWH;37,4410;EUR;STATKR;MATCHED
BO906964;D2607407;20/06/2025;NG_PEG;B;01/07/2026;30/09/2026;95,300;MWH;21,1530;EUR;STATKR;MATCHED
BO904197;D02604461;01/08/2025;NG_PEG;S;01/10/2026;31/10/2026;381,700;MWH;33,5460;EUR;TOTALE;MATCHED
BO903625;D2603853;13/01/2026;PWR_FR;B;01/03/2027;31/03/2027;181,200;MWH;94,3070;EUR;UNIPER;MATCHED
BO905098;D2605430;22/10/2025;NG_PEG;S;01/09/2027;30/09/2027;540,500;MWH;27,6430;EUR;RWE;MATCHED
BO907717;D2608206;07/05/2026;PWR_FR;B;01/11/2027;30/11/2027;338,400;MWH;84,9540;EUR;MERCUR;MATCHED
BO905296;D2605647;02/03/2026;PWR_FR;B;01/04/2026;30/04/2026;96,000;MWH;86,8550;EUR;STATKR;MATCHED
BO906425;D2606844;18/03/2026;NG_PEG;B;01/12/2026;31/12/2026;341,800;MWH;38,3780;EUR;GUNVOR;MATCHED
BO902734;D2602907;11/02/2026;PWR_FR;B;01/09/2026;30/09/2026;465,800;MWH;55,6650;EUR;TOTALE;MATCHED
BO900960;D2601014;23/12/2025;NG_PEG;B;01/02/2027;28/02/2027;187,700;MWH;33,3550;EUR;ICE_EN;MATCHED
BO905205;D2605545;02/12/2025;NG_PEG;S;01/09/2026;30/09/2026;699,100;MWH;25,6040;EUR;RWE;MATCHED
BO903531;D2603752;02/12/2025;NG_PEG;B;01/05/2026;31/05/2026;189,900;MWH;24,3530;EUR;GUNVOR;MATCHED
BO908259;D2608791;11/09/2025;NG_PEG;B;01/03/2026;31/05/2026;325,900;MWH;33,7600;EUR;RWE;MATCHED
BO900926;D2600978;11/02/2026;NG_PEG;B;01/06/2026;30/06/2026;356,700;MWH;25,3950;EUR;MERCUR;MATCHED
BO901141;D2601216;09/09/2025;PWR_FR;B;01/12/2027;31/12/2027;247,200;MWH;86,1390;EUR;STATKR;MATCHED
BO903441;D2603659;09/06/2026;NG_PEG;B;01/05/2027;31/07/2027;93,100;MWH;25,8120;EUR;RWE;MATCHED
BO906785;D2607218;19/02/2026;PWR_FR;B;01/06/2027;30/06/2027;273,500;MWH;65,3950;EUR;SHELL_;MATCHED
BO903113;D2603320;23/04/2026;NG_PEG;S;01/12/2027;29/02/2028;41,300;MWH;39,2530;EUR;VITOL;MATCHED
BO901079;D2601149;16/03/2026;PWR_FR;B;01/08/2026;31/08/2026;355,300;MWH;60,0210;EUR;SHELL_;MATCHED
BO900670;D2600711;15/01/2026;PWR_FR;B;01/05/2026;30/04/2027;238,600;MWH;71,8610;EUR;MERCUR;MATCHED
BO905368;D2605725;09/06/2026;NG_PEG;B;01/11/2027;31/10/2028;83,300;MWH;37,5200;EUR;GUNVOR;MATCHED
BO904142;D2604404;30/10/2025;PWR_FR;B;01/02/2027;28/02/2027;267,600;MWH;97,5450;EUR;AXPO;MATCHED
BO903228;D2603441;12/12/2025;NG_PEG;S;01/03/2026;28/02/2027;112,400;MWH;27,9400;EUR;ICE_EN;MATCHED
BO903179;D2603390;14/05/2026;PWR_FR;B;01/08/2026;31/07/2027;284,900;MWH;68,1890;EUR;AXPO;MATCHED
BO904454;D2604738;17/10/2025;NG_PEG;S;01/12/2026;31/12/2026;1025,400;MWH;40,3580;EUR;VITOL;MATCHED
BO905621;D2605996;17/11/2025;PWR_FR;S;01/03/2026;31/03/2026;150,400;MWH;69,7130;EUR;AXPO;MATCHED
BO907175;D2607633;26/05/2026;NG_PEG;B;01/03/2026;31/03/2026;202,700;MWH;31,5840;EUR;EDF_TR;MATCHED
BO903726;D2603959;22/04/2026;PWR_FR;S;01/10/2026;31/10/2026;46,100;MWH;76,1630;EUR;TOTALE;MATCHED
BO901300;D2601379;09/09/2025;NG_PEG;B;01/02/2027;31/01/2028;480,000;MWH;31,3610;EUR;UNIPER;MATCHED
BO902391;D2602544;31/03/2026;NG_PEG;B;01/04/2026;30/04/2026;409,600;MWH;28,6130;EUR;SHELL_;MATCHED
BO905273;D2605620;04/07/2025;PWR_FR;S;01/08/2027;31/08/2027;192,100;MWH;58,7580;EUR;GUNVOR;MATCHED
BO903093;D2603299;22/01/2026;PWR_FR;B;01/03/2026;31/03/2026;255,500;MWH;86,5810;EUR;VITOL;MATCHED
BO903491;D2603711;30/03/2026;PWR_FR;S;01/12/2027;29/02/2028;282,100;MWH;85,9680;EUR;VITOL;MATCHED
BO908466;D2606321;27/11/2025;PWR_FR;B;01/01/2026;31/12/2026;209,900;MWH;80,6690;EUR;MERCUR;MATCHED
BO906518;D2606939;01/07/2025;PWR_FR;S;01/08/2026;31/10/2026;418,200;MWH;67,4550;EUR;MERCUR;MATCHED
BO903386;D2603604;23/01/2026;NG_PEG;B;01/02/2027;28/02/2027;100,000;MWH;39,1870;EUR;ICE_EN;MATCHED
BO904630;D2604926;04/08/2025;NG_PEG;B;01/09/2026;30/09/2026;60,600;MWH;24,7690;EUR;SHELL_;MATCHED
BO900622;D2600662;09/06/2026;PWR_FR;S;01/02/2027;28/02/2027;220,000;MWH;98,0690;EUR;TOTALE;MATCHED
BO901816;D2601932;08/07/2026;PWR_FR;S;01/04/2026;30/04/2026;207,600;MWH;77,4290;EUR;STATKR;MATCHED
BO908208;D2608737;27/06/2025;PWR_FR;B;01/01/2027;31/03/2027;226,100;MWH;85,2500;EUR;STATKR;MATCHED
BO904931;D2605255;14/10/2025;PWR_FR;B;01/04/2026;31/03/2027;152,800;MWH;71,8150;EUR;TOTALE;MATCHED
BO903458;D2603676;23/01/2026;NG_PEG;B;01/12/2026;30/11/2027;272,700;MWH;32,8760;EUR;AXPO;MATCHED
BO900805;D2600851;23/12/2025;PWR_FR;B;01/09/2027;30/09/2027;491,100;MWH;71,6490;EUR;RWE;MATCHED
BO908441;D2608981;11/02/2026;NG_PEG;B;01/06/2027;30/06/2027;461,700;MWH;22,2710;EUR;STATKR;MATCHED
BO906131;D2606531;29/05/2026;PWR_FR;S;01/03/2027;29/02/2028;232,700;MWH;98,4620;EUR;EDF_TR;MATCHED
BO903359;D2603577;25/11/2025;PWR_FR;S;01/04/2027;30/06/2027;183,800;MWH;79,9410;EUR;TOTALE;MATCHED
BO901311;D2601392;07/08/2025;NG_PEG;S;01/04/2027;30/06/2027;226,600;MWH;29,3130;EUR;ICE_EN;MATCHED
BO905987;D2606381;17/10/2025;PWR_FR;S;01/01/2027;31/01/2027;856,700;MWH;113,4060;EUR;TOTALE;MATCHED
BO907232;D2607694;15/09/2025;PWR_FR;B;01/01/2027;31/01/2027;28,500;MWH;89,3020;EUR;UNIPER;CXL
BO906443;D2606862;09/09/2025;NG_PEG;S;01/01/2027;31/01/2027;824,600;MWH;43,2820;EUR;SHELL_;MATCHED
BO902172;D2602308;01/08/2025;PWR_FR;S;01/11/2027;30/11/2027;88,400;MWH;79,3010;EUR;MERCUR;MATCHED
BO902826;D2603013;17/06/2025;PWR_FR;B;01/05/2027;31/05/2027;228,500;MWH;77,0090;EUR;EDF_TR;MATCHED
BO901350;D2601433;16/01/2026;PWR_FR;S;01/12/2026;28/02/2027;77,000;MWH;105,0280;EUR;STATKR;MATCHED
BO908434;D2608974;26/11/2025;PWR_FR;S;01/06/2027;30/06/2027;168,100;MWH;60,8410;EUR;ICE_EN;MATCHED
BO901703;D2601811;21/01/2026;PWR_FR;S;01/04/2026;30/04/2026;98,200;MWH;73,8620;EUR;VITOL;MATCHED
BO904970;D2605296;19/08/2025;PWR_FR;B;01/01/2027;31/01/2027;217,900;MWH;101,2700;EUR;VITOL;MATCHED
BO907280;D2607744;08/07/2026;PWR_FR;B;01/08/2027;31/07/2028;339,700;MWH;63,4260;EUR;STATKR;MATCHED
BO905852;D2606240;26/05/2026;NG_PEG;B;01/10/2027;31/10/2027;109,300;MWH;32,3340;EUR;MERCUR;MATCHED
BO907360;D2607829;18/12/2025;NG_PEG;S;01/06/2027;30/06/2027;79,200;MWH;26,3290;EUR;GUNVOR;MATCHED
BO906286;D2606697;15/05/2026;NG_PEG;B;01/04/2026;30/04/2026;186,100;MWH;33,7770;EUR;MERCUR;MATCHED
BO903831;D2604072;16/07/2025;NG_PEG;B;01/05/2027;31/05/2027;289,400;MWH;37,9550;EUR;MERCUR;MATCHED
BO900428;D2600453;13/11/2025;NG_PEG;B;01/09/2026;30/09/2026;221,100;MWH;25,2160;EUR;RWE;MATCHED
BO905703;D2606084;24/04/2026;NG_PEG;B;01/08/2027;31/08/2027;46,200;MWH;23,8760;EUR;SHELL_;MATCHED
BO906770;D2607203;24/12/2025;NG_PEG;S;01/05/2026;31/05/2026;205,500;MWH;31,8290;EUR;STATKR;MATCHED
BO908793;D2607057;13/01/2026;NG_PEG;B;01/01/2027;31/03/2027;175,700;MWH;32,5770;EUR;STATKR;MATCHED
BO905034;D2605363;01/09/2025;PWR_FR;S;01/01/2026;31/12/2026;89,500;MWH;113,9010;EUR;AXPO;MATCHED
BO908279;D2608813;20/01/2026;PWR_FR;B;01/03/2027;31/03/2027;452,400;MWH;90,8520;EUR;MERCUR;MATCHED
BO905372;D2605729;16/09/2025;NG_PEG;S;01/07/2026;31/07/2026;254,700;MWH;18,6780;EUR;ICE_EN;MATCHED
BO905984;D2606378;25/11/2025;PWR_FR;B;01/10/2027;31/12/2027;80,200;MWH;72,5470;EUR;EEX_CL;MATCHED
BO901564;D2601666;22/05/2026;NG_PEG;B;01/12/2027;29/02/2028;404,600;MWH;38,5640;EUR;SHELL_;MATCHED
BO903771;D2604009;20/03/2026;PWR_FR;S;01/01/2026;31/01/2026;247,100;MWH;96,2300;EUR;STATKR;MATCHED
BO904456;D2604740;04/08/2025;NG_PEG;S;01/06/2027;31/08/2027;87,900;MWH;26,6460;EUR;TOTALE;MATCHED
BO900634;D2600674;10/02/2026;PWR_FR;B;01/05/2027;31/05/2027;253,800;MWH;69,6470;EUR;ICE_EN;CXL
BO902031;D2602161;21/04/2026;PWR_FR;S;01/08/2027;31/08/2027;136,300;MWH;61,2650;EUR;MERCUR;MATCHED
BO908284;D2608818;18/09/2025;NG_PEG;B;01/02/2026;28/02/2026;74,600;MWH;31,1820;EUR;TOTALE;MATCHED
BO902942;D2603137;20/04/2026;PWR_FR;B;01/03/2026;31/03/2026;171,300;MWH;73,6650;EUR;STATKR;MATCHED
BO903629;D2603857;15/07/2025;NG_PEG;S;01/04/2026;30/04/2026;93,100;MWH;31,6060;EUR;EDF_TR;MATCHED
BO900945;D2600998;24/07/2025;PWR_FR;S;01/07/2027;30/09/2027;936,200;MWH;70,6760;EUR;AXPO;MATCHED
BO904054;D2604311;31/12/2025;PWR_FR;S;01/01/2026;31/12/2026;64,900;MWH;75,7490;EUR;VITOL;MATCHED
BO905298;D2605649;23/07/2025;PWR_FR;B;01/12/2026;31/12/2026;418,000;MWH;93,9520;EUR;MERCUR;MATCHED
BO907880;D2608387;02/02/2026;NG_PEG;B;01/05/2026;31/07/2026;298,100;MWH;29,3440;EUR;EEX_CL;MATCHED
BO901566;D2601668;10/07/2025;NG_PEG;B;01/02/2027;28/02/2027;176,400;MWH;27,3990;EUR;EDF_TR;MATCHED
BO900483;D2600514;05/06/2025;NG_PEG;S;01/06/2027;30/06/2027;146,100;MWH;25,2690;EUR;AXPO;MATCHED
BO907072;D2607523;14/04/2026;NG_PEG;B;01/05/2026;31/05/2026;237,800;MWH;26,7890;EUR;VITOL;MATCHED
BO907622;D2608108;11/06/2025;NG_PEG;B;01/06/2027;31/08/2027;518,200;MWH;19,1870;EUR;EEX_CL;MATCHED
BO901164;D2601240;04/12/2025;NG_PEG;B;01/07/2026;31/07/2026;146,900;MWH;21,6520;EUR;EDF_TR;MATCHED
BO908921;D2607452;22/04/2026;PWR_FR;B;01/11/2027;31/01/2028;691,000;MWH;88,0740;EUR;RWE;MATCHED
BO904771;D2605084;25/07/2025;PWR_FR;S;01/03/2026;31/03/2026;218,700;MWH;62,4480;EUR;VITOL;MATCHED
BO907288;D2607754;11/02/2026;NG_PEG;S;01/05/2026;31/05/2026;97,100;MWH;27,5030;EUR;EDF_TR;MATCHED
BO902655;D2602821;01/05/2026;PWR_FR;S;01/07/2026;30/09/2026;38,200;MWH;60,5830;EUR;EEX_CL;MATCHED
BO906507;D2606927;25/11/2025;PWR_FR;S;01/02/2027;30/04/2027;286,800;MWH;105,0850;EUR;MERCUR;MATCHED
BO901704;D2601812;11/02/2026;NG_PEG;S;01/10/2026;31/10/2026;407,600;MWH;31,3750;EUR;ICE_EN;MATCHED
BO903354;D2603572;23/02/2026;PWR_FR;S;01/09/2026;30/09/2026;273,900;MWH;80,6070;EUR;AXPO;MATCHED
BO905481;D2605846;08/09/2025;NG_PEG;B;01/08/2026;31/08/2026;332,900;MWH;21,7200;EUR;UNIPER;MATCHED
BO907487;D2607960;10/11/2025;NG_PEG;B;01/03/2027;31/03/2027;328,000;MWH;41,4310;EUR;VITOL;MATCHED
BO901947;D2602074;25/08/2025;PWR_FR;S;01/10/2026;31/12/2026;206,800;MWH;93,8880;EUR;RWE;MATCHED
BO904049;D2604306;17/11/2025;NG_PEG;B;01/04/2027;30/04/2027;139,300;MWH;31,2940;EUR;STATKR;MATCHED
BO902609;D2602775;24/06/2026;PWR_FR;B;01/03/2027;31/05/2027;600,200;MWH;89,3010;EUR;MERCUR;MATCHED
BO903593;D2603819;23/03/2026;PWR_FR;B;01/08/2027;31/10/2027;220,300;MWH;63,3231;EUR;SHELL_;MATCHED
BO906628;D2607053;17/03/2026;PWR_FR;B;01/11/2027;30/11/2027;62,000;MWH;85,1050;EUR;GUNVOR;MATCHED
BO901661;D2601768;23/07/2026;PWR_FR;B;01/06/2027;30/06/2027;284,600;MWH;68,9940;EUR;ICE_EN;MATCHED
BO908887;D2601704;23/07/2025;PWR_FR;S;01/08/2026;31/10/2026;344,700;MWH;69,5510;EUR;EEX_CL;MATCHED
BO901298;D2601377;06/01/2026;PWR_FR;B;01/01/2027;31/12/2027;292,200;MWH;89,6560;EUR;ICE_EN;MATCHED
BO904259;D2604527;20/10/2025;NG_PEG;S;01/07/2027;30/09/2027;112,500;MWH;24,6670;EUR;GUNVOR;MATCHED
BO902946;D2603141;25/06/2026;NG_PEG;S;01/10/2026;31/12/2026;445,400;MWH;25,7750;EUR;AXPO;MATCHED
BO903807;D2604047;03/06/2026;PWR_FR;B;01/03/2027;31/03/2027;517,900;MWH;90,0740;EUR;UNIPER;MATCHED
BO906776;D2607209;31/07/2025;PWR_FR;B;01/06/2027;31/08/2027;76,900;MWH;50,5410;EUR;EDF_TR;MATCHED
BO902502;D2602659;15/09/2025;NG_PEG;S;01/05/2026;31/05/2026;656,700;MWH;26,3020;EUR;UNIPER;MATCHED
BO908913;D2602429;11/06/2026;PWR_FR;S;01/07/2027;31/07/2027;307,700;MWH;49,6340;EUR;STATKR;MATCHED
BO901257;D2601335;03/07/2026;PWR_FR;B;01/04/2027;30/04/2027;201,900;MWH;75,0000;EUR;STATKR;MATCHED
BO902931;D2603126;20/01/2026;PWR_FR;B;01/06/2026;31/05/2027;158,400;MWH;71,6090;EUR;STATKR;MATCHED
BO906757;D2607190;31/03/2026;NG_PEG;S;01/11/2026;30/11/2026;225,300;MWH;24,7050;EUR;VITOL;MATCHED
BO908521;D2605077;14/10/2025;NG_PEG;B;01/11/2026;31/01/2027;681,300;MWH;36,1310;EUR;EDF_TR;CXL
BO902503;D2602660;17/04/2026;PWR_FR;B;01/04/2026;30/06/2026;353,900;MWH;82,8600;EUR;STATKR;MATCHED
BO904736;D2605045;24/04/2026;PWR_FR;B;01/02/2026;30/04/2026;643,400;MWH;81,8870;EUR;STATKR;MATCHED
BO905579;D2605949;25/09/2025;PWR_FR;B;01/07/2027;30/09/2027;113,900;MWH;55,1530;EUR;RWE;MATCHED
BO902528;D2602689;21/08/2025;NG_PEG;S;01/06/2026;30/06/2026;3591,400;MWH;20,9950;EUR;TOTALE;CXL
BO906532;D2606954;23/10/2025;NG_PEG;B;01/02/2027;28/02/2027;1378,200;MWH;28,4170;EUR;EDF_TR;MATCHED
BO906575;D2606998;21/07/2026;PWR_FR;S;01/09/2027;30/09/2027;103,800;MWH;57,0470;EUR;EDF_TR;MATCHED
BO906197;D2606602;08/08/2025;PWR_FR;S;01/04/2027;31/03/2028;149,000;MWH;73,0690;EUR;SHELL_;MATCHED
BO905997;D2606391;11/02/2026;PWR_FR;B;01/01/2027;31/01/2027;127900,000;KWH;101,0570;EUR;AXPO;MATCHED
BO904274;D2604543;19/06/2025;PWR_FR;B;01/11/2027;31/01/2028;414,400;MWH;96,3980;EUR;MERCUR;MATCHED
BO990052;D9500052;26/01/2026;PWR_FR;B;01/09/2027;30/09/2027;137,000;MWH;71,2290;EUR;EEX_CL;MATCHED
BO907462;D2607935;03/12/2025;PWR_FR;B;01/02/2027;30/04/2027;165,500;MWH;91,0290;EUR;SHELL_;MATCHED
BO905839;D2606227;22/12/2025;NG_PEG;B;01/07/2027;31/07/2027;1094,900;MWH;28,8170;EUR;VITOL;MATCHED
BO907328;D2607796;28/10/2025;PWR_FR;B;01/11/2027;30/11/2027;1307,400;MWH;90,0660;EUR;MERCUR;MATCHED
BO901224;D2601301;02/09/2025;NG_PEG;B;01/04/2026;30/06/2026;167,200;MWH;35,4400;EUR;STATKR;MATCHED
BO904786;D2605101;11/07/2025;PWR_FR;B;01/11/2026;30/11/2026;577,600;MWH;73,8260;EUR;UNIPER;MATCHED
BO902888;D2603081;06/07/2026;NG_PEG;B;01/05/2027;30/04/2028;241,900;MWH;32,8840;EUR;SHELL_;MATCHED
BO903835;D2604076;03/07/2026;NG_PEG;B;01/01/2027;31/01/2027;927,700;MWH;39,0650;EUR;VITOL;MATCHED
BO905610;D2605983;28/10/2025;PWR_FR;S;01/10/2027;30/09/2028;193,700;MWH;93,1330;EUR;GUNVOR;MATCHED
BO902345;D2602491;05/05/2026;NG_PEG;B;01/08/2026;31/08/2026;134,100;MWH;23,5380;EUR;EEX_CL;MATCHED
BO908424;D2608964;15/01/2026;PWR_FR;S;01/05/2027;31/07/2027;597,400;MWH;71,5470;EUR;AXPO;MATCHED
BO901305;D2601385;25/07/2025;NG_PEG;B;01/11/2027;31/10/2028;367,000;MWH;36,6500;EUR;TOTALE;MATCHED
BO904419;D2604700;10/06/2026;PWR_FR;S;01/09/2027;30/11/2027;160,500;MWH;78,7780;EUR;GUNVOR;MATCHED
BO907506;D2607980;24/11/2025;NG_PEG;S;01/05/2027;31/05/2027;437,000;MWH;23,9310;EUR;MERCUR;MATCHED
BO907975;D2608489;09/09/2025;PWR_FR;S;01/07/2026;30/09/2026;68,800;MWH;58,4480;EUR;ICE_EN;CXL
BO904791;D2605106;21/11/2025;PWR_FR;B;01/10/2026;31/10/2026;554,100;MWH;92,5890;EUR;RWE;MATCHED
BO904561;D2604852;07/07/2026;PWR_FR;B;01/12/2027;31/12/2027;373,100;MWH;86,3480;EUR;ICE_EN;MATCHED
BO900272;D2600288;13/06/2025;PWR_FR;S;01/07/2027;30/09/2027;346,500;MWH;62,7680;EUR;MERCUR;MATCHED
BO903064;D2603268;19/03/2026;NG_PEG;B;01/03/2027;31/05/2027;75,000;MWH;36,0790;EUR;TOTALE;MATCHED
BO901934;D2602061;03/07/2025;PWR_FR;S;01/09/2026;30/11/2026;192,800;MWH;61,8380;EUR;STATKR;MATCHED
BO901015;D2601077;06/05/2026;PWR_FR;S;01/04/2027;31/03/2028;281,200;MWH;71,1800;EUR;AXPO;MATCHED
BO900121;D2600129;23/09/2025;PWR_FR;B;01/06/2027;30/06/2027;97,400;MWH;62,8780;EUR;TOTALE;MATCHED
BO900275;D2600291;05/06/2025;PWR_FR;S;01/02/2027;31/01/2028;30,800;MWH;92,2120;EUR;TOTALE;MATCHED
BO906238;D2606647;23/06/2025;NG_PEG;B;01/02/2027;28/02/2027;313,900;MWH;37,6820;EUR;EEX_CL;MATCHED
BO902481;D2602635;07/01/2026;NG_PEG;B;01/11/2027;30/11/2027;210,800;MWH;35,1270;EUR;STATKR;MATCHED
BO905970;D2606364;28/01/2026;PWR_FR;B;01/03/2026;28/02/2027;416,600;MWH;89,9560;EUR;GUNVOR;MATCHED
BO900240;D2600254;02/06/2025;PWR_FR;B;01/07/2027;30/09/2027;337,300;MWH;71,5290;EUR;RWE;MATCHED
BO900850;D2600898;22/04/2026;PWR_FR;B;01/05/2026;31/07/2026;150,400;MWH;71,9880;EUR;ICE_EN;MATCHED
BO906113;D2606513;28/01/2026;NG_PEG;S;01/07/2026;31/07/2026;40,000;MWH;27,6790;EUR;STATKR;MATCHED
BO908248;D2608779;30/01/2026;PWR_FR;B;01/04/2026;30/04/2026;368,900;MWH;82,7910;EUR;EDF_TR;MATCHED
BO905305;D2605658;18/06/2026;NG_PEG;B;01/01/2027;31/01/2027;522,700;MWH;43,6330;EUR;EEX_CL;MATCHED
BO902484;D2602639;08/06/2026;PWR_FR;B;01/08/2026;31/08/2026;55,200;MWH;66,1270;EUR;EEX_CL;MATCHED
BO901124;D2601198;04/11/2025;NG_PEG;S;01/06/2027;30/06/2027;382,900;MWH;26,1590;EUR;VITOL;MATCHED
BO907544;D2608019;23/02/2026;PWR_FR;S;01/05/2027;31/05/2027;377,700;MWH;91,2040;EUR;SHELL_;MATCHED
BO902628;D2602794;27/11/2025;NG_PEG;S;01/06/2026;30/06/2026;320,700;MWH;28,3950;EUR;EEX_CL;MATCHED
BO907772;D2608265;18/06/2025;NG_PEG;S;01/07/2026;31/07/2026;57,300;MWH;23,7470;EUR;SHELL_;MATCHED
BO903099;D2603305;16/07/2025;PWR_FR;B;01/08/2027;31/10/2027;172,900;MWH;70,0020;EUR;ICE_EN;MATCHED
BO904960;D2605286;28/10/2025;PWR_FR;B;01/06/2027;31/08/2027;120,400;MWH;68,4510;EUR;MERCUR;MATCHED
BO903627;D2603855;28/08/2025;PWR_FR;B;01/06/2026;31/08/2026;234,000;MWH;69,8910;EUR;MERCUR;MATCHED
BO903082;D2603287;15/04/2026;NG_PEG;B;01/10/2027;31/12/2027;329,700;MWH;31,9460;EUR;AXPO;MATCHED
BO903397;D2603615;31/07/2025;PWR_FR;S;01/06/2026;31/08/2026;250,200;MWH;69,0700;EUR;AXPO;MATCHED
BO903319;D2603537;19/12/2025;PWR_FR;B;01/11/2026;30/11/2026;131,700;MWH;78,9370;EUR;GUNVOR;MATCHED
BO901038;D2601103;04/09/2025;NG_PEG;B;01/08/2026;31/10/2026;161,400;MWH;26,7820;EUR;GUNVOR;MATCHED
BO906584;D2607009;09/10/2025;PWR_FR;S;01/11/2026;31/10/2027;408,700;MWH;71,4500;EUR;GUNVOR;MATCHED
BO901500;D2601595;13/08/2025;PWR_FR;B;01/02/2026;28/02/2026;549,700;MWH;90,8460;EUR;VITOL;MATCHED
BO908796;D2605258;23/07/2025;NG_PEG;S;01/01/2026;31/03/2026;59,000;MWH;38,3810;EUR;TOTALE;MATCHED
BO906923;D2607366;17/11/2025;PWR_FR;B;01/10/2027;31/12/2027;878,000;MWH;66,9430;EUR;ICE_EN;MATCHED
BO901574;D2601676;24/02/2026;PWR_FR;S;01/09/2027;30/09/2027;380,200;MWH;74,4910;EUR;UNIPER;MATCHED
BO908196;D2608724;13/08/2025;PWR_FR;B;01/10/2027;31/10/2027;182,200;MWH;75,6560;EUR;GUNVOR;MATCHED
BO907679;D2608166;18/06/2026;PWR_FR;B;01/12/2026;31/12/2026;88,100;MWH;94,3140;EUR;UNIPER;MATCHED
BO900102;D2600107;23/10/2025;PWR_FR;B;01/03/2026;31/03/2026;89,500;MWH;78,3340;EUR;RWE;MATCHED
BO904072;D2604330;15/04/2026;NG_PEG;B;01/04/2027;30/06/2027;97,600;MWH;27,7280;EUR;MERCUR;MATCHED
BO905376;D2605733;23/07/2026;PWR_FR;B;01/04/2027;30/04/2027;217,800;MWH;83,5570;EUR;ICE_EN;MATCHED
BO904504;D2604790;06/06/2025;NG_PEG;B;01/06/2026;30/06/2026;233,300;MWH;32,1700;EUR;TOTALE;MATCHED
BO903288;D2603505;17/07/2025;PWR_FR;B;01/12/2026;31/12/2026;209,800;MWH;81,3230;EUR;VITOL;MATCHED
BO908794;D2604556;09/02/2026;PWR_FR;S;01/10/2027;31/10/2027;46,300;MWH;85,9550;EUR;SHELL_;MATCHED
BO904525;D2604814;06/05/2026;PWR_FR;S;01/02/2027;30/04/2027;156,200;MWH;93,7880;EUR;TOTALE;MATCHED
BO902907;D2603101;22/07/2026;PWR_FR;B;01/07/2027;30/09/2027;269,800;MWH;60,2910;EUR;ICE_EN;MATCHED
BO907198;D2607656;16/03/2026;NG_PEG;B;01/10/2027;31/10/2027;288,100;MWH;33,2260;EUR;EDF_TR;MATCHED
BO904789;D2605104;24/06/2025;PWR_FR;B;01/05/2026;31/05/2026;99,900;MWH;76,2590;EUR;RWE;MATCHED
BO902382;D2602534;27/08/2025;NG_PEG;B;01/01/2026;31/03/2026;95,100;MWH;39,8150;EUR;VITOL;MATCHED
BO903469;D2603687;09/12/2025;PWR_FR;B;01/12/2027;29/02/2028;121,600;MWH;104,5570;EUR;ICE_EN;CXL
BO900075;D2600080;14/01/2026;PWR_FR;B;01/02/2026;30/04/2026;18,800;MWH;79,4880;EUR;TOTALE;MATCHED
BO900920;D2600972;12/06/2026;NG_PEG;B;01/07/2027;30/09/2027;200,200;MWH;24,0680;EUR;AXPO;MATCHED
BO900625;D2600665;06/04/2026;PWR_FR;S;01/08/2026;31/08/2026;624,200;MWH;59,1860;EUR;VITOL;MATCHED
BO902653;D2602819;13/11/2025;NG_PEG;S;01/07/2026;30/09/2026;285,100;MWH;21,6040;EUR;GUNVOR;MATCHED
BO908260;D2608792;10/06/2025;PWR_FR;B;01/11/2027;30/11/2027;340,900;MWH;75,6340;EUR;TOTALE;MATCHED
BO900001;D02600001;27/05/2026;NG_PEG;S;01/09/2026;30/09/2026;61,100;MWH;22,5230;EUR;VITOL;MATCHED
BO907343; D2607812;02/02/2026;NG_PEG;B;01/01/2027;31/03/2027;113,300;MWH;41,6840;EUR;MERCUR;MATCHED
BO900311;D2600330;24/07/2025;NG_PEG;B;01/05/2027;31/05/2027;273,500;MWH;26,6040;EUR;TOTALE;MATCHED
BO906643;D2607071;29/12/2025;NG_PEG;S;01/06/2026;30/06/2026;129,900;MWH;26,0400;EUR;RWE;MATCHED
BO903219;D2603432;27/11/2025;PWR_FR;B;01/03/2027;29/02/2028;631,500;MWH;93,2430;EUR;RWE;MATCHED
BO904382;D2604659;17/12/2025;PWR_FR;B;01/04/2026;30/06/2026;213,600;MWH;72,3940;EUR;AXPO;MATCHED
BO904301;D2604572;23/06/2026;PWR_FR;S;01/08/2027;31/08/2027;92,600;MWH;65,0770;EUR;EEX_CL;MATCHED
BO900719;D2600761;25/12/2025;PWR_FR;S;01/10/2027;31/10/2027;569,000;MWH;78,2880;EUR;MERCUR;MATCHED
BO903129;D2603336;02/01/2026;PWR_FR;B;01/03/2027;31/03/2027;322,600;MWH;83,7620;EUR;RWE;MATCHED
BO907264;D2607728;06/01/2026;NG_PEG;B;01/06/2026;31/08/2026;341,400;MWH;24,1420;EUR;ICE_EN;CXL
BO906414;D2606832;21/07/2026;NG_PEG;S;01/08/2026;31/08/2026;97,000;MWH;19,3870;EUR;VITOL;MATCHED
BO908879;D2600067;27/01/2026;PWR_FR;B;01/01/2027;31/01/2027;158,900;MWH;99,2160;EUR;AXPO;MATCHED
BO902756;D2602935;10/10/2025;PWR_FR;B;01/03/2027;31/03/2027;202,600;MWH;99,1200;EUR;GUNVOR;MATCHED
BO908202;D2608731;30/01/2026;NG_PEG;S;01/10/2027;31/10/2027;961,500;MWH;29,5010;EUR;EDF_TR;MATCHED
BO901460;D2601552;24/12/2025;PWR_FR;B;01/07/2027;30/09/2027;101,200;MWH;58,8560;EUR;SHELL_;MATCHED
BO907708;D2608197;25/02/2026;PWR_FR;B;01/05/2027;31/07/2027;113,300;MWH;68,7630;EUR;SHELL_;MATCHED
BO905909;D2606297;03/07/2026;NG_PEG;B;01/06/2026;30/06/2026;211,500;MWH;25,6570;EUR;SHELL_;MATCHED
BO901027;D2601090;09/06/2025;NG_PEG;B;01/03/2026;31/03/2026;881,100;MWH;38,2560;EUR;UNIPER;MATCHED
BO907194;D2607652;24/09/2025;NG_PEG;S;01/04/2027;30/06/2027;163,500;MWH;26,5430;EUR;AXPO;MATCHED
BO904336;D2604610;26/12/2025;NG_PEG;S;01/09/2026;30/09/2026;128,800;MWH;25,4300;EUR;EEX_CL;MATCHED
BO990044;D9500044;25/09/2025;PWR_FR;S;01/12/2026;31/12/2026;456,100;MWH;96,2650;EUR;SHELL_;MATCHED
BO901324;D2601406;15/12/2025;PWR_FR;B;01/08/2027;31/10/2027;346,400;MWH;52,8170;EUR;STATKR;MATCHED
BO904963;D2605289;03/02/2026;NG_PEG;B;01/12/2027;31/12/2027;122,700;MWH;31,3510;EUR;RWE;CXL
BO905798;D2606184;06/04/2026;PWR_FR;S;01/11/2027;30/11/2027;1451,700;MWH;101,3290;EUR;UNIPER;MATCHED
BO902047;D2602178;02/03/2026;NG_PEG;S;01/07/2026;30/09/2026;410,600;MWH;24,0800;EUR;RWE;MATCHED
BO902699;D2602871;30/04/2026;NG_PEG;B;01/11/2027;30/11/2027;306,400;MWH;26,0970;EUR;EEX_CL;MATCHED
BO905567;D2605936;16/03/2026;NG_PEG;S;01/01/2026;31/01/2026;38,800;MWH;41,2580;EUR;SHELL_;MATCHED
BO906573;D2606996;25/06/2026;NG_PEG;B;01/08/2027;31/08/2027;707,200;MWH;30,7210;EUR;EDF_TR;MATCHED
BO901925;D2602051;15/05/2026;PWR_FR;S;01/06/2027;30/06/2027;128,400;MWH;63,9890;EUR;TOTALE;MATCHED
BO900770;D2600812;24/06/2026;PWR_FR;S;01/02/2026;30/04/2026;34,100;MWH;94,9820;EUR;SHELL_;MATCHED
BO903935;D2604181;23/06/2026;PWR_FR;B;01/04/2027;30/04/2027;97,000;MWH;87,2860;EUR;MERCUR;MATCHED
BO908952;D2608061;10/11/2025;NG_PEG;B;01/08/2026;31/08/2026;164,500;MWH;22,9380;EUR;RWE;MATCHED
BO906279;D2606690;01/10/2025;PWR_FR;B;01/04/2026;30/04/2026;195,100;MWH;73,2980;EUR;MERCUR;MATCHED
BO907631;D2608117;09/12/2025;PWR_FR;B;01/12/2027;31/12/2027;143,200;MWH;101,3530;EUR;MERCUR;MATCHED
BO902592;D2602758;23/12/2025;PWR_FR;S;01/05/2026;31/05/2026;657,800;MWH;66,4220;EUR;TOTALE;MATCHED
BO901583;D2601687;15/05/2026;PWR_FR;B;01/11/2027;31/01/2028;71,600;MWH;77,8500;EUR;VITOL;MATCHED
BO901486;D2601580;01/06/2026;NG_PEG;B;01/09/2027;30/09/2027;146,200;MWH;31,3130;EUR;EDF_TR;MATCHED
BO901813;D2601929;04/07/2025;PWR_FR;B;01/05/2027;31/05/2027;240,100;MWH;60,2160;EUR;ICE_EN;MATCHED
BO907850;D2608351;15/04/2026;PWR_FR;B;01/09/2027;30/09/2027;233,500;MWH;68,6920;EUR;GUNVOR;MATCHED
BO902258;D2602398;06/05/2026;PWR_FR;B;01/06/2026;30/06/2026;35,600;MWH;70,4380;EUR;VITOL;MATCHED
BO903920;D2604165;24/09/2025;NG_PEG;S;01/12/2026;31/12/2026;134,300;MWH;39,9410;EUR;AXPO;MATCHED
BO907223;D2607684;07/11/2025;PWR_FR;S;01/11/2026;31/10/2027;196,000;MWH;82,6460;EUR;VITOL;MATCHED
BO905615;D2605990;25/03/2026;PWR_FR;B;01/05/2027;31/07/2027;98,600;MWH;76,4240;EUR;STATKR;MATCHED
BO906165;D2606566;02/04/2026;PWR_FR;B;01/02/2027;28/02/2027;396,200;MWH;94,9830;EUR;VITOL;MATCHED
BO902012;D2602142;01/07/2026;NG_PEG;S;01/04/2026;30/04/2026;251,800;MWH;31,1750;EUR;EEX_CL;MATCHED
BO903634;D2603863;20/03/2026;NG_PEG;B;01/12/2027;29/02/2028;445,600;MWH;32,6950;EUR;TOTALE;MATCHED
BO906323;D2606737;16/06/2025;PWR_FR;B;01/03/2027;31/03/2027;921,300;MWH;85,3280;EUR;UNIPER;MATCHED
BO904031;D2604285;25/07/2025;NG_PEG;B;01/09/2027;30/09/2027;270,600;MWH;27,1730;EUR;VITOL;MATCHED
BO903992;D2604243;04/06/2026;NG_PEG;B;01/01/2026;31/01/2026;474,100;MWH;37,5180;EUR;GUNVOR;MATCHED
BO906379;D2606794;28/04/2026;NG_PEG;S;01/01/2027;31/01/2027;383,500;MWH;32,4940;EUR;STATKR;MATCHED
BO901768;D2601877;13/10/2025;PWR_FR;B;01/01/2027;31/01/2027;501,700;MWH;95,7050;EUR;TOTALE;MATCHED
BO908358;D2608895;16/06/2025;NG_PEG;B;01/04/2027;30/04/2027;114,200;MWH;36,1930;EUR;MERCUR;MATCHED
BO904979;D2605305;12/08/2025;NG_PEG;B;01/08/2027;31/10/2027;196,700;MWH;27,4520;EUR;TOTALE;MATCHED
BO907613;D2608097;30/04/2026;PWR_FR;B;01/03/2026;31/05/2026;812,200;MWH;69,7460;EUR;ICE_EN;MATCHED
BO904937;D2605262;18/02/2026;NG_PEG;S;01/10/2026;31/10/2026;153,000;MWH;33,9270;EUR;UNIPER;MATCHED
BO907402;D2607875;19/09/2025;NG_PEG;B;01/04/2027;30/04/2027;353,200;MWH;25,9420;EUR;RWE;MATCHED
BO905269;D2605616;19/01/2026;PWR_FR;B;01/09/2026;30/11/2026;513,200;MWH;69,6300;EUR;SHELL_;MATCHED
BO907383;D2607854;03/03/2026;PWR_FR;B;01/12/2026;31/12/2026;633,200;MWH;101,5950;EUR;VITOL;MATCHED
BO905588;D2605958;10/06/2026;PWR_FR;S;01/07/2026;31/07/2026;447,300;MWH;65,1010;EUR;UNIPER;MATCHED
BO903542;D2603763;20/02/2026;NG_PEG;B;01/08/2026;31/08/2026;1811,300;MWH;26,0930;EUR;TOTALE;MATCHED
BO905516;D2605883;30/03/2026;PWR_FR;B;01/01/2026;31/01/2026;298,600;MWH;121,2690;EUR;AXPO;MATCHED
BO905948;D2606339;02/06/2026;PWR_FR;S;01/11/2027;30/11/2027;82,200;MWH;85,8290;EUR;MERCUR;MATCHED
BO904820;D2605137;31/03/2026;PWR_FR;B;01/06/2027;30/06/2027;423,000;MWH;52,9150;EUR;GUNVOR;MATCHED
BO907920;D2608433;13/03/2026;NG_PEG;B;01/03/2026;31/03/2026;111,000;MWH;41,0560;EUR;RWE;MATCHED
BO903188;D2603399;17/06/2025;PWR_FR;B;01/04/2026;30/04/2026;131,000;MWH;83,7560;EUR;EDF_TR;MATCHED
BO904444;D2604726;20/08/2025;PWR_FR;B;01/04/2027;30/04/2027;203,000;MWH;78,2900;EUR;TOTALE;MATCHED
BO906701;D2607133;26/12/2025;NG_PEG;B;01/06/2027;30/06/2027;118,400;MWH;23,2680;EUR;MERCUR;MATCHED
BO905212;D2605553;04/09/2025;PWR_FR;B;01/07/2027;31/07/2027;259,200;MWH;60,2250;EUR;VITOL;MATCHED
BO907119;D2607575;22/06/2026;NG_PEG;B;01/03/2026;31/03/2026;302,500;MWH;38,5340;EUR;VITOL;MATCHED
BO904890;D2605212;11/07/2025;NG_PEG;S;01/09/2026;30/09/2026;156,000;MWH;32,2050;EUR;EEX_CL;MATCHED
BO908885;D2603069;19/03/2026;PWR_FR;S;01/03/2027;31/05/2027;422,600;MWH;87,8200;EUR;STATKR;MATCHED
BO907583;D2608066;18/08/2025;PWR_FR;B;01/06/2027;30/06/2027;59,400;MWH;65,1270;EUR;EDF_TR;MATCHED
BO902962;D2603158;04/07/2025;PWR_FR;B;01/11/2027;30/11/2027;272,000;MWH;86,5650;EUR;STATKR;MATCHED
BO908197;D2608725;27/05/2026;PWR_FR;S;01/02/2027;28/02/2027;151,800;MWH;99,6060;EUR;RWE;MATCHED
BO903383;D2603601;07/07/2025;PWR_FR;B;01/02/2027;30/04/2027;242,100;MWH;86,1880;EUR;SHELL_;MATCHED
BO900617;D2600657;02/07/2026;NG_PEG;S;01/07/2026;31/07/2026;278,200;MWH;24,3110;EUR;TOTALE;MATCHED
BO905384;D2605742;24/07/2026;NG_PEG;B;01/12/2026;31/12/2026;103,400;MWH;33,3110;EUR;EDF_TR;MATCHED
BO904632;D2604928;25/09/2025;NG_PEG;S;01/12/2026;31/12/2026;186,200;MWH;35,7400;EUR;GUNVOR;MATCHED
BO903221;D2603434;23/10/2025;NG_PEG;B;01/02/2026;28/02/2026;158,400;MWH;29,7560;EUR;SHELL_;MATCHED
BO906303;D2606716;09/07/2026;PWR_FR;B;01/05/2026;31/07/2026;187,900;MWH;72,4820;EUR;GUNVOR;MATCHED
BO905685;D2606064;01/07/2026;NG_PEG;S;01/07/2026;30/09/2026;138,800;MWH;18,6590;EUR;TOTALE;MATCHED
BO901970;D2602098;22/07/2025;PWR_FR;S;01/07/2027;31/07/2027;870,900;MWH;66,4710;EUR;SHELL_;MATCHED
BO900316;D2600336;10/02/2026;PWR_FR;S;01/11/2027;31/01/2028;173,200;MWH;86,9487;EUR;ICE_EN;MATCHED
BO901061;D2601129;05/09/2025;PWR_FR;S;01/06/2026;31/08/2026;212,000;MWH;72,1040;EUR;ICE_EN;MATCHED
BO903620;D2603847;14/08/2025;NG_PEG;B;01/10/2026;31/12/2026;201,400;MWH;28,6510;EUR;AXPO;MATCHED
BO900263;D2600278;11/03/2026;NG_PEG;B;01/08/2027;31/08/2027;221,300;MWH;25,8220;EUR;EEX_CL;MATCHED
BO908086;D2608608;03/03/2026;PWR_FR;B;01/02/2026;28/02/2026;166,100;MWH;105,0780;EUR;AXPO;MATCHED
BO906719;D2607151;19/01/2026;PWR_FR;B;01/04/2026;30/06/2026;111,500;MWH;69,3870;EUR;STATKR;MATCHED
BO908807;D2603083;11/03/2026;PWR_FR;S;01/09/2026;30/09/2026;40,600;MWH;61,0670;EUR;TOTALE;MATCHED
BO908201;D2608730;27/04/2026;PWR_FR;B;01/10/2026;31/12/2026;427,000;MWH;81,0670;EUR;VITOL;MATCHED
BO905371;D02605728;16/03/2026;PWR_FR;S;01/08/2027;31/08/2027;186,200;MWH;59,5960;EUR;MERCUR;MATCHED
BO907300;D2607767;10/04/2026;NG_PEG;B;01/03/2026;31/05/2026;73,800;MWH;35,6360;EUR;UNIPER;MATCHED
BO900756;D2600798;08/10/2025;NG_PEG;B;01/10/2027;31/12/2027;288,400;MWH;27,2340;EUR;EEX_CL;MATCHED
BO900288;D2600305;02/10/2025;NG_PEG;S;01/04/2026;30/06/2026;133,600;MWH;31,0080;EUR;MERCUR;MATCHED
BO900494;D2600527;19/02/2026;NG_PEG;B;01/12/2027;31/12/2027;246,700;MWH;33,9570;EUR;ICE_EN;MATCHED
BO907623;D2608109;08/10/2025;PWR_FR;B;01/11/2026;30/11/2026;141,100;MWH;70,3130;EUR;SHELL_;MATCHED
BO903378;D2603596;09/02/2026;NG_PEG;S;01/10/2027;31/12/2027;63,600;MWH;34,4230;EUR;ICE_EN;MATCHED
BO901501;D2601596;13/02/2026;PWR_FR;B;01/05/2026;30/04/2027;306,700;MWH;68,5350;EUR;MERCUR;MATCHED
BO990086;D9500086;14/04/2026;PWR_FR;S;01/09/2027;30/09/2027;394,900;MWH;75,7020;EUR;ICE_EN;MATCHED
BO905103; D2605435;13/03/2026;NG_PEG;B;01/05/2027;31/05/2027;413,100;MWH;28,6220;EUR;ICE_EN;CXL
BO904262;D2604531;14/01/2026;NG_PEG;B;01/03/2027;31/03/2027;86,100;MWH;37,2580;EUR;TOTALE;MATCHED
BO907726;D2608215;15/06/2026;PWR_FR;B;01/06/2027;31/08/2027;499,600;MWH;61,5820;EUR;VITOL;CXL
BO908097;D2608620;04/03/2026;PWR_FR;B;01/12/2027;31/12/2027;402,600;MWH;86,5650;EUR;EEX_CL;MATCHED
BO902366;D2602515;29/01/2026;PWR_FR;B;01/03/2026;31/03/2026;1440,800;MWH;99,7070;EUR;ICE_EN;MATCHED
BO902009;D2602139;03/04/2026;PWR_FR;B;01/06/2027;30/06/2027;345,000;MWH;62,3750;EUR;GUNVOR;MATCHED
BO900773;D2600815;21/01/2026;PWR_FR;S;01/08/2027;31/08/2027;493,700;MWH;71,8620;EUR;MERCUR;MATCHED
BO901627;D2601732;01/09/2025;PWR_FR;B;01/02/2026;28/02/2026;613,800;MWH;84,3460;EUR;EEX_CL;MATCHED
BO908585;D2601918;12/03/2026;NG_PEG;S;01/11/2027;31/10/2028;39,800;MWH;31,1900;EUR;MERCUR;MATCHED
BO908013;D2608532;06/04/2026;NG_PEG;B;01/10/2027;31/10/2027;112,400;MWH;26,3160;EUR;AXPO;CXL
BO906034;D2606429;01/09/2025;NG_PEG;B;01/01/2027;31/12/2027;584,500;MWH;33,1960;EUR;EEX_CL;MATCHED
BO901792;D2601903;07/08/2025;PWR_FR;B;01/01/2027;31/03/2027;236,100;MWH;97,1770;EUR;RWE;MATCHED
BO902805;D2602990;11/07/2025;NG_PEG;S;01/03/2026;31/03/2026;505,400;MWH;33,9350;EUR;STATKR;MATCHED
BO904213;D2604478;30/06/2026;PWR_FR;S;01/09/2026;30/11/2026;504,400;MWH;77,8130;EUR;RWE;MATCHED
BO904062;D2604319;03/11/2025;PWR_FR;B;01/12/2027;31/12/2027;241,500;MWH;96,6140;EUR;ICE_EN;MATCHED
BO902278;D2602420;28/08/2025;PWR_FR;B;01/05/2026;31/05/2026;187,600;MWH;77,2030;EUR;RWE;MATCHED
BO907840;D2608340;18/12/2025;NG_PEG;S;01/12/2026;31/12/2026;126,900;MWH;34,5020;EUR;MERCUR;MATCHED
BO903978;D2604228;02/07/2025;NG_PEG;B;01/10/2026;30/09/2027;201,200;MWH;32,9840;EUR;GUNVOR;MATCHED
BO905505;D2605872;02/07/2026;PWR_FR;B;01/04/2026;30/04/2026;512,300;MWH;89,0490;EUR;RWE;MATCHED
BO904216;D2604481;27/11/2025;PWR_FR;S;01/02/2026;28/02/2026;240,800;MWH;86,1520;EUR;MERCUR;MATCHED
BO901475;D2601569;29/10/2025;NG_PEG;B;01/10/2027;31/10/2027;1262,800;MWH;30,6220;EUR;RWE;MATCHED
BO906358;D2606773;16/07/2026;PWR_FR;S;01/05/2026;31/05/2026;156,100;MWH;70,8810;EUR;TOTALE;MATCHED
BO905983;D2606377;10/06/2025;PWR_FR;S;01/09/2027;30/09/2027;435,200;MWH;75,7490;EUR;TOTALE;MATCHED
BO906817;D2607255;30/07/2025;NG_PEG;S;01/07/2027;31/07/2027;152,900;MWH;21,5360;EUR;MERCUR;MATCHED
BO905517;D2605884;28/08/2025;NG_PEG;S;01/06/2027;30/06/2027;84,400;MWH;23,9480;EUR;ICE_EN;MATCHED
BO905529;D2605897;15/10/2025;PWR_FR;S;01/12/2027;31/12/2027;74,400;MWH;98,7900;EUR;MERCUR;MATCHED
BO901919;D2602044;01/01/2026;PWR_FR;B;01/10/2027;31/10/2027;269,800;MWH;68,6380;EUR;TOTALE;MATCHED
BO904493;D2604779;23/10/2025;PWR_FR;B;01/12/2027;31/12/2027;208,500;MWH;93,9990;EUR;MERCUR;MATCHED
BO905287;D2605638;04/06/2026;NG_PEG;S;01/03/2027;29/02/2028;414,200;MWH;39,1580;EUR;GUNVOR;MATCHED
BO907430;D2607903;27/05/2026;PWR_FR;B;01/03/2026;31/03/2026;82,800;MWH;83,4090;EUR;GUNVOR;MATCHED
BO903743;D2603977;26/02/2026;PWR_FR;B;01/07/2027;30/09/2027;224,500;MWH;71,0340;EUR;UNIPER;MATCHED
BO900890;D2600941;08/05/2026;PWR_FR;B;01/01/2026;31/01/2026;166,700;MWH;108,8530;EUR;ICE_EN;MATCHED
BO901571;D2601673;21/10/2025;NG_PEG;B;01/02/2027;28/02/2027;266,900;MWH;38,9670;EUR;RWE;MATCHED
BO903150;D2603358;16/04/2026;PWR_FR;S;01/04/2027;30/04/2027;99,200;MWH;83,0010;EUR;EDF_TR;MATCHED
BO907441;D2607914;20/05/2026;PWR_FR;B;01/10/2026;31/12/2026;1303,600;MWH;73,1830;EUR;GUNVOR;MATCHED
BO903836;D2604077;01/10/2025;PWR_FR;S;01/02/2027;28/02/2027;37,700;MWH;85,2500;EUR;AXPO;MATCHED
BO900547;D2600583;11/11/2025;PWR_FR;B;01/01/2026;31/01/2026;152,400;MWH;100,8310;EUR;MERCUR;MATCHED
BO903617;D2603844;03/04/2026;NG_PEG;B;01/11/2026;30/11/2026;225,800;MWH;34,4360;EUR;EEX_CL;MATCHED
BO907332;D2607801;16/07/2026;PWR_FR;S;01/11/2026;30/11/2026;921,100;MWH;80,6740;EUR;SHELL_;MATCHED
BO904445;D2604727;26/12/2025;NG_PEG;B;01/09/2027;30/09/2027;176,500;MWH;27,8620;EUR;TOTALE;MATCHED
BO900801;D2600845;01/07/2026;NG_PEG;B;01/02/2027;31/01/2028;632,300;MWH;39,1610;EUR;SHELL_;MATCHED
BO901507;D2601604;07/04/2026;PWR_FR;B;01/08/2027;31/08/2027;104,100;MWH;56,7850;EUR;EDF_TR;MATCHED
BO903310;D2603528;12/02/2026;NG_PEG;S;01/09/2026;30/09/2026;92,400;MWH;29,0170;EUR;AXPO;MATCHED
BO901347;D2601430;25/02/2026;NG_PEG;S;01/11/2027;30/11/2027;856,600;MWH;34,3700;EUR;EEX_CL;MATCHED
BO904691;D2604998;10/06/2026;NG_PEG;S;01/08/2026;31/10/2026;437,200;MWH;23,7420;EUR;RWE;MATCHED
BO901765;D2601874;01/05/2026;PWR_FR;B;01/06/2027;31/08/2027;233,900;MWH;68,6640;EUR;EDF_TR;MATCHED
BO900631;D2600671;17/04/2026;PWR_FR;S;01/06/2027;31/08/2027;299,200;MWH;65,0760;EUR;ICE_EN;MATCHED
BO907744;D2608234;04/07/2025;PWR_FR;B;01/01/2026;31/01/2026;347,800;MWH;99,7260;EUR;STATKR;MATCHED
BO903222;D2603435;17/07/2026;NG_PEG;S;01/01/2027;31/03/2027;171,000;MWH;35,7210;EUR;STATKR;MATCHED
BO901066;D2601134;04/06/2026;PWR_FR;B;01/05/2027;31/05/2027;715,900;MWH;69,3710;EUR;SHELL_;MATCHED
BO906311;D2606724;05/01/2026;PWR_FR;B;01/01/2026;31/01/2026;227,500;MWH;96,6100;EUR;AXPO;MATCHED
BO904039;D2604294;12/06/2025;PWR_FR;B;01/06/2027;30/06/2027;1609,200;MWH;57,6880;EUR;VITOL;MATCHED
BO902370;D2602522;06/01/2026;NG_PEG;S;01/11/2027;31/01/2028;660,600;MWH;32,5160;EUR;UNIPER;MATCHED
BO900443;D2600469;28/07/2025;NG_PEG;B;01/10/2027;31/10/2027;222,100;MWH;35,2600;EUR;VITOL;MATCHED
BO903137;D02603345;04/09/2025;PWR_FR;B;01/11/2027;31/01/2028;149,900;MWH;91,1530;EUR;ICE_EN;MATCHED
BO904751;D2605063;05/01/2026;PWR_FR;S;01/07/2027;31/07/2027;335,900;MWH;65,0300;EUR;STATKR;MATCHED
BO908161;D2608688;09/10/2025;NG_PEG;S;01/12/2026;31/12/2026;562,000;MWH;36,5560;EUR;EEX_CL;MATCHED
BO902846;D2603034;01/07/2025;NG_PEG;S;01/12/2026;31/12/2026;101,000;MWH;44,9760;EUR;GUNVOR;MATCHED
BO904458;D2604742;13/07/2026;NG_PEG;B;01/02/2026;31/01/2027;455,100;MWH;36,2396;EUR;GUNVOR;MATCHED
BO902662;D2602829;15/04/2026;NG_PEG;B;01/12/2027;31/12/2027;119,900;MWH;41,4780;EUR;STATKR;MATCHED
BO907959;D2608472;16/07/2025;PWR_FR;B;01/05/2027;31/07/2027;63,100;MWH;80,2390;EUR;STATKR;MATCHED
BO907680;D2608167;13/01/2026;NG_PEG;B;01/12/2026;31/12/2026;409,300;MWH;38,4200;EUR;EEX_CL;MATCHED
BO907216;D2607676;11/07/2025;PWR_FR;B;01/11/2027;30/11/2027;304,200;MWH;89,2330;EUR;ICE_EN;MATCHED
BO903173;D2603382;23/04/2026;PWR_FR;B;01/03/2026;28/02/2027;105,500;MWH;69,5150;EUR;VITOL;MATCHED
BO905214;D2605555;27/10/2025;PWR_FR;S;01/02/2027;28/02/2027;81,900;MWH;98,6720;EUR;RWE;MATCHED
BO900170;D2600181;07/04/2026;NG_PEG;B;01/05/2026;31/05/2026;61,500;MWH;21,5310;EUR;VITOL;MATCHED
BO902930;D2603125;22/01/2026;NG_PEG;B;01/07/2026;30/09/2026;228,800;MWH;26,0240;EUR;RWE;MATCHED
BO902111;D2602245;03/11/2025;NG_PEG;B;01/01/2026;31/01/2026;172,500;MWH;37,0389;EUR;VITOL;MATCHED
BO904609;D2604903;05/05/2026;NG_PEG;S;01/02/2027;28/02/2027;87,500;MWH;39,6930;EUR;RWE;MATCHED
BO908568;D2604841;01/09/2025;NG_PEG;B;01/01/2027;31/01/2027;44,200;MWH;47,8210;EUR;UNIPER;MATCHED
BO905193;D2605533;13/11/2025;PWR_FR;S;01/06/2027;30/06/2027;205,700;MWH;55,8170;EUR;GUNVOR;MATCHED
BO903408;D2603626;23/06/2026;NG_PEG;B;01/04/2027;30/04/2027;104,200;MWH;33,7450;EUR;ICE_EN;MATCHED
BO904882;D2605204;09/03/2026;NG_PEG;B;01/07/2026;31/07/2026;203,400;MWH;27,3360;EUR;TOTALE;MATCHED
BO901861;D2601981;16/07/2025;PWR_FR;S;01/03/2027;31/05/2027;77,100;MWH;93,3850;EUR;STATKR;MATCHED
BO908297;D2608832;03/02/2026;NG_PEG;S;01/04/2027;30/04/2027;623,100;MWH;23,2500;EUR;GUNVOR;MATCHED
BO907466;D2607939;07/05/2026;PWR_FR;B;01/11/2026;30/11/2026;85,600;MWH;89,0100;EUR;SHELL_;MATCHED
BO907563;D2608042;01/01/2026;PWR_FR;B;01/09/2026;30/11/2026;1432,600;MWH;58,7610;EUR;STATKR;MATCHED
BO908141;D2608668;02/01/2026;NG_PEG;B;01/08/2027;31/08/2027;340,100;MWH;26,8810;EUR;VITOL;MATCHED
BO905860;D2606248;07/11/2025;NG_PEG;B;01/05/2027;31/07/2027;78,600;MWH;22,2540;EUR;RWE;MATCHED
BO904658;D2604957;19/11/2025;PWR_FR;S;01/12/2026;31/12/2026;171,900;MWH;99,0150;EUR;VITOL;MATCHED
BO902878;D2603067;04/11/2025;NG_PEG;S;01/02/2027;30/04/2027;413,500;MWH;30,9680;EUR;EDF_TR;MATCHED
BO905914;D2606302;02/01/2026;NG_PEG;B;01/10/2027;31/10/2027;927,600;MWH;32,1660;EUR;MERCUR;MATCHED
BO901802;D2601915;06/11/2025;PWR_FR;B;01/10/2026;31/10/2026;125,700;MWH;84,9180;EUR;ICE_EN;MATCHED
BO902999;D2603199;13/06/2025;PWR_FR;S;01/01/2027;31/01/2027;261,000;MWH;111,9780;EUR;TOTALE;MATCHED
BO904644;D2604941;13/10/2025;PWR_FR;B;01/04/2027;30/04/2027;74,200;MWH;87,8920;EUR;SHELL_;MATCHED
BO903691;D2603923;17/10/2025;PWR_FR;S;01/10/2027;31/10/2027;1419,100;MWH;76,2530;EUR;ICE_EN;MATCHED
BO908618;D2602952;03/11/2025;NG_PEG;S;01/01/2027;31/01/2027;106,400;MWH;38,3370;EUR;MERCUR;MATCHED
BO906163;D2606564;03/07/2026;NG_PEG;B;01/11/2026;30/11/2026;31,000;MWH;30,6900;EUR;ICE_EN;CXL
BO900414;D2600438;07/05/2026;NG_PEG;S;01/09/2027;30/09/2027;105,100;MWH;26,6540;EUR;MERCUR;MATCHED
BO902225;D2602363;23/03/2026;PWR_FR;B;01/01/2027;31/03/2027;284,300;MWH;70,4220;EUR;STATKR;MATCHED
